{"type": "FeatureCollection", "features": [
{"id":"43b87818-9514-4ba8-a759-2206595d419d","type":"Feature","geometry":{"type":"Polygon","coordinates":[[[-122.4053745,37.7859642],[-122.4054243,37.7860036],[-122.4053782,37.7860404],[-122.4053259,37.786072],[-122.4052704,37.7860997],[-122.405212,37.7861235],[-122.4051512,37.7861432],[-122.405076,37.7861606],[-122.404966,37.7862468],[-122.4050391,37.7862397],[-122.4051112,37.7862275],[-122.4051815,37.7862103],[-122.4052497,37.7861883],[-122.4053152,37.7861616],[-122.4053775,37.7861304],[-122.405436,37.7860951],[-122.4054905,37.7860559],[-122.4056936,37.7858953],[-122.4057656,37.7859522],[-122.4057408,37.7859718],[-122.4055863,37.7860939],[-122.4056334,37.7861311],[-122.4057878,37.786009],[-122.4058802,37.7859361],[-122.4057613,37.7858421],[-122.4061785,37.7855123],[-122.40625,37.7855688],[-122.4062874,37.7855393],[-122.4063546,37.7854863],[-122.4063678,37.7854967],[-122.4063828,37.7854849],[-122.4063977,37.7854731],[-122.4063846,37.7854627],[-122.4064278,37.7854285],[-122.4064749,37.7854657],[-122.4066197,37.7853513],[-122.4068095,37.7852013],[-122.4068652,37.7851573],[-122.406818,37.78512],[-122.4077334,37.7843967],[-122.4078096,37.7844569],[-122.4078479,37.7844267],[-122.4078906,37.784393],[-122.4079678,37.784332],[-122.4080149,37.7842947],[-122.4080553,37.7842628],[-122.4081398,37.7841961],[-122.4082079,37.78425],[-122.4082559,37.7842121],[-122.408333,37.7841512],[-122.4083698,37.7841222],[-122.4084045,37.7840948],[-122.4082602,37.7839805],[-122.4081222,37.7838713],[-122.4083053,37.7837262],[-122.4082555,37.7836869],[-122.408072,37.7838319],[-122.4078754,37.7839873],[-122.4077977,37.7840487],[-122.4077652,37.784023],[-122.4076973,37.7840767],[-122.4076104,37.7841454],[-122.4076429,37.784171],[-122.4075453,37.7842482],[-122.4074907,37.7842913],[-122.4073759,37.784382],[-122.4074257,37.7844213],[-122.4073446,37.7844854],[-122.4071554,37.7846349],[-122.4069762,37.7847765],[-122.406967,37.7847838],[-122.4068833,37.7847177],[-122.406795,37.7847872],[-122.4067752,37.7848028],[-122.4068593,37.7848693],[-122.40668,37.785011],[-122.4066301,37.7849716],[-122.4065741,37.7850158],[-122.4063846,37.7851656],[-122.4062398,37.78528],[-122.4062898,37.7853195],[-122.4062731,37.7853327],[-122.4061839,37.7854031],[-122.4056949,37.7857896],[-122.4056451,37.7857503],[-122.405529,37.7858421],[-122.4053745,37.7859642]]]},"properties":{"names":{"primary":"Powell Street Station","common":[["ko","파웰 역"]],"rules":null},"sources":[{"property":"","dataset":"OpenStreetMap","license":"ODbL-1.0","record_id":"w160331904@26","update_time":"2026-06-28T09:30:11.000Z","confidence":null,"between":null}],"level":-1,"is_underground":true,"num_floors_underground":3,"subtype":"transportation","class":"train_station","has_parts":false,"version":2}},
{"id":"77cbc93e-dc30-46c7-8c25-6ebce787f091","type":"Feature","geometry":{"type":"Polygon","coordinates":[[[-122.4049298,37.7848802],[-122.405135,37.7850403],[-122.4053442,37.7848729],[-122.405139,37.7847128],[-122.4049298,37.7848802]]]},"properties":{"names":{"primary":"The Mosser","common":null,"rules":null},"sources":[{"property":"","dataset":"OpenStreetMap","license":"ODbL-1.0","record_id":"w35174699@8","update_time":"2025-11-07T19:02:25.000Z","confidence":null,"between":null}],"is_underground":false,"num_floors":8,"subtype":"commercial","class":"hotel","has_parts":false,"version":1}},
{"id":"13afe809-8cee-4c09-9218-85ea1da9dee6","type":"Feature","geometry":{"type":"Polygon","coordinates":[[[-122.4049544,37.7855819],[-122.4053661,37.7859198],[-122.4055929,37.7857479],[-122.4056134,37.7857439],[-122.4056221,37.7857322],[-122.4056181,37.7857187],[-122.4056037,37.7857113],[-122.4055842,37.7857139],[-122.4051977,37.7853968],[-122.4049544,37.7855819]]]},"properties":{"sources":[{"property":"","dataset":"OpenStreetMap","license":"ODbL-1.0","record_id":"w112928951@4","update_time":"2021-09-15T04:45:01.000Z","confidence":null,"between":null}],"height":87.0,"is_underground":false,"has_parts":false,"version":1}},
{"id":"0dff3dbe-fe24-4d94-8cae-c7477496d464","type":"Feature","geometry":{"type":"Polygon","coordinates":[[[-122.4052412,37.7860119],[-122.4053661,37.7859198],[-122.4049544,37.7855819],[-122.4048246,37.7856809],[-122.40493,37.7857656],[-122.404976,37.7857298],[-122.4051692,37.785885],[-122.4051256,37.7859189],[-122.4051902,37.7859709],[-122.4052412,37.7860119]]]},"properties":{"names":{"primary":"Humboldt Bank Building","common":null,"rules":null},"sources":[{"property":"","dataset":"OpenStreetMap","license":"ODbL-1.0","record_id":"w332384276@7","update_time":"2025-06-30T13:31:25.000Z","confidence":null,"between":null},{"property":"/properties/height","dataset":"USGS Lidar","license":null,"record_id":null,"update_time":null,"confidence":null,"between":null}],"height":73.5,"is_underground":false,"num_floors":8,"subtype":"commercial","class":"commercial","has_parts":false,"version":2}},
{"id":"12e60038-f199-438e-b3eb-f8c4394092c2","type":"Feature","geometry":{"type":"Polygon","coordinates":[[[-122.4049502,37.7867257],[-122.4049549,37.7867283],[-122.4049613,37.7867283],[-122.4049742,37.7867265],[-122.4050053,37.7867226],[-122.4059881,37.7866041],[-122.4059521,37.7864371],[-122.4058664,37.7864482],[-122.4058611,37.7864101],[-122.4058403,37.7864125],[-122.4057699,37.7860599],[-122.4049595,37.7866926],[-122.4049539,37.7866975],[-122.40495,37.786702],[-122.4049473,37.7867066],[-122.4049447,37.7867125],[-122.404945,37.786718],[-122.4049471,37.7867227],[-122.4049502,37.7867257]],[[-122.4057465,37.7863321],[-122.4057821,37.7865154],[-122.4054052,37.7865698],[-122.4053825,37.7865514],[-122.4057013,37.7862961],[-122.4057465,37.7863321]]]},"properties":{"names":{"primary":"Phelan Building","common":null,"rules":null},"sources":[{"property":"","dataset":"OpenStreetMap","license":"ODbL-1.0","record_id":"r1547962@4","update_time":"2024-01-18T19:15:49.000Z","confidence":null,"between":null}],"height":42.0,"is_underground":false,"num_floors":11,"has_parts":false,"version":2}},
{"id":"306ad08b-207f-48af-a9d8-dd029ee1e075","type":"Feature","geometry":{"type":"Polygon","coordinates":[[[-122.4048723,37.788492],[-122.4050723,37.788466],[-122.4050505,37.7883613],[-122.4048505,37.7883874],[-122.4048723,37.788492]]]},"properties":{"sources":[{"property":"","dataset":"OpenStreetMap","license":"ODbL-1.0","record_id":"w149757915@5","update_time":"2020-07-09T03:50:14.000Z","confidence":null,"between":null}],"height":16.0,"is_underground":false,"has_parts":false,"version":1}},
{"id":"346eca13-fa24-4960-a640-9f1ce398b2d7","type":"Feature","geometry":{"type":"Polygon","coordinates":[[[-122.4049065,37.7886562],[-122.4051065,37.7886302],[-122.4050723,37.788466],[-122.4048723,37.788492],[-122.4049065,37.7886562]]]},"properties":{"sources":[{"property":"","dataset":"OpenStreetMap","license":"ODbL-1.0","record_id":"w149757919@4","update_time":"2018-01-22T17:36:46.000Z","confidence":null,"between":null}],"height":28.0,"is_underground":false,"has_parts":false,"version":1}},
{"id":"ac1c0f30-f94d-40c6-99f5-8915f7eee9c9","type":"Feature","geometry":{"type":"Polygon","coordinates":[[[-122.4048505,37.7883874],[-122.4050505,37.7883613],[-122.4050377,37.7882998],[-122.4048377,37.7883258],[-122.4048505,37.7883874]]]},"properties":{"sources":[{"property":"","dataset":"OpenStreetMap","license":"ODbL-1.0","record_id":"w149758043@3","update_time":"2020-07-09T03:50:14.000Z","confidence":null,"between":null}],"height":15.0,"is_underground":false,"has_parts":false,"version":1}},
{"id":"32a5680f-987b-4c12-9304-6c268ea28c0b","type":"Feature","geometry":{"type":"Polygon","coordinates":[[[-122.4047192,37.7886805],[-122.4049065,37.7886562],[-122.4048723,37.788492],[-122.4048505,37.7883874],[-122.4048377,37.7883258],[-122.4046504,37.7883501],[-122.4046756,37.7884714],[-122.4047267,37.7884647],[-122.4047463,37.7885591],[-122.4046953,37.7885658],[-122.4047192,37.7886805]]]},"properties":{"sources":[{"property":"","dataset":"OpenStreetMap","license":"ODbL-1.0","record_id":"w149757922@5","update_time":"2018-01-22T17:36:46.000Z","confidence":null,"between":null}],"height":39.0,"is_underground":false,"has_parts":false,"version":1}},
{"id":"f3f0e265-3ba7-4527-8e55-b10889bc9977","type":"Feature","geometry":{"type":"Polygon","coordinates":[[[-122.4045042,37.7887085],[-122.4047192,37.7886805],[-122.4046953,37.7885658],[-122.4046571,37.7885708],[-122.4046374,37.7884764],[-122.4046756,37.7884714],[-122.4046504,37.7883501],[-122.4044354,37.7883781],[-122.4045042,37.7887085]]]},"properties":{"sources":[{"property":"","dataset":"OpenStreetMap","license":"ODbL-1.0","record_id":"w149757916@5","update_time":"2018-01-22T17:36:45.000Z","confidence":null,"between":null}],"height":25.0,"is_underground":false,"has_parts":false,"version":1}},
{"id":"378de36b-bac7-428a-85c4-2de34a7a9424","type":"Feature","geometry":{"type":"Polygon","coordinates":[[[-122.4045272,37.7881104],[-122.4045605,37.7882732],[-122.4046149,37.7882662],[-122.4045802,37.7880963],[-122.4045258,37.7881033],[-122.4045272,37.7881104]]]},"properties":{"sources":[{"property":"","dataset":"OpenStreetMap","license":"ODbL-1.0","record_id":"w147689075@2","update_time":"2020-07-09T03:50:14.000Z","confidence":null,"between":null},{"property":"/properties/height","dataset":"Microsoft ML Buildings","license":"ODbL-1.0","record_id":null,"update_time":"2023-09-01T00:00:00.000Z","confidence":1.0,"between":null}],"height":11.641654968261719,"is_underground":false,"has_parts":false,"version":2}},
{"id":"e8699ca5-d1ee-4963-a092-b369e24dac46","type":"Feature","geometry":{"type":"Polygon","coordinates":[[[-122.4046149,37.7882662],[-122.4050241,37.7882139],[-122.4049559,37.7878804],[-122.4045468,37.7879332],[-122.4045802,37.7880963],[-122.4046149,37.7882662]]]},"properties":{"sources":[{"property":"","dataset":"OpenStreetMap","license":"ODbL-1.0","record_id":"w147689076@2","update_time":"2025-09-24T23:15:45.000Z","confidence":null,"between":null}],"height":30.0,"is_underground":false,"has_parts":false,"version":2}},
{"id":"20c177b7-9c58-4226-97ea-0fc76de99999","type":"Feature","geometry":{"type":"Polygon","coordinates":[[[-122.4046615,37.7873063],[-122.4048406,37.7872856],[-122.4047744,37.7869594],[-122.4047528,37.7869531],[-122.4046615,37.7869657],[-122.4046216,37.7869774],[-122.4045897,37.7869972],[-122.4045487,37.7870261],[-122.4045274,37.7870453],[-122.4046449,37.787272],[-122.4046615,37.7873063]]]},"properties":{"names":{"primary":"Union Trust Bank Building","common":null,"rules":null},"sources":[{"property":"","dataset":"OpenStreetMap","license":"ODbL-1.0","record_id":"w149335980@4","update_time":"2023-12-08T23:28:27.000Z","confidence":null,"between":null}],"height":20.0,"is_underground":false,"num_floors":2,"has_parts":false,"version":1}},
{"id":"4b737d44-462f-4c27-8b78-c51baa27d3f3","type":"Feature","geometry":{"type":"Polygon","coordinates":[[[-122.4045783,37.7877438],[-122.4049238,37.787702],[-122.4048406,37.7872856],[-122.4046615,37.7873063],[-122.4045749,37.7873757],[-122.4045908,37.7874893],[-122.4045357,37.7875305],[-122.4045783,37.7877438]]]},"properties":{"names":{"primary":"I. Magnin & Co. Building","common":null,"rules":null},"sources":[{"property":"","dataset":"OpenStreetMap","license":"ODbL-1.0","record_id":"w149335991@5","update_time":"2023-12-08T23:31:01.000Z","confidence":null,"between":null}],"height":43.0,"is_underground":false,"num_floors":8,"has_parts":false,"version":1}},
{"id":"7bf86648-436b-4285-bf43-013635cd64d0","type":"Feature","geometry":{"type":"Polygon","coordinates":[[[-122.4041705,37.7867249],[-122.4042629,37.7867987],[-122.4044144,37.7866804],[-122.4043471,37.7866267],[-122.4040524,37.7863912],[-122.4039941,37.7863446],[-122.4038427,37.7864629],[-122.403974,37.7865679],[-122.4039994,37.7865481],[-122.4041959,37.7867051],[-122.4041705,37.7867249]]]},"properties":{"sources":[{"property":"","dataset":"OpenStreetMap","license":"ODbL-1.0","record_id":"w149332505@5","update_time":"2020-07-09T04:28:11.000Z","confidence":null,"between":null}],"height":28.0,"is_underground":false,"has_parts":false,"version":1}},
{"id":"4c107e01-f32b-4aad-bda4-e2c08ee1a650","type":"Feature","geometry":{"type":"Polygon","coordinates":[[[-122.4040693,37.7876654],[-122.4042097,37.7876485],[-122.404187,37.7875338],[-122.404049,37.7874235],[-122.4039259,37.7875208],[-122.4039853,37.7875682],[-122.4040632,37.7876304],[-122.4040693,37.7876654]]]},"properties":{"sources":[{"property":"","dataset":"OpenStreetMap","license":"ODbL-1.0","record_id":"w149335990@5","update_time":"2026-06-11T23:43:08.000Z","confidence":null,"between":null}],"height":42.0,"is_underground":false,"has_parts":false,"version":2}},
{"id":"a8c9326b-077c-4b8b-b10d-36f92728b9fd","type":"Feature","geometry":{"type":"Polygon","coordinates":[[[-122.4045783,37.7877438],[-122.4045357,37.7875305],[-122.4045908,37.7874893],[-122.4045749,37.7873757],[-122.4046615,37.7873063],[-122.4046449,37.787272],[-122.4045274,37.7870453],[-122.404049,37.7874235],[-122.404187,37.7875338],[-122.4042097,37.7876485],[-122.404236,37.7877852],[-122.4045783,37.7877438]]]},"properties":{"sources":[{"property":"","dataset":"OpenStreetMap","license":"ODbL-1.0","record_id":"w149335988@3","update_time":"2021-05-06T23:45:45.000Z","confidence":null,"between":null}],"height":28.0,"is_underground":false,"num_floors":5,"has_parts":true,"version":1}},
{"id":"623d5fd3-25cd-4fb2-9ee6-a359b291ac75","type":"Feature","geometry":{"type":"Polygon","coordinates":[[[-122.4042142,37.7879761],[-122.4042538,37.7881694],[-122.4042826,37.7883084],[-122.40435,37.7883001],[-122.404321,37.7881608],[-122.4043932,37.7881516],[-122.4043897,37.7881341],[-122.4043544,37.787958],[-122.4042142,37.7879761]]]},"properties":{"names":{"primary":"Hawthorn","common":null,"rules":null},"sources":[{"property":"","dataset":"OpenStreetMap","license":"ODbL-1.0","record_id":"w147633860@8","update_time":"2025-09-24T23:15:45.000Z","confidence":null,"between":null}],"height":13.0,"is_underground":false,"subtype":"entertainment","has_parts":false,"version":2}},
{"id":"cdaa90ce-2901-4331-9e6b-e88084ab6f2a","type":"Feature","geometry":{"type":"Polygon","coordinates":[[[-122.404321,37.7881608],[-122.40435,37.7883001],[-122.4044223,37.7882908],[-122.4043932,37.7881516],[-122.404321,37.7881608]]]},"properties":{"sources":[{"property":"","dataset":"OpenStreetMap","license":"ODbL-1.0","record_id":"w147633859@1","update_time":"2021-05-05T19:35:17.000Z","confidence":null,"between":null},{"property":"/properties/height","dataset":"USGS Lidar","license":null,"record_id":null,"update_time":null,"confidence":null,"between":null}],"height":12.0,"is_underground":false,"has_parts":false,"version":1}},
{"id":"c3f572ab-2a6e-4739-a346-77bafce9d985","type":"Feature","geometry":{"type":"Polygon","coordinates":[[[-122.4043897,37.7881341],[-122.404459,37.7881253],[-122.404423,37.7879491],[-122.4043544,37.787958],[-122.4043897,37.7881341]]]},"properties":{"sources":[{"property":"","dataset":"OpenStreetMap","license":"ODbL-1.0","record_id":"w147689073@4","update_time":"2025-09-24T23:15:45.000Z","confidence":null,"between":null}],"height":8.0,"is_underground":false,"has_parts":false,"version":2}},
{"id":"361cbdbb-e4b6-47ca-9477-6dd48f213c98","type":"Feature","geometry":{"type":"Polygon","coordinates":[[[-122.4044223,37.7882908],[-122.4045605,37.7882732],[-122.4045272,37.7881104],[-122.4045258,37.7881033],[-122.4045802,37.7880963],[-122.4045468,37.7879332],[-122.404423,37.7879491],[-122.404459,37.7881253],[-122.4043897,37.7881341],[-122.4043932,37.7881516],[-122.4044223,37.7882908]]]},"properties":{"sources":[{"property":"","dataset":"OpenStreetMap","license":"ODbL-1.0","record_id":"w147689069@4","update_time":"2025-09-24T23:15:45.000Z","confidence":null,"between":null}],"height":23.0,"is_underground":false,"has_parts":false,"version":2}},
{"id":"96d9ddca-a5ce-4fe5-9036-42f7818beb54","type":"Feature","geometry":{"type":"Polygon","coordinates":[[[-122.4041609,37.7887531],[-122.4045042,37.7887085],[-122.4044354,37.7883781],[-122.4040921,37.7884227],[-122.4041609,37.7887531]]]},"properties":{"sources":[{"property":"","dataset":"OpenStreetMap","license":"ODbL-1.0","record_id":"w149757917@3","update_time":"2018-01-22T17:36:46.000Z","confidence":null,"between":null}],"height":28.0,"is_underground":false,"has_parts":false,"version":1}},
{"id":"5324de77-42bd-45b7-9f0a-f6061e9716f9","type":"Feature","geometry":{"type":"Polygon","coordinates":[[[-122.4041609,37.7887531],[-122.4040921,37.7884227],[-122.4040377,37.7884298],[-122.4040716,37.7885924],[-122.4040065,37.7886009],[-122.4040086,37.7886111],[-122.4040414,37.7887686],[-122.4041609,37.7887531]]]},"properties":{"sources":[{"property":"","dataset":"OpenStreetMap","license":"ODbL-1.0","record_id":"w149757920@3","update_time":"2017-02-13T11:57:12.000Z","confidence":null,"between":null}],"height":28.0,"is_underground":false,"has_parts":false,"version":1}},
{"id":"f444750f-be79-4902-9baa-1c25ebe49a9d","type":"Feature","geometry":{"type":"Polygon","coordinates":[[[-122.4040493,37.7881989],[-122.4040773,37.7883348],[-122.4042826,37.7883084],[-122.4042538,37.7881694],[-122.4042142,37.7879761],[-122.4040088,37.7880026],[-122.4040493,37.7881989]]]},"properties":{"sources":[{"property":"","dataset":"OpenStreetMap","license":"ODbL-1.0","record_id":"w147633863@4","update_time":"2025-09-24T23:15:45.000Z","confidence":null,"between":null}],"height":31.0,"is_underground":false,"has_parts":false,"version":2}},
{"id":"f5409256-cc8f-4971-9d38-5262a54946a1","type":"Feature","geometry":{"type":"Polygon","coordinates":[[[-122.4040957,37.7878022],[-122.404236,37.7877852],[-122.4042097,37.7876485],[-122.4040693,37.7876654],[-122.4040957,37.7878022]]]},"properties":{"sources":[{"property":"","dataset":"OpenStreetMap","license":"ODbL-1.0","record_id":"w149335982@2","update_time":"2017-02-13T10:19:19.000Z","confidence":null,"between":null}],"height":42.0,"is_underground":false,"has_parts":false,"version":1}},
{"id":"a93d34b9-2af9-4dcd-b0a6-0cbcd40d3f6d","type":"Feature","geometry":{"type":"Polygon","coordinates":[[[-122.4039967,37.7878141],[-122.4040957,37.7878022],[-122.4040693,37.7876654],[-122.4040632,37.7876304],[-122.4039853,37.7875682],[-122.4039259,37.7875208],[-122.4038094,37.7876129],[-122.4039428,37.7877222],[-122.4039595,37.7878186],[-122.4039967,37.7878141]]]},"properties":{"sources":[{"property":"","dataset":"OpenStreetMap","license":"ODbL-1.0","record_id":"w149335979@6","update_time":"2026-06-11T23:43:08.000Z","confidence":null,"between":null}],"height":47.0,"is_underground":false,"has_parts":false,"version":2}},
{"id":"6fc636f0-9670-4db8-adca-9a9706231d51","type":"Feature","geometry":{"type":"Polygon","coordinates":[[[-122.4038094,37.7876129],[-122.4036778,37.7877169],[-122.4037014,37.7878499],[-122.4039595,37.7878186],[-122.4039428,37.7877222],[-122.4038094,37.7876129]]]},"properties":{"names":{"primary":"Mutual Building","common":null,"rules":[{"variant":"alternate","language":null,"perspectives":null,"value":"Mutual Building","between":null,"side":null}]},"sources":[{"property":"","dataset":"OpenStreetMap","license":"ODbL-1.0","record_id":"w149335987@7","update_time":"2021-05-06T23:42:07.000Z","confidence":null,"between":null}],"height":47.0,"is_underground":false,"has_parts":false,"version":1}},
{"id":"d8fecdcc-52fe-4d60-bb78-1dea11645bbd","type":"Feature","geometry":{"type":"Polygon","coordinates":[[[-122.4036684,37.7882131],[-122.4038122,37.7881949],[-122.4038066,37.7881674],[-122.4038377,37.7881634],[-122.4038103,37.7880282],[-122.4036355,37.7880507],[-122.4036684,37.7882131]]]},"properties":{"sources":[{"property":"","dataset":"OpenStreetMap","license":"ODbL-1.0","record_id":"w147633861@5","update_time":"2025-09-24T23:15:45.000Z","confidence":null,"between":null}],"height":32.0,"is_underground":false,"has_parts":false,"version":2}},
{"id":"19e2c76e-75d2-4330-bf4f-51dd1a14460e","type":"Feature","geometry":{"type":"Polygon","coordinates":[[[-122.4040493,37.7881989],[-122.4040088,37.7880026],[-122.4038103,37.7880282],[-122.4038377,37.7881634],[-122.4038066,37.7881674],[-122.4038122,37.7881949],[-122.4038544,37.7881895],[-122.4038614,37.7882232],[-122.4040493,37.7881989]]]},"properties":{"sources":[{"property":"","dataset":"OpenStreetMap","license":"ODbL-1.0","record_id":"w939492030@2","update_time":"2025-09-24T23:15:45.000Z","confidence":null,"between":null},{"property":"/properties/height","dataset":"USGS Lidar","license":null,"record_id":null,"update_time":null,"confidence":null,"between":null}],"height":13.8,"is_underground":false,"has_parts":false,"version":2}},
{"id":"8be81a9a-ea51-4a0c-b3b5-71930b72dfe4","type":"Feature","geometry":{"type":"Polygon","coordinates":[[[-122.403703,37.7883825],[-122.4040773,37.7883348],[-122.4040493,37.7881989],[-122.4038614,37.7882232],[-122.4038544,37.7881895],[-122.4038122,37.7881949],[-122.4036684,37.7882131],[-122.403703,37.7883825]]]},"properties":{"sources":[{"property":"","dataset":"OpenStreetMap","license":"ODbL-1.0","record_id":"w147633862@3","update_time":"2021-05-05T19:35:17.000Z","confidence":null,"between":null}],"height":26.0,"is_underground":false,"has_parts":false,"version":1}},
{"id":"fef0b844-e2ee-4150-b079-216907724402","type":"Feature","geometry":{"type":"Polygon","coordinates":[[[-122.4040065,37.7886009],[-122.4040716,37.7885924],[-122.4040377,37.7884298],[-122.4037253,37.7884704],[-122.4037471,37.7885748],[-122.4039246,37.7885517],[-122.4039944,37.7885426],[-122.4040065,37.7886009]]]},"properties":{"sources":[{"property":"","dataset":"OpenStreetMap","license":"ODbL-1.0","record_id":"w149757923@4","update_time":"2020-07-09T03:50:14.000Z","confidence":null,"between":null}],"height":34.0,"is_underground":false,"has_parts":false,"version":1}},
{"id":"9f9a5fa6-0c1f-4d5b-94ae-84b23e3927d4","type":"Feature","geometry":{"type":"Polygon","coordinates":[[[-122.4038174,37.7887984],[-122.4040414,37.7887686],[-122.4040086,37.7886111],[-122.4039388,37.7886202],[-122.403938,37.7886155],[-122.4037605,37.7886387],[-122.4037918,37.7887843],[-122.4037994,37.7887969],[-122.4038174,37.7887984]]]},"properties":{"sources":[{"property":"","dataset":"OpenStreetMap","license":"ODbL-1.0","record_id":"w149757924@5","update_time":"2020-07-09T03:50:14.000Z","confidence":null,"between":null}],"height":16.0,"is_underground":false,"has_parts":false,"version":1}},
{"id":"2c62fb64-f113-4384-8894-0071fe0034ad","type":"Feature","geometry":{"type":"Polygon","coordinates":[[[-122.4037605,37.7886387],[-122.403938,37.7886155],[-122.4039246,37.7885517],[-122.4037471,37.7885748],[-122.4037605,37.7886387]]]},"properties":{"sources":[{"property":"","dataset":"OpenStreetMap","license":"ODbL-1.0","record_id":"w149757918@5","update_time":"2020-07-09T03:50:14.000Z","confidence":null,"between":null}],"height":34.0,"is_underground":false,"has_parts":false,"version":1}},
{"id":"4c20b20d-c849-412e-9eae-47456312b36e","type":"Feature","geometry":{"type":"Polygon","coordinates":[[[-122.4037014,37.7878499],[-122.4036778,37.7877169],[-122.4035926,37.7877898],[-122.4036184,37.787858],[-122.4037014,37.7878499]]]},"properties":{"sources":[{"property":"","dataset":"OpenStreetMap","license":"ODbL-1.0","record_id":"w151183777@5","update_time":"2021-05-05T19:35:17.000Z","confidence":null,"between":null}],"height":47.0,"is_underground":false,"has_parts":false,"version":1}},
{"id":"4842b6bd-0a2a-4c45-ab8c-ad7ffee45c61","type":"Feature","geometry":{"type":"Polygon","coordinates":[[[-122.4037724,37.7871821],[-122.4035947,37.7870402],[-122.4035757,37.7870546],[-122.4033981,37.787194],[-122.4035758,37.7873359],[-122.4037724,37.7871821]]]},"properties":{"names":{"primary":"Central Tower","common":null,"rules":[{"variant":"alternate","language":null,"perspectives":null,"value":"Spreckels Building","between":null,"side":null}]},"sources":[{"property":"","dataset":"OpenStreetMap","license":"ODbL-1.0","record_id":"w132127810@5","update_time":"2024-07-07T18:57:07.000Z","confidence":null,"between":null}],"height":91.0,"is_underground":false,"num_floors":21,"has_parts":false,"version":1}},
{"id":"951b03b6-c5a3-42ee-a398-5f5d06cb261a","type":"Feature","geometry":{"type":"Polygon","coordinates":[[[-122.4035947,37.7870402],[-122.4037724,37.7871821],[-122.4038832,37.7870954],[-122.4036351,37.7868971],[-122.4035606,37.7869554],[-122.4035242,37.7869839],[-122.4035351,37.7869926],[-122.4035947,37.7870402]]]},"properties":{"sources":[{"property":"","dataset":"OpenStreetMap","license":"ODbL-1.0","record_id":"w149332500@5","update_time":"2024-07-07T18:57:07.000Z","confidence":null,"between":null}],"height":11.0,"is_underground":false,"has_parts":false,"version":1}},
{"id":"a8e173ae-9024-4c70-a27c-6d1b5b26c942","type":"Feature","geometry":{"type":"Polygon","coordinates":[[[-122.4037766,37.7868027],[-122.4040145,37.7869927],[-122.4040743,37.7869461],[-122.4038363,37.786756],[-122.4037766,37.7868027]]]},"properties":{"sources":[{"property":"","dataset":"OpenStreetMap","license":"ODbL-1.0","record_id":"w149332499@2","update_time":"2020-07-09T04:28:11.000Z","confidence":null,"between":null},{"property":"/properties/height","dataset":"USGS Lidar","license":null,"record_id":null,"update_time":null,"confidence":null,"between":null}],"height":21.1,"is_underground":false,"has_parts":false,"version":1}},
{"id":"4a5d7fa1-9667-4fc3-9c2f-890407256b55","type":"Feature","geometry":{"type":"Polygon","coordinates":[[[-122.4038363,37.786756],[-122.4040743,37.7869461],[-122.4042629,37.7867987],[-122.4041705,37.7867249],[-122.403974,37.7865679],[-122.4038427,37.7864629],[-122.4035944,37.786657],[-122.4037766,37.7868027],[-122.4038363,37.786756]]]},"properties":{"sources":[{"property":"","dataset":"OpenStreetMap","license":"ODbL-1.0","record_id":"w149332503@4","update_time":"2024-07-07T18:57:07.000Z","confidence":null,"between":null}],"height":26.0,"is_underground":false,"has_parts":false,"version":1}},
{"id":"511511db-2ea2-4792-9a81-7606e72489c3","type":"Feature","geometry":{"type":"Polygon","coordinates":[[[-122.4036351,37.7868971],[-122.4038832,37.7870954],[-122.4040145,37.7869927],[-122.4037766,37.7868027],[-122.4035944,37.786657],[-122.4033885,37.7868179],[-122.4035606,37.7869554],[-122.4036351,37.7868971]]]},"properties":{"names":{"primary":"Digital Garage","common":null,"rules":null},"sources":[{"property":"","dataset":"OpenStreetMap","license":"ODbL-1.0","record_id":"w149332501@8","update_time":"2025-12-02T22:06:19.000Z","confidence":null,"between":null}],"height":33.0,"is_underground":false,"has_parts":false,"version":1}},
{"id":"7e18bd62-0407-46f9-a0c0-9269abc45f6a","type":"Feature","geometry":{"type":"Polygon","coordinates":[[[-122.4039742,37.7856888],[-122.4038829,37.7856667],[-122.4038342,37.7857559],[-122.403667,37.7858866],[-122.4032563,37.7862078],[-122.4033012,37.7862436],[-122.4034491,37.7863617],[-122.4036735,37.7861862],[-122.4041113,37.7858451],[-122.4040468,37.7857777],[-122.4040522,37.7857639],[-122.4039742,37.7856888]]]},"properties":{"names":{"primary":"Contemporary Jewish Museum","common":null,"rules":null},"sources":[{"property":"","dataset":"OpenStreetMap","license":"ODbL-1.0","record_id":"w118106934@18","update_time":"2026-01-30T20:54:10.000Z","confidence":null,"between":null}],"height":14.0,"is_underground":false,"has_parts":false,"version":2}},
{"id":"c1a4079d-2427-4729-bdf3-fa7ff6a3a557","type":"Feature","geometry":{"type":"Polygon","coordinates":[[[-122.4037588,37.7856818],[-122.4038306,37.7856327],[-122.4034867,37.7853523],[-122.4034247,37.7854004],[-122.4034034,37.7853835],[-122.4033696,37.7853796],[-122.4033075,37.7854283],[-122.4033106,37.7854549],[-122.4033347,37.7854744],[-122.4032742,37.7855215],[-122.4036163,37.7857943],[-122.4036821,37.7857423],[-122.4037175,37.7857301],[-122.4037413,37.7857102],[-122.4037588,37.7856818]]]},"properties":{"names":{"primary":"Saint Patrick Catholic Church","common":null,"rules":null},"sources":[{"property":"","dataset":"OpenStreetMap","license":"ODbL-1.0","record_id":"w32963425@10","update_time":"2024-08-25T14:14:29.000Z","confidence":null,"between":null}],"height":46.0,"is_underground":false,"subtype":"religious","class":"church","has_parts":false,"version":1}},
{"id":"8dd47f98-c482-4556-ba8a-971c5678ce42","type":"Feature","geometry":{"type":"Polygon","coordinates":[[[-122.4039183,37.7855655],[-122.4035157,37.7852372],[-122.403428,37.7853044],[-122.4034867,37.7853523],[-122.4038306,37.7856327],[-122.4039183,37.7855655]]]},"properties":{"sources":[{"property":"","dataset":"OpenStreetMap","license":"ODbL-1.0","record_id":"w118480406@2","update_time":"2017-02-13T11:57:07.000Z","confidence":null,"between":null}],"height":16.0,"is_underground":false,"has_parts":false,"version":1}},
{"id":"9fb2661c-f793-476d-a446-014a6e3302df","type":"Feature","geometry":{"type":"Polygon","coordinates":[[[-122.4043471,37.7866267],[-122.4044144,37.7866804],[-122.4047969,37.7863807],[-122.4047483,37.7863419],[-122.4048211,37.7862455],[-122.4046585,37.7861156],[-122.4042158,37.785762],[-122.4041821,37.7857883],[-122.4041113,37.7858451],[-122.4036735,37.7861862],[-122.4038333,37.7863137],[-122.4038956,37.786266],[-122.4039941,37.7863446],[-122.4040524,37.7863912],[-122.4043471,37.7866267]]]},"properties":{"names":{"primary":"Four Seasons","common":null,"rules":null},"sources":[{"property":"","dataset":"OpenStreetMap","license":"ODbL-1.0","record_id":"w149332498@11","update_time":"2024-10-24T18:26:41.000Z","confidence":null,"between":null}],"height":29.0,"is_underground":false,"has_parts":true,"version":1}},
{"id":"83955c81-eb25-4662-823b-4624374e30ea","type":"Feature","geometry":{"type":"Polygon","coordinates":[[[-122.404967,37.7860229],[-122.4050134,37.7859867],[-122.4050908,37.7860485],[-122.4051902,37.7859709],[-122.4051256,37.7859189],[-122.4049686,37.7857899],[-122.404879,37.7858598],[-122.4047037,37.7857196],[-122.4046601,37.7856847],[-122.4046546,37.7856803],[-122.4047404,37.7856134],[-122.4050968,37.7853352],[-122.4050758,37.785319],[-122.4048566,37.7851431],[-122.4047654,37.7850701],[-122.4046466,37.7849751],[-122.4045881,37.7849283],[-122.404321,37.7847144],[-122.404287,37.784741],[-122.404257,37.784717],[-122.404228,37.7847397],[-122.4042,37.7847173],[-122.4039694,37.7848976],[-122.4039192,37.7849369],[-122.4038403,37.7849986],[-122.4036536,37.7851446],[-122.4041185,37.7855159],[-122.4045368,37.78585],[-122.404731,37.7860051],[-122.404791,37.7859582],[-122.404855,37.7860093],[-122.404903,37.7859718],[-122.404967,37.7860229]],[[-122.4041621,37.7852549],[-122.4040648,37.7853313],[-122.4038305,37.7851447],[-122.4039301,37.7850702],[-122.4041621,37.7852549]]]},"properties":{"names":{"primary":"San Francisco Marriott Marquis","common":null,"rules":null},"sources":[{"property":"","dataset":"OpenStreetMap","license":"ODbL-1.0","record_id":"r6483285@9","update_time":"2025-11-22T05:14:10.000Z","confidence":null,"between":null}],"height":133.0,"is_underground":false,"subtype":"commercial","class":"hotel","has_parts":true,"version":4}},
{"id":"aa444d8e-a965-42da-b78f-f680b3788e7e","type":"Feature","geometry":{"type":"Polygon","coordinates":[[[-122.4028624,37.7861792],[-122.402904,37.7862133],[-122.403111,37.7860554],[-122.4028209,37.7858177],[-122.402639,37.7859563],[-122.4025234,37.7860445],[-122.4027273,37.7862116],[-122.402772,37.7862481],[-122.4028624,37.7861792]]]},"properties":{"names":{"primary":"Four Seasons Private Residences at 706 Mission Street","common":null,"rules":null},"sources":[{"property":"","dataset":"OpenStreetMap","license":"ODbL-1.0","record_id":"w693632325@3","update_time":"2024-01-18T19:08:38.000Z","confidence":null,"between":null}],"height":160.0,"is_underground":false,"num_floors":43,"subtype":"residential","class":"apartments","has_parts":false,"version":1}},
{"id":"44b9f6aa-216f-4d38-929c-d24dd3ce4ad7","type":"Feature","geometry":{"type":"Polygon","coordinates":[[[-122.402447,37.7864257],[-122.4027273,37.7862116],[-122.4025234,37.7860445],[-122.4022406,37.7862569],[-122.402447,37.7864257]]]},"properties":{"names":{"primary":"Aronson Building","common":null,"rules":null},"sources":[{"property":"","dataset":"OpenStreetMap","license":"ODbL-1.0","record_id":"w112878589@6","update_time":"2026-04-23T06:57:22.000Z","confidence":null,"between":null}],"height":55.0,"is_underground":false,"num_floors":10,"subtype":"commercial","class":"office","has_parts":false,"version":1}},
{"id":"a9b6a4ac-acd4-4a3b-92d5-ce1bdaa31608","type":"Feature","geometry":{"type":"Polygon","coordinates":[[[-122.4023737,37.7853056],[-122.4023415,37.785331],[-122.4023844,37.7853649],[-122.4024166,37.7853395],[-122.4023737,37.7853056]]]},"properties":{"sources":[{"property":"","dataset":"Microsoft ML Buildings","license":"ODbL-1.0","record_id":null,"update_time":"2023-09-01T00:00:00.000Z","confidence":0.8834999799728394,"between":null}],"height":1.015625,"is_underground":false,"has_parts":false,"version":3}},
{"id":"6e4b6227-70ef-4902-9cc7-fb6a63eaabcd","type":"Feature","geometry":{"type":"Polygon","coordinates":[[[-122.4023829,37.7849915],[-122.4023871,37.78496],[-122.4023314,37.7849554],[-122.4023218,37.7850276],[-122.4024173,37.7850356],[-122.4024227,37.7849948],[-122.4023829,37.7849915]]]},"properties":{"sources":[{"property":"","dataset":"Microsoft ML Buildings","license":"ODbL-1.0","record_id":null,"update_time":"2023-09-01T00:00:00.000Z","confidence":0.9153000116348267,"between":null}],"height":6.091633319854736,"is_underground":false,"has_parts":false,"version":3}},
{"id":"58a093a8-02f0-4ed9-ba75-3337c1c89485","type":"Feature","geometry":{"type":"Polygon","coordinates":[[[-122.4010359,37.7852302],[-122.4013159,37.7854523],[-122.4015683,37.7852536],[-122.4014849,37.7851874],[-122.4015513,37.7851351],[-122.4015289,37.7851174],[-122.4016153,37.7850494],[-122.4016471,37.7850746],[-122.4017418,37.785],[-122.4017102,37.784975],[-122.4017208,37.7849667],[-122.4015245,37.784811],[-122.4015134,37.7848197],[-122.4014738,37.7847883],[-122.401456,37.7847749],[-122.4014368,37.784759],[-122.4014553,37.7847445],[-122.4014621,37.7847391],[-122.4014171,37.7847034],[-122.4013892,37.7847254],[-122.4013958,37.7847306],[-122.4013653,37.7847546],[-122.401352,37.784744],[-122.4012563,37.7848194],[-122.4013525,37.7848957],[-122.4013614,37.7848886],[-122.4013865,37.7849085],[-122.4013293,37.7849535],[-122.4013041,37.7849335],[-122.4012413,37.7849829],[-122.4011671,37.7849241],[-122.4009077,37.7851283],[-122.4009765,37.7851828],[-122.4010563,37.7851199],[-122.4011159,37.7851672],[-122.4010359,37.7852302]]]},"properties":{"names":{"primary":"Yerba Buena Center for the Arts","common":null,"rules":null},"sources":[{"property":"","dataset":"OpenStreetMap","license":"ODbL-1.0","record_id":"w24563077@15","update_time":"2023-11-11T20:38:19.000Z","confidence":null,"between":null}],"height":36.0,"is_underground":false,"subtype":"entertainment","has_parts":false,"version":1}},
{"id":"ec852a62-c69e-4af1-9848-12704f10c3ca","type":"Feature","geometry":{"type":"Polygon","coordinates":[[[-122.402456,37.7855903],[-122.4025102,37.7855483],[-122.4021977,37.7852989],[-122.4019597,37.785109],[-122.4019266,37.7851349],[-122.4018839,37.7851009],[-122.4018419,37.7851338],[-122.4018824,37.7851661],[-122.4017258,37.7852886],[-122.4019805,37.7854886],[-122.4019994,37.7855034],[-122.4016911,37.7857487],[-122.4019248,37.7859321],[-122.4018868,37.7859619],[-122.4020478,37.7860904],[-122.4021104,37.7860415],[-122.402084,37.7860204],[-122.4025043,37.7856914],[-122.4024167,37.7856215],[-122.402456,37.7855903]]]},"properties":{"names":{"primary":"Yerba Buena Center for the Arts Gallery","common":null,"rules":null},"sources":[{"property":"","dataset":"OpenStreetMap","license":"ODbL-1.0","record_id":"w24563073@10","update_time":"2023-11-11T20:38:19.000Z","confidence":null,"between":null}],"height":28.0,"is_underground":false,"subtype":"entertainment","has_parts":false,"version":1}},
{"id":"6dd66f2c-ff48-4a64-8ea0-604962a8d14a","type":"Feature","geometry":{"type":"Polygon","coordinates":[[[-122.4017178,37.7871338],[-122.4018089,37.7872033],[-122.4020425,37.7870184],[-122.4021141,37.7869617],[-122.4020484,37.7869094],[-122.4019465,37.7869894],[-122.4018681,37.7869271],[-122.401713,37.7868037],[-122.4016282,37.7867362],[-122.4015582,37.7867853],[-122.4018591,37.7870212],[-122.4017178,37.7871338]]]},"properties":{"sources":[{"property":"","dataset":"OpenStreetMap","license":"ODbL-1.0","record_id":"w436648857@2","update_time":"2020-08-26T11:37:31.000Z","confidence":null,"between":null},{"property":"/properties/height","dataset":"USGS Lidar","license":null,"record_id":null,"update_time":null,"confidence":null,"between":null}],"height":100.6,"is_underground":false,"has_parts":false,"version":1}},
{"id":"207d7084-0ca7-45d0-97a9-262b20bb1586","type":"Feature","geometry":{"type":"Polygon","coordinates":[[[-122.4024186,37.7867226],[-122.4020346,37.7864172],[-122.4016282,37.7867362],[-122.401713,37.7868037],[-122.4018681,37.7869271],[-122.4019465,37.7869894],[-122.4020484,37.7869094],[-122.4021141,37.7869617],[-122.4024186,37.7867226]]]},"properties":{"names":{"primary":"Paramount","common":null,"rules":null},"sources":[{"property":"","dataset":"OpenStreetMap","license":"ODbL-1.0","record_id":"w160673823@8","update_time":"2025-03-07T19:33:55.000Z","confidence":null,"between":null}],"height":127.0,"is_underground":false,"num_floors":40,"has_parts":true,"version":1}},
{"id":"2e12de62-e632-4792-bbca-10dae91af931","type":"Feature","geometry":{"type":"Polygon","coordinates":[[[-122.4015419,37.7863178],[-122.4016278,37.786386],[-122.4016578,37.7864099],[-122.4018528,37.7862565],[-122.4017251,37.7861551],[-122.4015704,37.7862768],[-122.40158219999999,37.7862862],[-122.4015419,37.7863178]]]},"properties":{"sources":[{"property":"","dataset":"OpenStreetMap","license":"ODbL-1.0","record_id":"w1365382601@1","update_time":"2025-03-07T19:33:55.000Z","confidence":null,"between":null}],"is_underground":false,"num_floors":8,"has_parts":false,"version":1}},
{"id":"a5b98bbf-b8e1-4817-a813-0a69c192a729","type":"Feature","geometry":{"type":"Polygon","coordinates":[[[-122.4015704,37.7862768],[-122.4017251,37.7861551],[-122.4015099,37.7859851],[-122.4014821,37.7859633],[-122.401421,37.786012],[-122.4012654,37.7861359],[-122.4010402,37.7863154],[-122.401063,37.7863333],[-122.4010752,37.7863429],[-122.4010361,37.7863738],[-122.401011,37.7863936],[-122.4013333,37.786649],[-122.4016578,37.7864099],[-122.4016278,37.786386],[-122.4015419,37.7863178],[-122.40158219999999,37.7862862],[-122.4015704,37.7862768]]]},"properties":{"sources":[{"property":"","dataset":"OpenStreetMap","license":"ODbL-1.0","record_id":"w436648188@6","update_time":"2025-07-01T14:40:25.000Z","confidence":null,"between":null}],"is_underground":false,"num_floors":3,"has_parts":true,"version":2}},
{"id":"af45d420-3052-4c0e-a0e4-66b9b2ef4934","type":"Feature","geometry":{"type":"Polygon","coordinates":[[[-122.4015327,37.7871158],[-122.4013445,37.7869669],[-122.4011989,37.7870819],[-122.4013871,37.7872307],[-122.4015327,37.7871158]]]},"properties":{"sources":[{"property":"","dataset":"OpenStreetMap","license":"ODbL-1.0","record_id":"w79377199@5","update_time":"2018-01-25T18:39:39.000Z","confidence":null,"between":null}],"height":18.0,"is_underground":false,"has_parts":false,"version":1}},
{"id":"9cbec0ce-2867-4b54-842d-eff3a437e79a","type":"Feature","geometry":{"type":"Polygon","coordinates":[[[-122.4010837,37.7878052],[-122.4017424,37.7872805],[-122.40157,37.7871453],[-122.4009112,37.7876699],[-122.4010837,37.7878052]]]},"properties":{"names":{"primary":"The Montgomery","common":null,"rules":null},"sources":[{"property":"","dataset":"OpenStreetMap","license":"ODbL-1.0","record_id":"w79377217@6","update_time":"2018-01-25T18:39:39.000Z","confidence":null,"between":null}],"height":33.0,"is_underground":false,"has_parts":false,"version":1}},
{"id":"6890bd65-045c-4049-a593-71b9b55f02d2","type":"Feature","geometry":{"type":"Polygon","coordinates":[[[-122.4017178,37.7871338],[-122.4018591,37.7870212],[-122.4015582,37.7867853],[-122.4014169,37.7868979],[-122.4017178,37.7871338]]]},"properties":{"names":{"primary":"California Historical Society Museum","common":null,"rules":[{"variant":"alternate","language":null,"perspectives":null,"value":"California Historical Society Museum","between":null,"side":null}]},"sources":[{"property":"","dataset":"OpenStreetMap","license":"ODbL-1.0","record_id":"w79377155@3","update_time":"2026-01-06T00:51:20.000Z","confidence":null,"between":null},{"property":"/properties/height","dataset":"USGS Lidar","license":null,"record_id":null,"update_time":null,"confidence":null,"between":null}],"height":15.7,"is_underground":false,"has_parts":false,"version":2}},
{"id":"52f77ab9-2a60-4367-9d7e-7d18537d023a","type":"Feature","geometry":{"type":"Polygon","coordinates":[[[-122.4012801,37.7888183],[-122.4014924,37.7889871],[-122.401563,37.7889327],[-122.4013515,37.7887622],[-122.4012801,37.7888183]]]},"properties":{"sources":[{"property":"","dataset":"OpenStreetMap","license":"ODbL-1.0","record_id":"w148285587@2","update_time":"2021-05-11T01:08:12.000Z","confidence":null,"between":null}],"height":54.0,"is_underground":false,"has_parts":false,"version":1}},
{"id":"b0972789-39a6-49f9-b00e-003310cb1f83","type":"Feature","geometry":{"type":"Polygon","coordinates":[[[-122.4013515,37.7887622],[-122.401563,37.7889327],[-122.4017356,37.7887981],[-122.4014894,37.7885982],[-122.4016273,37.7884922],[-122.4014688,37.7883613],[-122.4012024,37.7885676],[-122.4013918,37.7887204],[-122.4013448,37.7887568],[-122.4013515,37.7887622]]]},"properties":{"names":{"primary":"33 New Montgomery","common":null,"rules":null},"sources":[{"property":"","dataset":"OpenStreetMap","license":"ODbL-1.0","record_id":"w79377223@7","update_time":"2024-07-07T18:57:07.000Z","confidence":null,"between":null}],"height":80.0,"is_underground":false,"num_floors":20,"has_parts":false,"version":1}},
{"id":"85e7a870-d2cf-42b1-b273-63650bc1d137","type":"Feature","geometry":{"type":"Polygon","coordinates":[[[-122.4014894,37.7885982],[-122.4017356,37.7887981],[-122.4018735,37.7886921],[-122.4016273,37.7884922],[-122.4014894,37.7885982]]]},"properties":{"names":{"primary":"Bank of America Building","common":null,"rules":null},"sources":[{"property":"","dataset":"OpenStreetMap","license":"ODbL-1.0","record_id":"w941649434@1","update_time":"2021-05-11T01:08:12.000Z","confidence":null,"between":null},{"property":"/properties/height","dataset":"USGS Lidar","license":null,"record_id":null,"update_time":null,"confidence":null,"between":null}],"height":69.8,"is_underground":false,"num_floors":14,"has_parts":false,"version":1}},
{"id":"e1e9bac0-57a6-4cdb-81e8-325419fa592c","type":"Feature","geometry":{"type":"Polygon","coordinates":[[[-122.4013447,37.7877921],[-122.4012155,37.7878946],[-122.402041,37.7885447],[-122.4021533,37.7884556],[-122.4025525,37.788139],[-122.4026737,37.7880429],[-122.4021853,37.7876583],[-122.401848,37.7873928],[-122.4017205,37.787494],[-122.4013447,37.7877921]],[[-122.4020751,37.7883468],[-122.4020028,37.7882899],[-122.4023678,37.7880004],[-122.4024401,37.7880573],[-122.4020751,37.7883468]]]},"properties":{"names":{"primary":"Palace Hotel","common":null,"rules":null},"sources":[{"property":"","dataset":"OpenStreetMap","license":"ODbL-1.0","record_id":"r3492933@4","update_time":"2026-04-25T01:34:41.000Z","confidence":null,"between":null}],"height":37.0,"is_underground":false,"num_floors":7,"has_parts":true,"version":3}},
{"id":"95c49434-ae9e-4da8-9c26-801435cec2f2","type":"Feature","geometry":{"type":"Polygon","coordinates":[[[-122.4028361,37.7889129],[-122.402879,37.7888654],[-122.4028361,37.7886484],[-122.4027846,37.7886145],[-122.402467,37.7886552],[-122.4024413,37.7886959],[-122.4024842,37.7889197],[-122.4025357,37.7889468],[-122.4028361,37.7889129]]]},"properties":{"names":{"primary":"McKesson Plaza","common":null,"rules":null},"sources":[{"property":"","dataset":"OpenStreetMap","license":"ODbL-1.0","record_id":"w32946671@6","update_time":"2021-12-21T03:04:28.000Z","confidence":null,"between":null}],"height":161.0,"is_underground":false,"num_floors":38,"subtype":"commercial","class":"office","has_parts":false,"version":1}},
{"id":"2a5b4f80-a2e2-4f3d-b568-d1a3ea3be355","type":"Feature","geometry":{"type":"Polygon","coordinates":[[[-122.403027,37.7876147],[-122.4027956,37.7874301],[-122.4028226,37.787409],[-122.4027495,37.7873507],[-122.4023939,37.7876291],[-122.402783,37.7879396],[-122.4031309,37.7876673],[-122.4030462,37.7875997],[-122.403027,37.7876147]],[[-122.4027239,37.7875472],[-122.4028851,37.7876754],[-122.4027771,37.7877602],[-122.4026159,37.787632],[-122.4027239,37.7875472]]]},"properties":{"sources":[{"property":"","dataset":"OpenStreetMap","license":"ODbL-1.0","record_id":"r2013691@2","update_time":"2021-05-06T23:48:53.000Z","confidence":null,"between":null}],"height":36.0,"is_underground":false,"has_parts":false,"version":2}},
{"id":"2ef3d424-4701-4a47-9175-5d02661dbcce","type":"Feature","geometry":{"type":"Polygon","coordinates":[[[-122.4025496,37.7868051],[-122.4021498,37.7871143],[-122.4019498,37.787269],[-122.4022994,37.7875512],[-122.4024983,37.7873974],[-122.4028992,37.7870873],[-122.4025496,37.7868051]],[[-122.4024776,37.7871859],[-122.4024085,37.7871301],[-122.4025417,37.7870271],[-122.4026108,37.7870829],[-122.4024776,37.7871859]]]},"properties":{"sources":[{"property":"","dataset":"OpenStreetMap","license":"ODbL-1.0","record_id":"r3492934@2","update_time":"2020-08-26T11:37:31.000Z","confidence":null,"between":null}],"height":28.0,"is_underground":false,"has_parts":true,"version":2}},
{"id":"b3c8a512-2851-40db-af4b-837565e34fc5","type":"Feature","geometry":{"type":"Polygon","coordinates":[[[-122.4031083,37.7872478],[-122.402998,37.7871559],[-122.4028546,37.787269],[-122.4029649,37.7873584],[-122.4031083,37.7872478]]]},"properties":{"sources":[{"property":"","dataset":"OpenStreetMap","license":"ODbL-1.0","record_id":"w940203399@1","update_time":"2021-05-06T23:48:53.000Z","confidence":null,"between":null},{"property":"/properties/height","dataset":"USGS Lidar","license":null,"record_id":null,"update_time":null,"confidence":null,"between":null}],"height":13.7,"is_underground":false,"num_floors":2,"has_parts":false,"version":1}},
{"id":"4ed7f456-8383-44f4-ae8d-120e8cf9d92a","type":"Feature","geometry":{"type":"Polygon","coordinates":[[[-122.4031416,37.7875253],[-122.4030462,37.7875997],[-122.4031309,37.7876673],[-122.4032842,37.7875469],[-122.4032277,37.787344],[-122.4031083,37.7872478],[-122.4029649,37.7873584],[-122.4028546,37.787269],[-122.4027495,37.7873507],[-122.4028226,37.787409],[-122.402829,37.7874144],[-122.4028947,37.7873638],[-122.4029429,37.7874028],[-122.402891,37.7874428],[-122.402993,37.7875254],[-122.403093,37.7874482],[-122.4031321,37.7874798],[-122.4031416,37.7875253]]]},"properties":{"names":{"primary":"Hearst Building","common":null,"rules":null},"sources":[{"property":"","dataset":"OpenStreetMap","license":"ODbL-1.0","record_id":"w132127809@7","update_time":"2024-07-07T18:57:07.000Z","confidence":null,"between":null}],"height":49.0,"is_underground":false,"has_parts":false,"version":1}},
{"id":"220161d7-8454-4966-badd-bf44830c6b05","type":"Feature","geometry":{"type":"Polygon","coordinates":[[[-122.4028489,37.7867341],[-122.403094,37.7869272],[-122.4033286,37.7867412],[-122.4034423,37.7866507],[-122.4035434,37.786571],[-122.4034853,37.7865252],[-122.4035047,37.7865098],[-122.4032344,37.7862968],[-122.4031061,37.7861957],[-122.4028206,37.786422],[-122.4026373,37.7865673],[-122.4027419,37.7866502],[-122.4028489,37.7867341]]]},"properties":{"names":{"primary":"Hyatt Regency San Francisco Downtown SOMA","common":null,"rules":[{"variant":"alternate","language":null,"perspectives":null,"value":"The Argent Hotel","between":null,"side":null},{"variant":"alternate","language":null,"perspectives":null,"value":"Park Central San Francisco","between":null,"side":null}]},"sources":[{"property":"","dataset":"OpenStreetMap","license":"ODbL-1.0","record_id":"w118480404@16","update_time":"2026-04-25T17:14:56.000Z","confidence":null,"between":null},{"property":"/properties/height","dataset":"Microsoft ML Buildings","license":"ODbL-1.0","record_id":null,"update_time":"2023-09-01T00:00:00.000Z","confidence":0.9969000220298767,"between":null}],"height":14.354052543640137,"is_underground":false,"num_floors":36,"subtype":"commercial","class":"hotel","has_parts":true,"version":3}},
{"id":"72c97318-652f-481e-8531-271dfe3a1cf8","type":"Feature","geometry":{"type":"Polygon","coordinates":[[[-122.4031577,37.7869984],[-122.4033981,37.787194],[-122.4035757,37.7870546],[-122.4035185,37.7870055],[-122.4035351,37.7869926],[-122.4035242,37.7869839],[-122.4035606,37.7869554],[-122.4033885,37.7868179],[-122.4031577,37.7869984]]]},"properties":{"sources":[{"property":"","dataset":"OpenStreetMap","license":"ODbL-1.0","record_id":"w149332504@7","update_time":"2024-07-07T18:57:07.000Z","confidence":null,"between":null}],"height":23.0,"is_underground":false,"has_parts":false,"version":1}},
{"id":"04eab08c-5c06-44b9-95f4-3841551f8d09","type":"Feature","geometry":{"type":"Polygon","coordinates":[[[-122.4028183,37.7883902],[-122.4026966,37.7884885],[-122.4028893,37.7886443],[-122.4028926,37.7886614],[-122.4031301,37.7885796],[-122.4032077,37.7885676],[-122.4031987,37.7885245],[-122.4031817,37.7884505],[-122.4031674,37.7884356],[-122.4031127,37.7884418],[-122.4031506,37.788418],[-122.4031116,37.7883765],[-122.4029648,37.7882663],[-122.4029144,37.7883133],[-122.4029032,37.7883046],[-122.4028075,37.7883819],[-122.4028183,37.7883902]]]},"properties":{"sources":[{"property":"","dataset":"OpenStreetMap","license":"ODbL-1.0","record_id":"w32946667@9","update_time":"2021-05-05T17:36:06.000Z","confidence":null,"between":null}],"height":22.0,"is_underground":false,"has_parts":false,"version":1}},
{"id":"3b9c0956-db4e-4c20-b688-dbbff8881be8","type":"Feature","geometry":{"type":"Polygon","coordinates":[[[-122.4029286,37.7889004],[-122.4031867,37.7888674],[-122.4031451,37.7886485],[-122.4031301,37.7885796],[-122.4028926,37.7886614],[-122.4029286,37.7889004]]]},"properties":{"names":{"primary":"First National Bank of Northern California","common":null,"rules":null},"sources":[{"property":"","dataset":"OpenStreetMap","license":"ODbL-1.0","record_id":"w32946665@7","update_time":"2021-08-24T08:57:34.000Z","confidence":null,"between":null}],"height":43.0,"is_underground":false,"has_parts":false,"version":1}},
{"id":"e2614f9f-0274-4cb3-8f77-ac0504d6a3c4","type":"Feature","geometry":{"type":"Polygon","coordinates":[[[-122.4029648,37.7882663],[-122.4031116,37.7883765],[-122.4031506,37.788418],[-122.4031674,37.7884356],[-122.4031817,37.7884505],[-122.4032785,37.7884367],[-122.4032721,37.7884083],[-122.4034425,37.7883839],[-122.4033768,37.7880696],[-122.4032223,37.7880831],[-122.4031536,37.7881171],[-122.4029648,37.7882663]]]},"properties":{"names":{"primary":"DeYoung Building","common":null,"rules":null},"sources":[{"property":"","dataset":"OpenStreetMap","license":"ODbL-1.0","record_id":"w32946675@9","update_time":"2024-08-25T14:14:25.000Z","confidence":null,"between":null}],"height":66.0,"is_underground":false,"has_parts":false,"version":1}},
{"id":"dcbea1f8-4115-4701-9917-208a1ea0d551","type":"Feature","geometry":{"type":"Polygon","coordinates":[[[-122.4031987,37.7885245],[-122.4034659,37.7884862],[-122.4034425,37.7883839],[-122.4032721,37.7884083],[-122.4032785,37.7884367],[-122.4031817,37.7884505],[-122.4031987,37.7885245]]]},"properties":{"sources":[{"property":"","dataset":"OpenStreetMap","license":"ODbL-1.0","record_id":"w939443823@2","update_time":"2021-05-05T17:36:06.000Z","confidence":null,"between":null},{"property":"/properties/height","dataset":"USGS Lidar","license":null,"record_id":null,"update_time":null,"confidence":null,"between":null}],"height":95.9,"is_underground":false,"has_parts":false,"version":1}},
{"id":"e8ab2e85-d109-42c7-aa19-cbffa86b71e6","type":"Feature","geometry":{"type":"Polygon","coordinates":[[[-122.4031987,37.7885245],[-122.4032077,37.7885676],[-122.4032216,37.7886392],[-122.4031451,37.7886485],[-122.4031867,37.7888674],[-122.4034563,37.7888352],[-122.4034624,37.7888385],[-122.4034908,37.7888431],[-122.4035208,37.788838],[-122.4035427,37.7888259],[-122.4035591,37.7888055],[-122.4035636,37.7887849],[-122.4035551,37.7887587],[-122.4035418,37.7887446],[-122.4035222,37.788734],[-122.4034659,37.7884862],[-122.4031987,37.7885245]],[[-122.4033021,37.7886841],[-122.4033884,37.7886741],[-122.4034009,37.7887421],[-122.4033147,37.7887521],[-122.4033021,37.7886841]]]},"properties":{"sources":[{"property":"","dataset":"OpenStreetMap","license":"ODbL-1.0","record_id":"r3492880@3","update_time":"2021-10-27T18:33:36.000Z","confidence":null,"between":null}],"height":97.0,"is_underground":false,"subtype":"commercial","class":"office","has_parts":false,"version":2}},
{"id":"3b0ef6bf-3fb3-44c2-9e5e-e5ab9b61057a","type":"Feature","geometry":{"type":"Polygon","coordinates":[[[-122.4030963,37.7893997],[-122.4036486,37.7893226],[-122.4036685,37.7892974],[-122.4036407,37.7891485],[-122.4036128,37.7889996],[-122.4035819,37.7889836],[-122.4030285,37.7890606],[-122.4030034,37.7890903],[-122.4030634,37.789384],[-122.4030963,37.7893997]]]},"properties":{"names":{"primary":"One Montgomery Tower","common":null,"rules":[{"variant":"short","language":null,"perspectives":null,"value":"Montgomery Tower","between":null,"side":null}]},"sources":[{"property":"","dataset":"OpenStreetMap","license":"ODbL-1.0","record_id":"w148716020@8","update_time":"2021-10-27T18:36:21.000Z","confidence":null,"between":null}],"height":152.0,"is_underground":false,"num_floors":38,"subtype":"commercial","class":"office","has_parts":false,"version":1}},
{"id":"a0129775-32c2-4305-a39d-ffb0b9b276d9","type":"Feature","geometry":{"type":"Polygon","coordinates":[[[-122.4031716,37.789819],[-122.4033759,37.7897929],[-122.4033297,37.7895665],[-122.4033087,37.7894637],[-122.4030855,37.7894921],[-122.4030634,37.789384],[-122.4030034,37.7890903],[-122.4028665,37.7891077],[-122.4027108,37.7891276],[-122.4027976,37.7895422],[-122.402858,37.7898386],[-122.403007,37.7898181],[-122.4031586,37.7897987],[-122.4031629,37.7898201],[-122.4031716,37.789819]]]},"properties":{"names":{"primary":"Crocker Galleria","common":null,"rules":null},"sources":[{"property":"","dataset":"OpenStreetMap","license":"ODbL-1.0","record_id":"w132125164@9","update_time":"2021-12-09T02:05:23.000Z","confidence":null,"between":null}],"level":1,"height":15.0,"is_underground":false,"has_parts":false,"version":1}},
{"id":"2a4bbab9-cf62-40ba-878d-4a29e6e5a9f7","type":"Feature","geometry":{"type":"Polygon","coordinates":[[[-122.4032286,37.7901591],[-122.4031925,37.789986],[-122.402833,37.7900328],[-122.4028837,37.7902667],[-122.4028984,37.7903385],[-122.4029051,37.7903707],[-122.4029191,37.7904384],[-122.4029464,37.7904348],[-122.4029978,37.7904282],[-122.403097,37.7904153],[-122.4031472,37.7904089],[-122.4032036,37.7904016],[-122.4033038,37.7903872],[-122.4032856,37.7902975],[-122.4032774,37.7902651],[-122.4032514,37.7902685],[-122.4032286,37.7901591]]]},"properties":{"names":{"primary":"Hallidie Building","common":null,"rules":null},"sources":[{"property":"","dataset":"OpenStreetMap","license":"ODbL-1.0","record_id":"w151195286@10","update_time":"2026-04-23T01:04:51.000Z","confidence":null,"between":null}],"height":30.0,"is_underground":false,"subtype":"commercial","class":"office","has_parts":true,"version":1}},
{"id":"4399467e-9b2d-4d3c-9c3c-70286498d88e","type":"Feature","geometry":{"type":"Polygon","coordinates":[[[-122.4032286,37.7901591],[-122.4035645,37.7901162],[-122.4035288,37.7899424],[-122.4031925,37.789986],[-122.4032286,37.7901591]]]},"properties":{"sources":[{"property":"","dataset":"OpenStreetMap","license":"ODbL-1.0","record_id":"w151195276@5","update_time":"2026-04-25T01:50:35.000Z","confidence":null,"between":null}],"height":26.0,"is_underground":false,"has_parts":false,"version":1}},
{"id":"1366d5e7-9c50-4b59-892f-cb93049f3567","type":"Feature","geometry":{"type":"Polygon","coordinates":[[[-122.4033334,37.7905518],[-122.4033371,37.7905692],[-122.4033596,37.790566],[-122.4034096,37.7905598],[-122.4033754,37.7903972],[-122.4033078,37.7904061],[-122.4033038,37.7903872],[-122.4032036,37.7904016],[-122.4032125,37.7904449],[-122.4032606,37.7904387],[-122.4032698,37.7904827],[-122.4033178,37.7904765],[-122.4033255,37.7905137],[-122.4033334,37.7905518]]]},"properties":{"sources":[{"property":"","dataset":"OpenStreetMap","license":"ODbL-1.0","record_id":"w1091966780@2","update_time":"2026-02-04T06:11:24.000Z","confidence":null,"between":null},{"property":"/properties/height","dataset":"USGS Lidar","license":null,"record_id":null,"update_time":null,"confidence":null,"between":null}],"height":10.9,"is_underground":false,"num_floors":1,"has_parts":false,"version":2}},
{"id":"fc9feb88-2f14-47ed-bfaf-040d077d3182","type":"Feature","geometry":{"type":"Polygon","coordinates":[[[-122.4032097,37.7909812],[-122.4032343,37.7910986],[-122.403275,37.7910933],[-122.4032669,37.7910545],[-122.4034771,37.7910271],[-122.403463,37.7909497],[-122.4033429,37.7909646],[-122.4032097,37.7909812]]]},"properties":{"names":{"primary":"San Francisco Curb Exchange Building","common":null,"rules":null},"sources":[{"property":"","dataset":"OpenStreetMap","license":"ODbL-1.0","record_id":"w151185875@6","update_time":"2023-07-12T22:36:47.000Z","confidence":null,"between":null}],"height":16.0,"is_underground":false,"has_parts":false,"version":1}},
{"id":"d0ab9cb6-f4b9-4989-b85f-2c4cb8bef1ef","type":"Feature","geometry":{"type":"Polygon","coordinates":[[[-122.4032109,37.7917362],[-122.403623,37.7916848],[-122.4035964,37.7915648],[-122.4035879,37.791527],[-122.403576,37.7914735],[-122.4035643,37.7914207],[-122.4035285,37.7912555],[-122.403516,37.7912018],[-122.4035027,37.7911457],[-122.4034863,37.7910649],[-122.4034771,37.7910271],[-122.4032669,37.7910545],[-122.403275,37.7910933],[-122.4032343,37.7910986],[-122.4032097,37.7909812],[-122.4031711,37.7909863],[-122.4030272,37.7910045],[-122.402978,37.7910101],[-122.4029999,37.7911164],[-122.4030433,37.7913266],[-122.4030532,37.7913747],[-122.4031342,37.7913642],[-122.4031844,37.7916077],[-122.4032109,37.7917362]]]},"properties":{"names":{"primary":"350 Bush St.","common":null,"rules":null},"sources":[{"property":"","dataset":"OpenStreetMap","license":"ODbL-1.0","record_id":"w151185876@6","update_time":"2022-09-04T23:20:30.000Z","confidence":null,"between":null},{"property":"/properties/height","dataset":"USGS Lidar","license":null,"record_id":null,"update_time":null,"confidence":null,"between":null}],"height":86.0,"is_underground":false,"num_floors":19,"has_parts":true,"version":1}},
{"id":"e12aa200-b19e-4f4f-8838-86dde7f2be8e","type":"Feature","geometry":{"type":"Polygon","coordinates":[[[-122.4028479,37.7907814],[-122.4028557,37.7908189],[-122.4029119,37.7908116],[-122.4029668,37.7908045],[-122.4030208,37.7907975],[-122.4030689,37.7907912],[-122.4031712,37.790778],[-122.403221,37.7907715],[-122.4032725,37.7907649],[-122.4033243,37.7907581],[-122.4033749,37.7907516],[-122.4033671,37.7907137],[-122.4033592,37.7906759],[-122.4033513,37.7906376],[-122.4033426,37.7905961],[-122.4033371,37.7905692],[-122.4033334,37.7905518],[-122.4033255,37.7905137],[-122.4033178,37.7904765],[-122.4032698,37.7904827],[-122.4032606,37.7904387],[-122.4032125,37.7904449],[-122.4032036,37.7904016],[-122.4031472,37.7904089],[-122.403097,37.7904153],[-122.4029978,37.7904282],[-122.4029464,37.7904348],[-122.4029191,37.7904384],[-122.4029051,37.7903707],[-122.4028984,37.7903385],[-122.4027597,37.7903565],[-122.4027896,37.7905006],[-122.4027979,37.7905406],[-122.4028062,37.7905806],[-122.4028147,37.7906213],[-122.4028237,37.790665],[-122.402832,37.790705],[-122.40284,37.7907434],[-122.4028479,37.7907814]]]},"properties":{"names":{"primary":"333 Bush","common":null,"rules":null},"sources":[{"property":"","dataset":"OpenStreetMap","license":"ODbL-1.0","record_id":"w132125167@8","update_time":"2022-11-10T21:05:47.000Z","confidence":null,"between":null}],"height":151.0,"is_underground":false,"num_floors":43,"has_parts":true,"version":1}},
{"id":"fbf4bc56-3ae9-4b5b-847b-b0239bfe7bde","type":"Feature","geometry":{"type":"Polygon","coordinates":[[[-122.4029999,37.7911164],[-122.402978,37.7910101],[-122.4025441,37.791066],[-122.4025821,37.7912503],[-122.4025899,37.7912881],[-122.4025974,37.7913245],[-122.4026421,37.791541],[-122.4026493,37.7915762],[-122.4026586,37.791621],[-122.402696,37.7918025],[-122.4032109,37.7917362],[-122.4031844,37.7916077],[-122.4031342,37.7913642],[-122.4030532,37.7913747],[-122.4030433,37.7913266],[-122.4029999,37.7911164]]]},"properties":{"names":{"primary":"Russ Building","common":null,"rules":null},"sources":[{"property":"","dataset":"OpenStreetMap","license":"ODbL-1.0","record_id":"w129142347@8","update_time":"2022-09-04T23:20:30.000Z","confidence":null,"between":null}],"height":132.6,"is_underground":false,"num_floors":32,"has_parts":true,"version":1}},
{"id":"13d157be-a590-4601-afb1-cf3da47c7511","type":"Feature","geometry":{"type":"Polygon","coordinates":[[[-122.4024911,37.7908629],[-122.4026827,37.7908394],[-122.4026436,37.7906399],[-122.402452,37.7906633],[-122.4024911,37.7908629]]]},"properties":{"names":{"primary":"Alexander Building","common":null,"rules":null},"sources":[{"property":"","dataset":"OpenStreetMap","license":"ODbL-1.0","record_id":"w132125157@5","update_time":"2022-09-04T23:55:14.000Z","confidence":null,"between":null}],"height":60.0,"is_underground":false,"has_parts":false,"version":1}},
{"id":"92457b79-0882-4fa2-9345-6233fa94dff2","type":"Feature","geometry":{"type":"Polygon","coordinates":[[[-122.4023633,37.7902163],[-122.402452,37.7906633],[-122.4026436,37.7906399],[-122.4025912,37.7903801],[-122.4025533,37.790191],[-122.402528,37.7900654],[-122.4023378,37.7900892],[-122.4023633,37.7902163]]]},"properties":{"names":{"primary":"101 Montgomery","common":null,"rules":null},"sources":[{"property":"","dataset":"OpenStreetMap","license":"ODbL-1.0","record_id":"w132125159@6","update_time":"2022-09-04T23:55:14.000Z","confidence":null,"between":null}],"height":123.0,"is_underground":false,"num_floors":28,"has_parts":true,"version":1}},
{"id":"d57d437a-4e63-420f-832c-03318c2ffef8","type":"Feature","geometry":{"type":"Polygon","coordinates":[[[-122.4023902,37.789594],[-122.4022414,37.789613],[-122.4023018,37.7899094],[-122.402858,37.7898386],[-122.4027976,37.7895422],[-122.4025787,37.7895701],[-122.4023902,37.789594]]]},"properties":{"names":{"primary":"Hunter-Dulin Building","common":null,"rules":null},"sources":[{"property":"","dataset":"OpenStreetMap","license":"ODbL-1.0","record_id":"w942664247@1","update_time":"2021-05-13T17:07:05.000Z","confidence":null,"between":null}],"height":94.0,"is_underground":false,"has_parts":true,"version":1}},
{"id":"b1f675cb-1aaa-4a46-b048-a68b261a04b3","type":"Feature","geometry":{"type":"Polygon","coordinates":[[[-122.4027597,37.7903565],[-122.4028984,37.7903385],[-122.4028837,37.7902667],[-122.4028164,37.7902756],[-122.4027668,37.7900401],[-122.402614,37.7900602],[-122.402679,37.790369],[-122.4027597,37.7903565]]]},"properties":{"sources":[{"property":"","dataset":"OpenStreetMap","license":"ODbL-1.0","record_id":"w151195282@4","update_time":"2022-11-10T21:05:47.000Z","confidence":null,"between":null}],"height":39.0,"is_underground":false,"has_parts":false,"version":1}},
{"id":"15c65702-fe09-4ab0-a9c4-f36a183f09da","type":"Feature","geometry":{"type":"Polygon","coordinates":[[[-122.4028164,37.7902756],[-122.4028837,37.7902667],[-122.402833,37.7900328],[-122.4027668,37.7900401],[-122.4028164,37.7902756]]]},"properties":{"sources":[{"property":"","dataset":"OpenStreetMap","license":"ODbL-1.0","record_id":"w151195273@1","update_time":"2022-09-04T23:55:14.000Z","confidence":null,"between":null},{"property":"/properties/height","dataset":"USGS Lidar","license":null,"record_id":null,"update_time":null,"confidence":null,"between":null}],"height":35.1,"is_underground":false,"has_parts":false,"version":1}},
{"id":"21670736-1409-48a4-87fb-e9c44e920c55","type":"Feature","geometry":{"type":"Polygon","coordinates":[[[-122.4027108,37.7891276],[-122.4027076,37.7891043],[-122.4022489,37.7891615],[-122.402227,37.7891701],[-122.4022007,37.7891836],[-122.4021873,37.7891996],[-122.4021712,37.7892229],[-122.4021712,37.7892557],[-122.4022414,37.789613],[-122.4023902,37.789594],[-122.4025787,37.7895701],[-122.4027976,37.7895422],[-122.4027108,37.7891276]]]},"properties":{"sources":[{"property":"","dataset":"OpenStreetMap","license":"ODbL-1.0","record_id":"w132125162@4","update_time":"2021-05-13T17:07:05.000Z","confidence":null,"between":null}],"height":15.0,"is_underground":false,"has_parts":false,"version":1}},
{"id":"08fb24e5-eee7-40da-a079-4e55f2fbcdc2","type":"Feature","geometry":{"type":"Polygon","coordinates":[[[-122.4015039,37.7894287],[-122.4015579,37.7897188],[-122.4017276,37.7896977],[-122.4017041,37.7895688],[-122.4016237,37.7895805],[-122.4016166,37.7895418],[-122.4017684,37.7894223],[-122.4017351,37.7892501],[-122.4015039,37.7894287]]]},"properties":{"names":{"primary":"Hobart Building","common":null,"rules":null},"sources":[{"property":"","dataset":"OpenStreetMap","license":"ODbL-1.0","record_id":"w32946628@11","update_time":"2024-08-25T14:14:24.000Z","confidence":null,"between":null}],"height":86.0,"is_underground":false,"num_floors":21,"has_parts":false,"version":1}},
{"id":"bed30d8a-afeb-44a5-91d2-8d08e14e0585","type":"Feature","geometry":{"type":"Polygon","coordinates":[[[-122.401259,37.7888015],[-122.4011375,37.788897],[-122.4013709,37.7890826],[-122.4014924,37.7889871],[-122.4012801,37.7888183],[-122.401259,37.7888015]]]},"properties":{"sources":[{"property":"","dataset":"OpenStreetMap","license":"ODbL-1.0","record_id":"w79377175@5","update_time":"2020-06-29T17:59:48.000Z","confidence":null,"between":null}],"height":54.0,"is_underground":false,"has_parts":false,"version":1}},
{"id":"9520af8a-a99a-4068-b7d5-7ef9acbcb382","type":"Feature","geometry":{"type":"Polygon","coordinates":[[[-122.4006812,37.7905195],[-122.4007364,37.7905132],[-122.4006998,37.7903457],[-122.4006934,37.7903161],[-122.4006278,37.7900003],[-122.4006685,37.7899682],[-122.4007127,37.7900035],[-122.4008918,37.7898609],[-122.4010394,37.7897437],[-122.4011497,37.7896556],[-122.401108,37.7896212],[-122.4013245,37.7894494],[-122.401568,37.7892553],[-122.4018549,37.7890314],[-122.4018947,37.7890632],[-122.4019093,37.7891466],[-122.4017578,37.7891644],[-122.401764,37.7891967],[-122.4019158,37.7891798],[-122.401941,37.7891767],[-122.4019683,37.7891734],[-122.4019403,37.7890259],[-122.4020747,37.7889199],[-122.40224,37.788792],[-122.4021997,37.7887595],[-122.4024637,37.7885525],[-122.40233,37.788446],[-122.4022185,37.7885334],[-122.4021826,37.7885043],[-122.4019613,37.788677],[-122.4019209,37.7887097],[-122.4017903,37.7888121],[-122.4018273,37.7888424],[-122.4011287,37.7893941],[-122.4010813,37.7893567],[-122.4009271,37.7894757],[-122.4008089,37.7895693],[-122.4006713,37.7896784],[-122.4005124,37.7898024],[-122.4005616,37.7898413],[-122.4004358,37.7899404],[-122.4005414,37.7900234],[-122.4005696,37.7900462],[-122.4005801,37.7900552],[-122.4005851,37.7900787],[-122.4006448,37.7903529],[-122.4006812,37.7905195]]]},"properties":{"names":{"primary":"Montgomery Street Station","common":[["ko","몽고메리 역"]],"rules":null},"sources":[{"property":"","dataset":"OpenStreetMap","license":"ODbL-1.0","record_id":"w550652205@7","update_time":"2026-06-28T09:30:11.000Z","confidence":null,"between":null},{"property":"/properties/height","dataset":"USGS Lidar","license":null,"record_id":null,"update_time":null,"confidence":null,"between":null}],"level":-1,"height":6.7,"is_underground":true,"num_floors_underground":3,"subtype":"transportation","class":"train_station","has_parts":true,"version":1}},
{"id":"4bd0ccb7-ac8c-4b93-ab70-a5b12d4290a0","type":"Feature","geometry":{"type":"Polygon","coordinates":[[[-122.40143,37.7897686],[-122.4015655,37.7897518],[-122.4015579,37.7897188],[-122.4015039,37.7894287],[-122.4013812,37.7895235],[-122.40143,37.7897686]]]},"properties":{"sources":[{"property":"","dataset":"OpenStreetMap","license":"ODbL-1.0","record_id":"w148712645@5","update_time":"2024-07-07T18:32:22.000Z","confidence":null,"between":null}],"height":25.0,"is_underground":false,"has_parts":false,"version":1}},
{"id":"7740ae92-5efa-4a8a-8cc0-79171062826d","type":"Feature","geometry":{"type":"Polygon","coordinates":[[[-122.4014329,37.7897839],[-122.40143,37.7897686],[-122.4013812,37.7895235],[-122.4012608,37.7896166],[-122.4012944,37.7898015],[-122.4014329,37.7897839]]]},"properties":{"sources":[{"property":"","dataset":"OpenStreetMap","license":"ODbL-1.0","record_id":"w148712646@4","update_time":"2024-07-07T18:32:22.000Z","confidence":null,"between":null}],"height":11.0,"is_underground":false,"has_parts":false,"version":1}},
{"id":"427d3935-779d-4e36-bd6b-a88e1ce54e8a","type":"Feature","geometry":{"type":"Polygon","coordinates":[[[-122.4013174,37.7899129],[-122.4013464,37.7900509],[-122.4014859,37.7900329],[-122.4014479,37.7898507],[-122.4014414,37.7898199],[-122.4013018,37.7898379],[-122.4013174,37.7899129]]]},"properties":{"sources":[{"property":"","dataset":"OpenStreetMap","license":"ODbL-1.0","record_id":"w148712649@3","update_time":"2018-01-25T19:25:15.000Z","confidence":null,"between":null}],"height":12.0,"is_underground":false,"has_parts":false,"version":1}},
{"id":"44329e30-8f17-4970-b01a-bc7e5ea2c649","type":"Feature","geometry":{"type":"Polygon","coordinates":[[[-122.4017684,37.7894223],[-122.4017909,37.7895454],[-122.4017323,37.7895529],[-122.4017841,37.7898072],[-122.4014977,37.7898437],[-122.4014479,37.7898507],[-122.4014859,37.7900329],[-122.4015348,37.7900261],[-122.4020594,37.7899593],[-122.402093,37.7899551],[-122.4020561,37.7897736],[-122.4020832,37.7897702],[-122.4020706,37.7897085],[-122.4020435,37.7897119],[-122.4020041,37.7895183],[-122.4019905,37.7894496],[-122.4019449,37.7892249],[-122.4017351,37.7892501],[-122.4017684,37.7894223]]]},"properties":{"names":{"primary":"44 Montgomery Street","common":null,"rules":null},"sources":[{"property":"","dataset":"OpenStreetMap","license":"ODbL-1.0","record_id":"w32963370@6","update_time":"2019-05-17T06:46:22.000Z","confidence":null,"between":null}],"height":172.0,"is_underground":false,"num_floors":43,"subtype":"commercial","class":"office","has_parts":true,"version":1}},
{"id":"d9c93614-193f-4e35-ba8f-aaf718fa5fb6","type":"Feature","geometry":{"type":"Polygon","coordinates":[[[-122.4008768,37.7910883],[-122.4018184,37.7909718],[-122.401805,37.7909044],[-122.4017473,37.7906128],[-122.4017419,37.7905859],[-122.4014785,37.7906185],[-122.4011,37.7906653],[-122.4009981,37.790678],[-122.4008004,37.7907024],[-122.4008768,37.7910883]]]},"properties":{"names":{"primary":"225 Bush Street","common":null,"rules":null},"sources":[{"property":"","dataset":"OpenStreetMap","license":"ODbL-1.0","record_id":"w942665601@2","update_time":"2024-01-31T19:48:10.000Z","confidence":null,"between":null}],"height":100.0,"is_underground":false,"num_floors":22,"has_parts":true,"version":1}},
{"id":"3384f273-fb5e-4c7d-9496-c0f66f033f59","type":"Feature","geometry":{"type":"Polygon","coordinates":[[[-122.401264,37.7916229],[-122.4014179,37.7916043],[-122.401341,37.7912194],[-122.4011876,37.7912387],[-122.401264,37.7916229]]]},"properties":{"names":{"primary":"Mills Tower","common":null,"rules":null},"sources":[{"property":"","dataset":"OpenStreetMap","license":"ODbL-1.0","record_id":"w256066232@5","update_time":"2024-08-21T00:34:31.000Z","confidence":null,"between":null}],"height":92.0,"is_underground":false,"num_floors":22,"has_parts":false,"version":1}},
{"id":"4f3c97d9-edf4-42c0-8c91-3a8f14030dc4","type":"Feature","geometry":{"type":"Polygon","coordinates":[[[-122.4014179,37.7916043],[-122.4015233,37.7915915],[-122.4015555,37.7915875],[-122.4021271,37.7915162],[-122.4021358,37.7915598],[-122.4023904,37.7915281],[-122.4023047,37.7910992],[-122.401341,37.7912194],[-122.4014179,37.7916043]],[[-122.402183,37.7913656],[-122.4019892,37.7913892],[-122.401963,37.7912546],[-122.4021567,37.791231],[-122.402183,37.7913656]],[[-122.4018298,37.7914128],[-122.4015316,37.7914492],[-122.4015049,37.7913122],[-122.4018031,37.7912758],[-122.4018298,37.7914128]]]},"properties":{"names":{"primary":"Mills Building","common":null,"rules":null},"sources":[{"property":"","dataset":"OpenStreetMap","license":"ODbL-1.0","record_id":"r3492808@2","update_time":"2024-08-21T00:34:31.000Z","confidence":null,"between":null}],"height":47.0,"is_underground":false,"num_floors":10,"has_parts":false,"version":2}},
{"id":"e6acb41c-9015-4d24-bd3c-3c5dab1d9fc3","type":"Feature","geometry":{"type":"Polygon","coordinates":[[[-122.4015588,37.790271],[-122.4016065,37.7905277],[-122.4018878,37.7904955],[-122.4021902,37.7904587],[-122.4021337,37.790159],[-122.4015506,37.7902267],[-122.4015588,37.790271]]]},"properties":{"names":{"primary":"100 Montgomery","common":null,"rules":null},"sources":[{"property":"","dataset":"OpenStreetMap","license":"ODbL-1.0","record_id":"w132125166@4","update_time":"2022-09-04T23:02:08.000Z","confidence":null,"between":null}],"height":108.0,"is_underground":false,"num_floors":25,"has_parts":false,"version":1}},
{"id":"7347e35d-99e8-4d21-adbf-ae64797f4a42","type":"Feature","geometry":{"type":"Polygon","coordinates":[[[-122.4019067,37.7905923],[-122.4022091,37.7905554],[-122.4021902,37.7904587],[-122.4018878,37.7904955],[-122.4019067,37.7905923]]]},"properties":{"sources":[{"property":"","dataset":"OpenStreetMap","license":"ODbL-1.0","record_id":"w942665598@2","update_time":"2022-09-04T23:02:08.000Z","confidence":null,"between":null},{"property":"/properties/height","dataset":"USGS Lidar","license":null,"record_id":null,"update_time":null,"confidence":null,"between":null}],"height":63.5,"is_underground":false,"num_floors":6,"has_parts":false,"version":1}},
{"id":"427a817b-21d0-42dd-8047-3f83bec3dd90","type":"Feature","geometry":{"type":"Polygon","coordinates":[[[-122.4018883,37.790894],[-122.4018969,37.7909381],[-122.4022764,37.7908911],[-122.4022091,37.7905554],[-122.4019067,37.7905923],[-122.4018303,37.7906025],[-122.4017473,37.7906128],[-122.401805,37.7909044],[-122.4018883,37.790894]]]},"properties":{"sources":[{"property":"","dataset":"OpenStreetMap","license":"ODbL-1.0","record_id":"w132125163@4","update_time":"2022-09-04T23:02:08.000Z","confidence":null,"between":null}],"height":104.0,"is_underground":false,"has_parts":true,"version":1}},
{"id":"80eb9207-97be-44c3-b904-60140f9fdeb3","type":"Feature","geometry":{"type":"Polygon","coordinates":[[[-122.4021989,37.791874],[-122.402455,37.7918411],[-122.4023904,37.7915281],[-122.4021358,37.7915598],[-122.4021989,37.791874]]]},"properties":{"names":{"primary":"250 Montgomery","common":null,"rules":[{"variant":"alternate","language":null,"perspectives":null,"value":"Continental Center","between":null,"side":null}]},"sources":[{"property":"","dataset":"OpenStreetMap","license":"ODbL-1.0","record_id":"w256066242@6","update_time":"2024-08-21T00:34:31.000Z","confidence":null,"between":null}],"height":68.0,"is_underground":false,"num_floors":16,"has_parts":false,"version":1}},
{"id":"88fa17c1-01d5-473d-ad5f-beba1b0b42c7","type":"Feature","geometry":{"type":"Polygon","coordinates":[[[-122.4023776,37.7926564],[-122.4024037,37.7927848],[-122.4026382,37.792755],[-122.4024865,37.7920083],[-122.4020587,37.7920627],[-122.4020868,37.7921929],[-122.4020962,37.7922367],[-122.402113,37.7923244],[-122.4023055,37.7923006],[-122.4023233,37.7923909],[-122.4023776,37.7926564]]]},"properties":{"sources":[{"property":"","dataset":"OpenStreetMap","license":"ODbL-1.0","record_id":"w944039725@1","update_time":"2021-05-17T21:26:56.000Z","confidence":null,"between":null}],"height":58.0,"is_underground":false,"num_floors":12,"has_parts":true,"version":1}},
{"id":"b93040de-f858-4199-98b5-62b979cdbd1a","type":"Feature","geometry":{"type":"Polygon","coordinates":[[[-122.4019929,37.7928375],[-122.4024037,37.7927848],[-122.4023776,37.7926564],[-122.4023233,37.7923909],[-122.4023055,37.7923006],[-122.402113,37.7923244],[-122.4020113,37.7923356],[-122.4018969,37.7923511],[-122.4019149,37.7924411],[-122.4019929,37.7928375]]]},"properties":{"names":{"primary":"California Bank and Trust","common":null,"rules":null},"sources":[{"property":"","dataset":"OpenStreetMap","license":"ODbL-1.0","record_id":"w256067740@5","update_time":"2024-04-04T13:05:53.000Z","confidence":null,"between":null}],"height":61.0,"is_underground":false,"has_parts":true,"version":1}},
{"id":"bc15c614-2c10-4088-aec2-e2ddfc0e2208","type":"Feature","geometry":{"type":"Polygon","coordinates":[[[-122.4019929,37.7922506],[-122.4019553,37.7920766],[-122.4018408,37.7920921],[-122.4018969,37.7923511],[-122.4020113,37.7923356],[-122.4019929,37.7922506]]]},"properties":{"sources":[{"property":"","dataset":"OpenStreetMap","license":"ODbL-1.0","record_id":"w256067726@4","update_time":"2021-05-17T21:26:56.000Z","confidence":null,"between":null}],"height":28.0,"is_underground":false,"has_parts":false,"version":1}},
{"id":"acb26a15-a3b2-4629-a7d0-535dc20d0cef","type":"Feature","geometry":{"type":"Polygon","coordinates":[[[-122.4020868,37.7921929],[-122.4020587,37.7920627],[-122.4019553,37.7920766],[-122.4019929,37.7922506],[-122.4020962,37.7922367],[-122.4020868,37.7921929]]]},"properties":{"sources":[{"property":"","dataset":"OpenStreetMap","license":"ODbL-1.0","record_id":"w256067721@4","update_time":"2021-05-17T21:26:56.000Z","confidence":null,"between":null}],"height":29.0,"is_underground":false,"has_parts":false,"version":1}},
{"id":"f0093ec8-60d8-49c4-8cf7-d9c5fae2afb3","type":"Feature","geometry":{"type":"Polygon","coordinates":[[[-122.4018786,37.7917838],[-122.4019056,37.7919171],[-122.4021686,37.7918838],[-122.4021417,37.791751],[-122.4021189,37.791639],[-122.4021051,37.7915707],[-122.4018422,37.791604],[-122.4018557,37.7916706],[-122.4018786,37.7917838]]]},"properties":{"names":{"primary":"Exchange Block Building","common":null,"rules":null},"sources":[{"property":"","dataset":"OpenStreetMap","license":"ODbL-1.0","record_id":"w1309156123@1","update_time":"2024-08-21T00:34:31.000Z","confidence":null,"between":null}],"height":31.0,"is_underground":false,"num_floors":8,"has_parts":true,"version":1}},
{"id":"268b329c-9c1e-4cc5-af28-910ca53d2c93","type":"Feature","geometry":{"type":"Polygon","coordinates":[[[-122.4016687,37.7919408],[-122.401817,37.7919228],[-122.401755,37.7916043],[-122.4016068,37.7916223],[-122.4016687,37.7919408]]]},"properties":{"sources":[{"property":"","dataset":"OpenStreetMap","license":"ODbL-1.0","record_id":"w256066239@4","update_time":"2020-07-09T03:49:32.000Z","confidence":null,"between":null}],"height":22.0,"is_underground":false,"has_parts":false,"version":1}},
{"id":"88c14b48-59f2-40cf-ad07-31dea04c0c01","type":"Feature","geometry":{"type":"Polygon","coordinates":[[[-122.4015047,37.7916878],[-122.4010528,37.7917426],[-122.4010959,37.7919685],[-122.4015479,37.7919147],[-122.4015047,37.7916878]]]},"properties":{"names":{"primary":"San Francisco Pacific Exchange Building","common":null,"rules":[{"variant":"alternate","language":null,"perspectives":null,"value":"Pacific Coast Stock Exchange","between":null,"side":null}]},"sources":[{"property":"","dataset":"OpenStreetMap","license":"ODbL-1.0","record_id":"w256066230@7","update_time":"2024-08-25T14:18:13.000Z","confidence":null,"between":null}],"height":16.0,"is_underground":false,"has_parts":false,"version":1}},
{"id":"22f70b2e-1270-4604-93fd-fc8abdf4b379","type":"Feature","geometry":{"type":"Polygon","coordinates":[[[-122.401579,37.7922536],[-122.4015562,37.7921332],[-122.4014067,37.7921507],[-122.4014323,37.7922853],[-122.4014342,37.7922953],[-122.4014423,37.7922944],[-122.4014662,37.79242],[-122.4014532,37.7924215],[-122.40146,37.7924569],[-122.4014731,37.7924554],[-122.4014802,37.7924928],[-122.4016222,37.7924759],[-122.4016044,37.7923825],[-122.4015814,37.7923852],[-122.4015568,37.7922562],[-122.401579,37.7922536]]]},"properties":{"sources":[{"property":"","dataset":"OpenStreetMap","license":"ODbL-1.0","record_id":"w260283288@5","update_time":"2024-01-30T04:17:03.000Z","confidence":null,"between":null}],"height":38.0,"is_underground":false,"has_parts":false,"version":1}},
{"id":"9d5d42f0-f71d-458d-8914-5bd7a5d7046f","type":"Feature","geometry":{"type":"Polygon","coordinates":[[[-122.4012611,37.792356],[-122.4012519,37.7923062],[-122.4014323,37.7922853],[-122.4014067,37.7921507],[-122.4010959,37.7921878],[-122.40113,37.7923712],[-122.4012611,37.792356]]]},"properties":{"names":{"primary":"Royal Insurance Building","common":null,"rules":null},"sources":[{"property":"","dataset":"OpenStreetMap","license":"ODbL-1.0","record_id":"w256067738@8","update_time":"2024-07-10T15:04:31.000Z","confidence":null,"between":null}],"height":41.0,"is_underground":false,"has_parts":false,"version":1}},
{"id":"969ae9c0-1067-4226-8e25-c2d63b2a5ddc","type":"Feature","geometry":{"type":"Polygon","coordinates":[[[-122.4012611,37.792356],[-122.40113,37.7923712],[-122.4011454,37.7924496],[-122.4014055,37.7924195],[-122.4014301,37.7924161],[-122.4014179,37.7923511],[-122.4012638,37.7923691],[-122.4012611,37.792356]]]},"properties":{"sources":[{"property":"","dataset":"OpenStreetMap","license":"ODbL-1.0","record_id":"w256067716@5","update_time":"2024-01-30T04:17:03.000Z","confidence":null,"between":null}],"height":15.0,"is_underground":false,"has_parts":false,"version":1}},
{"id":"b7dd4105-7b0e-4093-a14d-47aa025c4dbb","type":"Feature","geometry":{"type":"Polygon","coordinates":[[[-122.4014055,37.7924195],[-122.4011454,37.7924496],[-122.401166,37.7925621],[-122.4012877,37.7925473],[-122.4012831,37.7925266],[-122.4013967,37.7925135],[-122.4014007,37.792535],[-122.4014614,37.7925279],[-122.4014547,37.7924917],[-122.4014196,37.7924958],[-122.4014055,37.7924195]]]},"properties":{"sources":[{"property":"","dataset":"OpenStreetMap","license":"ODbL-1.0","record_id":"w256067718@7","update_time":"2024-01-30T04:16:28.000Z","confidence":null,"between":null}],"height":24.0,"is_underground":false,"has_parts":false,"version":1}},
{"id":"b1d954b0-3949-4f5c-83b2-537cd855dfae","type":"Feature","geometry":{"type":"Polygon","coordinates":[[[-122.4012877,37.7925473],[-122.401166,37.7925621],[-122.4011914,37.7926934],[-122.4013108,37.7926789],[-122.4013132,37.7926913],[-122.4014914,37.7926697],[-122.401488,37.792652],[-122.401468,37.7925488],[-122.4012921,37.7925701],[-122.4012877,37.7925473]]]},"properties":{"sources":[{"property":"","dataset":"OpenStreetMap","license":"ODbL-1.0","record_id":"w256067714@7","update_time":"2024-01-30T04:16:28.000Z","confidence":null,"between":null}],"height":53.0,"is_underground":false,"has_parts":false,"version":1}},
{"id":"f482a5f3-c5bb-497d-a53a-779c68990e99","type":"Feature","geometry":{"type":"Polygon","coordinates":[[[-122.4012507,37.7929351],[-122.4015352,37.792902],[-122.4014951,37.7926865],[-122.4012105,37.7927196],[-122.4012507,37.7929351]]]},"properties":{"sources":[{"property":"","dataset":"OpenStreetMap","license":"ODbL-1.0","record_id":"w260283289@4","update_time":"2024-01-30T04:16:28.000Z","confidence":null,"between":null}],"height":109.0,"is_underground":false,"has_parts":false,"version":1}},
{"id":"79b1da42-2ed7-4f18-b4aa-1066d7f0a58a","type":"Feature","geometry":{"type":"Polygon","coordinates":[[[-122.4018285,37.7924827],[-122.4017576,37.7921094],[-122.4015562,37.7921332],[-122.401579,37.7922536],[-122.4015966,37.7923463],[-122.4016046,37.7923454],[-122.4016145,37.7923973],[-122.4016295,37.7923955],[-122.4016371,37.7924355],[-122.4016451,37.7924345],[-122.401658,37.7925029],[-122.4018285,37.7924827]]]},"properties":{"names":{"primary":"Leidesdorff Place","common":null,"rules":null},"sources":[{"property":"","dataset":"OpenStreetMap","license":"ODbL-1.0","record_id":"w260283286@5","update_time":"2024-08-21T00:34:31.000Z","confidence":null,"between":null}],"height":31.0,"is_underground":false,"has_parts":false,"version":1}},
{"id":"cd6e1525-a61b-407a-bb33-6c92eac6e14f","type":"Feature","geometry":{"type":"Polygon","coordinates":[[[-122.4015352,37.792902],[-122.4015356,37.7929078],[-122.4019069,37.792866],[-122.4018975,37.7928139],[-122.4018855,37.7928152],[-122.4018372,37.7925473],[-122.4018494,37.7925459],[-122.4018393,37.7924895],[-122.4018297,37.7924906],[-122.4016181,37.7925144],[-122.4016243,37.7925488],[-122.4015183,37.7925607],[-122.4015338,37.7926469],[-122.401488,37.792652],[-122.4014914,37.7926697],[-122.4014951,37.7926865],[-122.4015352,37.792902]]]},"properties":{"sources":[{"property":"","dataset":"OpenStreetMap","license":"ODbL-1.0","record_id":"w256067734@6","update_time":"2025-06-27T17:13:31.000Z","confidence":null,"between":null}],"height":48.0,"is_underground":false,"has_parts":false,"version":2}},
{"id":"8a6e421f-b566-4e84-bb29-3b850ee9f6fb","type":"Feature","geometry":{"type":"Polygon","coordinates":[[[-122.4016697,37.7934711],[-122.4016583,37.7934152],[-122.4016075,37.7931666],[-122.4015981,37.7931205],[-122.4012948,37.7931592],[-122.4012986,37.7931781],[-122.40129,37.7931792],[-122.4013577,37.79351],[-122.4016697,37.7934711]]]},"properties":{"sources":[{"property":"","dataset":"OpenStreetMap","license":"ODbL-1.0","record_id":"w260286446@5","update_time":"2025-06-27T17:12:15.000Z","confidence":null,"between":null}],"height":22.0,"is_underground":false,"has_parts":false,"version":2}},
{"id":"e578816f-1371-4bb5-b4ee-9dcc4688e773","type":"Feature","geometry":{"type":"Polygon","coordinates":[[[-122.401489,37.7941397],[-122.4018294,37.794096],[-122.4018095,37.7939992],[-122.4014691,37.794043],[-122.401489,37.7941397]]]},"properties":{"sources":[{"property":"","dataset":"OpenStreetMap","license":"ODbL-1.0","record_id":"w32947521@4","update_time":"2024-05-22T22:50:13.000Z","confidence":null,"between":null}],"height":16.0,"is_underground":false,"has_parts":false,"version":1}},
{"id":"d093c14d-0a7a-473f-804e-887d4241abe4","type":"Feature","geometry":{"type":"Polygon","coordinates":[[[-122.4018011,37.7935243],[-122.4013821,37.7935796],[-122.4014096,37.7937155],[-122.4014444,37.7937111],[-122.4014483,37.7937302],[-122.4018321,37.7936817],[-122.4018011,37.7935243]]]},"properties":{"sources":[{"property":"","dataset":"OpenStreetMap","license":"ODbL-1.0","record_id":"w260286436@2","update_time":"2016-08-04T01:54:24.000Z","confidence":null,"between":null},{"property":"/properties/height","dataset":"USGS Lidar","license":null,"record_id":null,"update_time":null,"confidence":null,"between":null}],"height":64.4,"is_underground":false,"num_floors":12,"has_parts":false,"version":1}},
{"id":"77a554b0-9609-4417-b7e9-924892088c83","type":"Feature","geometry":{"type":"Polygon","coordinates":[[[-122.4018321,37.7936817],[-122.4014483,37.7937302],[-122.4014069,37.7937354],[-122.4014442,37.7939197],[-122.4018694,37.793866],[-122.4018321,37.7936817]]]},"properties":{"sources":[{"property":"","dataset":"OpenStreetMap","license":"ODbL-1.0","record_id":"w260286443@2","update_time":"2026-05-20T08:22:31.000Z","confidence":null,"between":null},{"property":"/properties/height","dataset":"USGS Lidar","license":null,"record_id":null,"update_time":null,"confidence":null,"between":null}],"height":65.7,"is_underground":false,"num_floors":15,"has_parts":false,"version":2}},
{"id":"913a2614-5fdd-417b-b8aa-f67a314b5a7f","type":"Feature","geometry":{"type":"Polygon","coordinates":[[[-122.401489,37.7941397],[-122.4015036,37.7942108],[-122.4018043,37.794172],[-122.401883,37.7941619],[-122.4019174,37.7941576],[-122.4018829,37.7939898],[-122.4018095,37.7939992],[-122.4018294,37.794096],[-122.401489,37.7941397]]]},"properties":{"sources":[{"property":"","dataset":"OpenStreetMap","license":"ODbL-1.0","record_id":"w165480948@6","update_time":"2024-05-22T22:50:13.000Z","confidence":null,"between":null}],"height":17.0,"is_underground":false,"has_parts":false,"version":1}},
{"id":"683fea77-aab3-4dda-babc-1f98df3d23de","type":"Feature","geometry":{"type":"Polygon","coordinates":[[[-122.4019174,37.7941576],[-122.4020221,37.7941441],[-122.402056,37.7943086],[-122.4022443,37.7942844],[-122.402176,37.7939521],[-122.4018829,37.7939898],[-122.4019174,37.7941576]]]},"properties":{"names":{"primary":"Station J","common":null,"rules":null},"sources":[{"property":"","dataset":"OpenStreetMap","license":"ODbL-1.0","record_id":"w165480949@6","update_time":"2024-07-23T15:09:04.000Z","confidence":null,"between":null}],"is_underground":false,"has_parts":false,"version":1}},
{"id":"b09cef1d-5b00-4660-8102-6524cd80466f","type":"Feature","geometry":{"type":"Polygon","coordinates":[[[-122.4018321,37.7936817],[-122.4018694,37.793866],[-122.4021208,37.7938342],[-122.4020494,37.7934814],[-122.401798,37.7935131],[-122.4018011,37.7935243],[-122.4018321,37.7936817]]]},"properties":{"sources":[{"property":"","dataset":"OpenStreetMap","license":"ODbL-1.0","record_id":"w260286444@1","update_time":"2014-02-06T14:47:57.000Z","confidence":null,"between":null},{"property":"/properties/height","dataset":"USGS Lidar","license":null,"record_id":null,"update_time":null,"confidence":null,"between":null}],"height":53.8,"is_underground":false,"has_parts":false,"version":1}},
{"id":"090b076d-3515-415c-a721-446801a999a7","type":"Feature","geometry":{"type":"Polygon","coordinates":[[[-122.4019504,37.7931874],[-122.4019316,37.7930928],[-122.4016542,37.7931271],[-122.4016607,37.79316],[-122.4016075,37.7931666],[-122.4016583,37.7934152],[-122.4016673,37.7934141],[-122.4016784,37.79347],[-122.4019985,37.7934301],[-122.4019847,37.7933606],[-122.4020096,37.7933575],[-122.4020033,37.7933256],[-122.4019784,37.793328700000004],[-122.4019757,37.7933151],[-122.4019961,37.7933126],[-122.4019707,37.7931849],[-122.4019504,37.7931874]]]},"properties":{"sources":[{"property":"","dataset":"OpenStreetMap","license":"ODbL-1.0","record_id":"w260286440@4","update_time":"2025-06-27T17:12:15.000Z","confidence":null,"between":null}],"height":89.0,"is_underground":false,"has_parts":false,"version":2}},
{"id":"cdfe2af0-f34a-4c06-814b-8949a38ce0b6","type":"Feature","geometry":{"type":"Polygon","coordinates":[[[-122.4023928,37.7934016],[-122.4024559,37.7933939],[-122.4024447,37.7933368],[-122.4024285,37.7932541],[-122.4024127,37.7931738],[-122.4023822,37.7930184],[-122.4020216,37.7930627],[-122.4020983,37.7934529],[-122.4021713,37.7938248],[-122.4025084,37.7937835],[-122.4024421,37.793446],[-122.4024025,37.7934509],[-122.4023928,37.7934016]]]},"properties":{"names":{"primary":"Wells Fargo","common":null,"rules":null},"sources":[{"property":"","dataset":"OpenStreetMap","license":"ODbL-1.0","record_id":"w32947380@7","update_time":"2019-05-17T08:23:27.000Z","confidence":null,"between":null},{"property":"/properties/height","dataset":"USGS Lidar","license":null,"record_id":null,"update_time":null,"confidence":null,"between":null}],"height":65.7,"is_underground":false,"num_floors":12,"has_parts":false,"version":1}},
{"id":"96b591f4-4a60-4d9a-8037-a947c4234a49","type":"Feature","geometry":{"type":"Polygon","coordinates":[[[-122.4024328,37.7940848],[-122.4024047,37.7939324],[-122.4022674,37.7939482],[-122.4022956,37.7941006],[-122.4024328,37.7940848]]]},"properties":{"names":{"primary":"Wayfare Tavern","common":null,"rules":null},"sources":[{"property":"","dataset":"OpenStreetMap","license":"ODbL-1.0","record_id":"w308339610@4","update_time":"2023-11-18T03:14:48.000Z","confidence":null,"between":null}],"is_underground":false,"subtype":"commercial","has_parts":false,"version":1}},
{"id":"5614c264-c51d-45ae-8f58-d4486a3e7903","type":"Feature","geometry":{"type":"Polygon","coordinates":[[[-122.4023273,37.7942711],[-122.4025753,37.7942422],[-122.402544,37.794085],[-122.4025164,37.7940878],[-122.4024846,37.7939211],[-122.4024047,37.7939324],[-122.4024328,37.7940848],[-122.4022956,37.7941006],[-122.4023273,37.7942711]]]},"properties":{"sources":[{"property":"","dataset":"OpenStreetMap","license":"ODbL-1.0","record_id":"w256067736@4","update_time":"2021-05-12T17:02:42.000Z","confidence":null,"between":null},{"property":"/properties/height","dataset":"USGS Lidar","license":null,"record_id":null,"update_time":null,"confidence":null,"between":null}],"height":21.2,"is_underground":false,"num_floors":4,"has_parts":false,"version":1}},
{"id":"626c4a75-c2a6-4fe8-979d-3226c6e7074a","type":"Feature","geometry":{"type":"Polygon","coordinates":[[[-122.4026001,37.7940474],[-122.4025739,37.7939104],[-122.4024846,37.7939211],[-122.4025164,37.7940878],[-122.402544,37.794085],[-122.4026058,37.7940773],[-122.4026001,37.7940474]]]},"properties":{"sources":[{"property":"","dataset":"OpenStreetMap","license":"ODbL-1.0","record_id":"w942303808@1","update_time":"2021-05-12T17:02:42.000Z","confidence":null,"between":null},{"property":"/properties/height","dataset":"USGS Lidar","license":null,"record_id":null,"update_time":null,"confidence":null,"between":null}],"height":15.9,"is_underground":false,"has_parts":false,"version":1}},
{"id":"72cb3cd4-235f-4d60-964f-43aaf1fcac67","type":"Feature","geometry":{"type":"Polygon","coordinates":[[[-122.4025753,37.7942422],[-122.4027472,37.7942209],[-122.4027306,37.7941371],[-122.402716,37.7940636],[-122.4026058,37.7940773],[-122.402544,37.794085],[-122.4025753,37.7942422]]]},"properties":{"names":{"primary":"Station J","common":null,"rules":null},"sources":[{"property":"","dataset":"OpenStreetMap","license":"ODbL-1.0","record_id":"w942303807@5","update_time":"2024-07-09T18:42:36.000Z","confidence":null,"between":null}],"is_underground":false,"has_parts":false,"version":1}},
{"id":"b0d4b1e4-7e21-49e0-b9bd-16fd8fe1d0f8","type":"Feature","geometry":{"type":"Polygon","coordinates":[[[-122.4026001,37.7940474],[-122.4027108,37.7940337],[-122.4026836,37.7938967],[-122.4025739,37.7939104],[-122.4026001,37.7940474]]]},"properties":{"sources":[{"property":"","dataset":"OpenStreetMap","license":"ODbL-1.0","record_id":"w942303805@1","update_time":"2021-05-12T17:02:42.000Z","confidence":null,"between":null},{"property":"/properties/height","dataset":"USGS Lidar","license":null,"record_id":null,"update_time":null,"confidence":null,"between":null}],"height":30.8,"is_underground":false,"has_parts":false,"version":1}},
{"id":"48d3ee1a-3b02-44ee-8724-6ed871b229c8","type":"Feature","geometry":{"type":"Polygon","coordinates":[[[-122.4029227,37.7941135],[-122.4027306,37.7941371],[-122.4027472,37.7942209],[-122.4029392,37.7941975],[-122.4029227,37.7941135]]]},"properties":{"sources":[{"property":"","dataset":"OpenStreetMap","license":"ODbL-1.0","record_id":"w942303804@1","update_time":"2021-05-12T17:02:42.000Z","confidence":null,"between":null},{"property":"/properties/height","dataset":"USGS Lidar","license":null,"record_id":null,"update_time":null,"confidence":null,"between":null}],"height":11.8,"is_underground":false,"has_parts":false,"version":1}},
{"id":"da84a0e3-ee0d-4173-ab02-d76521895221","type":"Feature","geometry":{"type":"Polygon","coordinates":[[[-122.4028748,37.793873],[-122.4026836,37.7938967],[-122.4027108,37.7940337],[-122.402716,37.7940636],[-122.4027306,37.7941371],[-122.4029227,37.7941135],[-122.4028748,37.793873]]]},"properties":{"names":{"primary":"Anglo Bank Building","common":null,"rules":null},"sources":[{"property":"","dataset":"OpenStreetMap","license":"ODbL-1.0","record_id":"w942303806@2","update_time":"2023-03-17T12:07:51.000Z","confidence":null,"between":null},{"property":"/properties/height","dataset":"USGS Lidar","license":null,"record_id":null,"update_time":null,"confidence":null,"between":null}],"height":13.4,"is_underground":false,"has_parts":false,"version":1}},
{"id":"3c3994cd-20ea-4e08-a09e-c34fba5a6bfc","type":"Feature","geometry":{"type":"Polygon","coordinates":[[[-122.4025084,37.7937835],[-122.4028329,37.7937437],[-122.4027726,37.7934327],[-122.4025625,37.7934584],[-122.4025387,37.7934613],[-122.4025263,37.7933982],[-122.402435,37.7934094],[-122.4024421,37.793446],[-122.4025084,37.7937835]]]},"properties":{"sources":[{"property":"","dataset":"OpenStreetMap","license":"ODbL-1.0","record_id":"w151183779@8","update_time":"2021-05-12T16:30:05.000Z","confidence":null,"between":null}],"height":114.0,"is_underground":false,"num_floors":22,"has_parts":false,"version":1}},
{"id":"5d0deb49-68cc-43e6-bd20-353ee1892880","type":"Feature","geometry":{"type":"Polygon","coordinates":[[[-122.4025625,37.7934584],[-122.4027726,37.7934327],[-122.4027471,37.7933],[-122.4025128,37.7933285],[-122.4025263,37.7933982],[-122.4025387,37.7934613],[-122.4025625,37.7934584]]]},"properties":{"sources":[{"property":"","dataset":"OpenStreetMap","license":"ODbL-1.0","record_id":"w690663635@1","update_time":"2019-05-17T08:23:27.000Z","confidence":null,"between":null},{"property":"/properties/height","dataset":"USGS Lidar","license":null,"record_id":null,"update_time":null,"confidence":null,"between":null}],"height":20.0,"is_underground":false,"subtype":"commercial","class":"commercial","has_parts":false,"version":1}},
{"id":"fb7607df-fcf8-40cf-8e6c-bb473a7e96f0","type":"Feature","geometry":{"type":"Polygon","coordinates":[[[-122.4027087,37.7931033],[-122.402685,37.7929815],[-122.4023822,37.7930184],[-122.4024019,37.7931185],[-122.4024127,37.7931738],[-122.4024285,37.7932541],[-122.4024447,37.7933368],[-122.4025128,37.7933285],[-122.4027471,37.7933],[-122.4027365,37.7932458],[-122.4027121,37.7931204],[-122.4027087,37.7931033]]]},"properties":{"names":{"primary":"Alvinza Hayward Building","common":null,"rules":[{"variant":"alternate","language":null,"perspectives":null,"value":"Kohl Building","between":null,"side":null}]},"sources":[{"property":"","dataset":"OpenStreetMap","license":"ODbL-1.0","record_id":"w690663633@3","update_time":"2021-05-12T16:30:05.000Z","confidence":null,"between":null},{"property":"/properties/height","dataset":"USGS Lidar","license":null,"record_id":null,"update_time":null,"confidence":null,"between":null}],"height":64.3,"is_underground":false,"num_floors":9,"subtype":"commercial","class":"office","has_parts":true,"version":1}},
{"id":"cae520ab-1eae-4dce-b3e8-1be6a5edb991","type":"Feature","geometry":{"type":"Polygon","coordinates":[[[-122.4031844,37.7923514],[-122.4028034,37.7923993],[-122.4028615,37.792704],[-122.4028796,37.7927127],[-122.4032317,37.7926703],[-122.4032438,37.7926512],[-122.4031844,37.7923514]]]},"properties":{"names":{"primary":"Institute of Contemporary Art San Francisco","common":null,"rules":[{"variant":"alternate","language":null,"perspectives":null,"value":"ICA SF","between":null,"side":null}]},"sources":[{"property":"","dataset":"OpenStreetMap","license":"ODbL-1.0","record_id":"w288511103@10","update_time":"2025-09-06T06:09:18.000Z","confidence":null,"between":null}],"height":30.0,"is_underground":false,"subtype":"entertainment","has_parts":false,"version":1}},
{"id":"455e847f-5c06-4fa6-9181-670bc1ed2b43","type":"Feature","geometry":{"type":"Polygon","coordinates":[[[-122.4027864,37.7923352],[-122.4032714,37.792273],[-122.4032444,37.7921342],[-122.4029759,37.7921687],[-122.4029561,37.7920722],[-122.4032256,37.7920377],[-122.403214,37.7919783],[-122.4032043,37.791924],[-122.4027148,37.7919867],[-122.402724,37.7920373],[-122.4027864,37.7923352]]]},"properties":{"names":{"primary":"Commercial Union Assurance Building","common":null,"rules":null},"sources":[{"property":"","dataset":"OpenStreetMap","license":"ODbL-1.0","record_id":"w32859357@9","update_time":"2024-01-30T04:51:23.000Z","confidence":null,"between":null}],"height":101.0,"is_underground":false,"num_floors":16,"has_parts":false,"version":1}},
{"id":"fb5104fd-4137-4cee-b983-f8704626d27e","type":"Feature","geometry":{"type":"Polygon","coordinates":[[[-122.4032702,37.7934905],[-122.4034392,37.7934687],[-122.4034807,37.7934638],[-122.4034746,37.7934336],[-122.4034367,37.7934384],[-122.4034344,37.7934271],[-122.4034064,37.7932896],[-122.4031653,37.7933201],[-122.4029984,37.7933407],[-122.4030352,37.793519],[-122.4032702,37.7934905]]]},"properties":{"sources":[{"property":"","dataset":"OpenStreetMap","license":"ODbL-1.0","record_id":"w151183782@10","update_time":"2024-05-03T20:49:47.000Z","confidence":null,"between":null}],"height":41.0,"is_underground":false,"has_parts":false,"version":1}},
{"id":"e94fb188-6f5c-476b-8c82-5d459c311fbc","type":"Feature","geometry":{"type":"Polygon","coordinates":[[[-122.4029234,37.7929608],[-122.4029984,37.7933407],[-122.4031653,37.7933201],[-122.4034064,37.7932896],[-122.4034727,37.7932814],[-122.4034221,37.7930323],[-122.4033965,37.7929025],[-122.4029234,37.7929608]]]},"properties":{"names":{"primary":"Omni San Francisco Hotel","common":null,"rules":null},"sources":[{"property":"","dataset":"OpenStreetMap","license":"ODbL-1.0","record_id":"w1279459281@2","update_time":"2025-11-07T19:03:05.000Z","confidence":null,"between":null}],"height":62.0,"is_underground":false,"num_floors":14,"has_parts":true,"version":1}},
{"id":"547bf597-57cd-454f-94bc-98b9225119be","type":"Feature","geometry":{"type":"Polygon","coordinates":[[[-122.4030352,37.793519],[-122.403072,37.7937085],[-122.4033372,37.7936764],[-122.4033194,37.7935849],[-122.4032893,37.7935886],[-122.4032702,37.7934905],[-122.4030352,37.793519]]]},"properties":{"sources":[{"property":"","dataset":"OpenStreetMap","license":"ODbL-1.0","record_id":"w151183781@3","update_time":"2021-05-12T16:30:05.000Z","confidence":null,"between":null},{"property":"/properties/height","dataset":"USGS Lidar","license":null,"record_id":null,"update_time":null,"confidence":null,"between":null}],"height":15.6,"is_underground":false,"num_floors":3,"has_parts":false,"version":1}},
{"id":"e2f30a1f-fb97-465c-a3d3-239b2783203b","type":"Feature","geometry":{"type":"Polygon","coordinates":[[[-122.4031734,37.7941643],[-122.4036114,37.7941091],[-122.4035459,37.7937843],[-122.4031079,37.7938394],[-122.403111,37.7938546],[-122.4031734,37.7941643]]]},"properties":{"sources":[{"property":"","dataset":"OpenStreetMap","license":"ODbL-1.0","record_id":"w260925344@5","update_time":"2024-05-03T20:49:47.000Z","confidence":null,"between":null}],"height":134.0,"is_underground":false,"num_floors":24,"has_parts":true,"version":1}},
{"id":"7644d2b5-c46c-44ea-8e10-501a9993490d","type":"Feature","geometry":{"type":"Polygon","coordinates":[[[-122.4035459,37.7937843],[-122.4036114,37.7941091],[-122.4038356,37.7940809],[-122.4037993,37.7939007],[-122.4037701,37.7937561],[-122.4035459,37.7937843]]]},"properties":{"sources":[{"property":"","dataset":"OpenStreetMap","license":"ODbL-1.0","record_id":"w260925346@3","update_time":"2018-01-22T17:39:41.000Z","confidence":null,"between":null}],"height":17.0,"is_underground":false,"has_parts":false,"version":1}},
{"id":"04a575d7-34ae-46c8-9b44-2ed90c59a041","type":"Feature","geometry":{"type":"Polygon","coordinates":[[[-122.403474,37.7936542],[-122.4035401,37.7936465],[-122.4035095,37.7934839],[-122.4035052,37.7934609],[-122.4034807,37.7934638],[-122.4034392,37.7934687],[-122.403474,37.7936542]]]},"properties":{"sources":[{"property":"","dataset":"OpenStreetMap","license":"ODbL-1.0","record_id":"w942288403@1","update_time":"2024-05-03T20:49:47.000Z","confidence":null,"between":null},{"property":"/properties/height","dataset":"USGS Lidar","license":null,"record_id":null,"update_time":null,"confidence":null,"between":null}],"height":36.1,"is_underground":false,"has_parts":false,"version":1}},
{"id":"385d1c90-97db-446e-97b4-951e86d865be","type":"Feature","geometry":{"type":"Polygon","coordinates":[[[-122.4033965,37.7929025],[-122.4034221,37.7930323],[-122.4034727,37.7932814],[-122.4034886,37.7933755],[-122.4038168,37.7933368],[-122.4038429,37.7933332],[-122.4039137,37.7933242],[-122.4038171,37.7928498],[-122.4034394,37.7928978],[-122.4033965,37.7929025]]]},"properties":{"sources":[{"property":"","dataset":"OpenStreetMap","license":"ODbL-1.0","record_id":"w243794014@4","update_time":"2024-05-03T20:49:47.000Z","confidence":null,"between":null}],"height":55.0,"is_underground":false,"has_parts":true,"version":1}},
{"id":"7bcd0b86-fd66-4d47-b52f-47d30771794f","type":"Feature","geometry":{"type":"Polygon","coordinates":[[[-122.4034968,37.79342],[-122.4038252,37.7933809],[-122.4038203,37.7933554],[-122.4038168,37.7933368],[-122.4034886,37.7933755],[-122.4034968,37.79342]]]},"properties":{"sources":[{"property":"","dataset":"OpenStreetMap","license":"ODbL-1.0","record_id":"w1279459280@1","update_time":"2024-05-03T20:49:47.000Z","confidence":null,"between":null}],"is_underground":false,"num_floors":1,"has_parts":false,"version":1}},
{"id":"f61e9a01-0734-4947-bdd6-237968385b6d","type":"Feature","geometry":{"type":"Polygon","coordinates":[[[-122.4036073,37.7936384],[-122.4039749,37.7935946],[-122.4039317,37.7933682],[-122.4038526,37.7933776],[-122.4038252,37.7933809],[-122.4034968,37.79342],[-122.4035052,37.7934609],[-122.4035095,37.7934839],[-122.4035401,37.7936465],[-122.4036073,37.7936384]]]},"properties":{"names":{"primary":"550 California Sacramento Tower","common":null,"rules":null},"sources":[{"property":"","dataset":"OpenStreetMap","license":"ODbL-1.0","record_id":"w256067724@5","update_time":"2024-05-03T20:49:47.000Z","confidence":null,"between":null}],"height":34.0,"is_underground":false,"has_parts":false,"version":1}},
{"id":"398f0a3d-efb9-42e3-bdea-109238fdbd04","type":"Feature","geometry":{"type":"Polygon","coordinates":[[[-122.4039321,37.7937357],[-122.4037701,37.7937561],[-122.4037993,37.7939007],[-122.4039613,37.7938803],[-122.4039573,37.7938605],[-122.4039484,37.7938164],[-122.4039321,37.7937357]]]},"properties":{"names":{"primary":"San Francisco Evangelical Free Church","common":null,"rules":null},"sources":[{"property":"","dataset":"OpenStreetMap","license":"ODbL-1.0","record_id":"w260925337@7","update_time":"2024-08-25T14:18:45.000Z","confidence":null,"between":null}],"height":14.0,"is_underground":false,"subtype":"religious","has_parts":false,"version":1}},
{"id":"514c71d6-56e1-4551-bc7b-5abd67c8db07","type":"Feature","geometry":{"type":"Polygon","coordinates":[[[-122.4039613,37.7938803],[-122.4037993,37.7939007],[-122.4038356,37.7940809],[-122.4039976,37.7940605],[-122.4039746,37.7939463],[-122.4039683,37.793915],[-122.4039613,37.7938803]]]},"properties":{"sources":[{"property":"","dataset":"OpenStreetMap","license":"ODbL-1.0","record_id":"w260925347@4","update_time":"2020-07-09T03:49:35.000Z","confidence":null,"between":null}],"height":12.0,"is_underground":false,"has_parts":false,"version":1}},
{"id":"96d3a199-eb6b-4122-a5b2-14937420e87b","type":"Feature","geometry":{"type":"Polygon","coordinates":[[[-122.4040496,37.7937213],[-122.4039321,37.7937357],[-122.4039484,37.7938164],[-122.403961,37.7938148],[-122.4039699,37.7938589],[-122.4039573,37.7938605],[-122.4039613,37.7938803],[-122.4039683,37.793915],[-122.4039996,37.793911],[-122.4040059,37.7939424],[-122.4039746,37.7939463],[-122.4039976,37.7940605],[-122.4039986,37.7940655],[-122.4041158,37.7940509],[-122.4041056,37.7940009],[-122.4040983,37.793963],[-122.4040843,37.7939648],[-122.4040776,37.7939318],[-122.4040908,37.7939302],[-122.4040834,37.7938941],[-122.4040809,37.7938814],[-122.4040742,37.7938475],[-122.4040632,37.7938489],[-122.4040539,37.7938028],[-122.4040659,37.7938013],[-122.4040636,37.7937927],[-122.4040496,37.7937213]]]},"properties":{"sources":[{"property":"","dataset":"OpenStreetMap","license":"ODbL-1.0","record_id":"w260925341@4","update_time":"2023-12-08T23:18:01.000Z","confidence":null,"between":null}],"is_underground":false,"has_parts":false,"version":1}},
{"id":"d2b63190-239e-494f-b67c-24b36c92f965","type":"Feature","geometry":{"type":"Polygon","coordinates":[[[-122.404124,37.7937124],[-122.4040496,37.7937213],[-122.4040636,37.7937927],[-122.4040736,37.7937915],[-122.4040802,37.7938251],[-122.4040701,37.7938264],[-122.4040742,37.7938475],[-122.4040809,37.7938814],[-122.4041214,37.7938764],[-122.4041181,37.7938597],[-122.4041523,37.7938555],[-122.4041414,37.7938004],[-122.4041127,37.7938039],[-122.4041079,37.7937793],[-122.4041365,37.7937758],[-122.404124,37.7937124]]]},"properties":{"sources":[{"property":"","dataset":"OpenStreetMap","license":"ODbL-1.0","record_id":"w260925340@5","update_time":"2023-12-08T23:17:05.000Z","confidence":null,"between":null}],"is_underground":false,"has_parts":false,"version":1}},
{"id":"32ed4503-cee4-4e81-8b27-61c805ac4d30","type":"Feature","geometry":{"type":"Polygon","coordinates":[[[-122.4041414,37.7938004],[-122.4041523,37.7938555],[-122.4041535,37.7938616],[-122.404231,37.793852],[-122.4042015,37.7937028],[-122.404124,37.7937124],[-122.4041365,37.7937758],[-122.4041414,37.7938004]]]},"properties":{"sources":[{"property":"","dataset":"OpenStreetMap","license":"ODbL-1.0","record_id":"w260925339@5","update_time":"2023-12-08T23:17:05.000Z","confidence":null,"between":null}],"is_underground":false,"has_parts":false,"version":1}},
{"id":"57d8fadb-335f-4422-8493-6710afa478cb","type":"Feature","geometry":{"type":"Polygon","coordinates":[[[-122.4041849,37.7938815],[-122.4042168,37.7940377],[-122.4042684,37.7940311],[-122.4042365,37.7938749],[-122.4041849,37.7938815]]]},"properties":{"sources":[{"property":"","dataset":"OpenStreetMap","license":"ODbL-1.0","record_id":"w1229790674@1","update_time":"2023-12-08T23:18:01.000Z","confidence":null,"between":null}],"is_underground":false,"has_parts":false,"version":1}},
{"id":"b870ff7d-3a49-4fff-8a32-44ef4e2f4263","type":"Feature","geometry":{"type":"Polygon","coordinates":[[[-122.4041158,37.7940509],[-122.4042168,37.7940377],[-122.4041849,37.7938815],[-122.4040834,37.7938941],[-122.4040908,37.7939302],[-122.4041099,37.7939278],[-122.4041244,37.7939985],[-122.4041056,37.7940009],[-122.4041158,37.7940509]]]},"properties":{"sources":[{"property":"","dataset":"OpenStreetMap","license":"ODbL-1.0","record_id":"w260925338@2","update_time":"2023-12-08T23:18:01.000Z","confidence":null,"between":null}],"is_underground":false,"has_parts":false,"version":1}},
{"id":"ce5fb4ff-56dc-48b4-8cfc-6e79431691e1","type":"Feature","geometry":{"type":"Polygon","coordinates":[[[-122.4042809,37.7941176],[-122.4042833,37.7941292],[-122.4043088,37.7942547],[-122.4043146,37.7942834],[-122.4043183,37.7942829],[-122.404369,37.7942764],[-122.4043456,37.7941614],[-122.4043573,37.7941599],[-122.4043469,37.794109],[-122.4042809,37.7941176]]]},"properties":{"sources":[{"property":"","dataset":"OpenStreetMap","license":"ODbL-1.0","record_id":"w260924241@1","update_time":"2014-02-10T14:18:23.000Z","confidence":null,"between":null},{"property":"/properties/height","dataset":"USGS Lidar","license":null,"record_id":null,"update_time":null,"confidence":null,"between":null}],"height":14.8,"is_underground":false,"has_parts":false,"version":1}},
{"id":"bb99cbfa-9174-4b45-90f9-0ceab4c3db64","type":"Feature","geometry":{"type":"Polygon","coordinates":[[[-122.4043438,37.7940167],[-122.4043101,37.7938541],[-122.4042336,37.793864],[-122.4042365,37.7938749],[-122.4042684,37.7940311],[-122.4042693,37.7940356],[-122.4043459,37.7940257],[-122.4043438,37.7940167]]]},"properties":{"sources":[{"property":"","dataset":"OpenStreetMap","license":"ODbL-1.0","record_id":"w260925350@3","update_time":"2026-05-18T07:53:43.000Z","confidence":null,"between":null}],"is_underground":false,"has_parts":false,"version":2}},
{"id":"51ac37bc-b876-44de-a31d-70c8c676c799","type":"Feature","geometry":{"type":"Polygon","coordinates":[[[-122.4043438,37.7940167],[-122.4044091,37.7940086],[-122.4043835,37.7938818],[-122.4043763,37.7938456],[-122.4043101,37.7938541],[-122.4043438,37.7940167]]]},"properties":{"sources":[{"property":"","dataset":"OpenStreetMap","license":"ODbL-1.0","record_id":"w260925343@3","update_time":"2023-12-08T23:18:01.000Z","confidence":null,"between":null}],"is_underground":false,"has_parts":false,"version":1}},
{"id":"c2945b13-08b6-4ab3-a311-d3a214ed9089","type":"Feature","geometry":{"type":"Polygon","coordinates":[[[-122.4045296,37.7940857],[-122.4043469,37.794109],[-122.4043573,37.7941599],[-122.40438,37.7942709],[-122.404465,37.7942601],[-122.4044543,37.7942076],[-122.4045519,37.7941951],[-122.4045467,37.7941663],[-122.4045316,37.7940924],[-122.4045296,37.7940857]]]},"properties":{"sources":[{"property":"","dataset":"OpenStreetMap","license":"ODbL-1.0","record_id":"w260924242@1","update_time":"2014-02-10T14:18:23.000Z","confidence":null,"between":null},{"property":"/properties/height","dataset":"USGS Lidar","license":null,"record_id":null,"update_time":null,"confidence":null,"between":null}],"height":15.0,"is_underground":false,"has_parts":false,"version":1}},
{"id":"b159179c-1d8d-47f8-9425-a7d5bb480333","type":"Feature","geometry":{"type":"Polygon","coordinates":[[[-122.4045582,37.7938597],[-122.4043835,37.7938818],[-122.4044091,37.7940086],[-122.4045838,37.7939865],[-122.4045582,37.7938597]]]},"properties":{"sources":[{"property":"","dataset":"OpenStreetMap","license":"ODbL-1.0","record_id":"w260925342@1","update_time":"2023-12-08T23:17:05.000Z","confidence":null,"between":null},{"property":"/properties/height","dataset":"USGS Lidar","license":null,"record_id":null,"update_time":null,"confidence":null,"between":null}],"height":5.5,"is_underground":false,"has_parts":false,"version":1}},
{"id":"9950cbeb-9bba-4b23-9a33-afddf940dc13","type":"Feature","geometry":{"type":"Polygon","coordinates":[[[-122.4044571,37.7937524],[-122.404441,37.793673],[-122.4043432,37.7936854],[-122.4043715,37.7938231],[-122.4044691,37.7938107],[-122.4044571,37.7937524]]]},"properties":{"sources":[{"property":"","dataset":"OpenStreetMap","license":"ODbL-1.0","record_id":"w1229790537@1","update_time":"2023-12-08T23:17:05.000Z","confidence":null,"between":null}],"is_underground":false,"has_parts":false,"version":1}},
{"id":"5df57b15-0203-405d-b3ee-de5d1e555692","type":"Feature","geometry":{"type":"Polygon","coordinates":[[[-122.404531,37.7937431],[-122.4044571,37.7937524],[-122.4044691,37.7938107],[-122.4043715,37.7938231],[-122.4043763,37.7938456],[-122.4043835,37.7938818],[-122.4045582,37.7938597],[-122.4045681,37.7938586],[-122.4045444,37.7937413],[-122.404531,37.7937431]]]},"properties":{"sources":[{"property":"","dataset":"OpenStreetMap","license":"ODbL-1.0","record_id":"w260925351@3","update_time":"2023-12-08T23:17:05.000Z","confidence":null,"between":null}],"is_underground":false,"has_parts":false,"version":1}},
{"id":"29df162a-974e-410e-9d9b-a61475be4b4c","type":"Feature","geometry":{"type":"Polygon","coordinates":[[[-122.404531,37.7937431],[-122.4045149,37.7936636],[-122.404441,37.793673],[-122.4044571,37.7937524],[-122.404531,37.7937431]]]},"properties":{"sources":[{"property":"","dataset":"OpenStreetMap","license":"ODbL-1.0","record_id":"w260925345@1","update_time":"2023-12-08T23:17:05.000Z","confidence":null,"between":null},{"property":"/properties/height","dataset":"USGS Lidar","license":null,"record_id":null,"update_time":null,"confidence":null,"between":null}],"height":13.5,"is_underground":false,"has_parts":false,"version":1}},
{"id":"2d7cbd20-4236-4378-80f4-d5461c74e898","type":"Feature","geometry":{"type":"Polygon","coordinates":[[[-122.4043432,37.7936854],[-122.4042015,37.7937028],[-122.404231,37.793852],[-122.4042336,37.793864],[-122.4043101,37.7938541],[-122.4043763,37.7938456],[-122.4043715,37.7938231],[-122.4043432,37.7936854]]]},"properties":{"names":{"primary":"Canton Bazaar","common":null,"rules":null},"sources":[{"property":"","dataset":"OpenStreetMap","license":"ODbL-1.0","record_id":"w260925348@6","update_time":"2023-12-08T23:18:01.000Z","confidence":null,"between":null}],"is_underground":false,"has_parts":false,"version":1}},
{"id":"2ca9ddf0-47cc-4400-ae2f-5a08c5c2ada3","type":"Feature","geometry":{"type":"Polygon","coordinates":[[[-122.4039778,37.7931864],[-122.4044008,37.7931297],[-122.4043262,37.7927823],[-122.4039032,37.792839],[-122.4039778,37.7931864]]]},"properties":{"sources":[{"property":"","dataset":"OpenStreetMap","license":"ODbL-1.0","record_id":"w148741786@7","update_time":"2018-04-25T14:53:47.000Z","confidence":null,"between":null}],"height":98.0,"is_underground":false,"num_floors":15,"has_parts":false,"version":1}},
{"id":"d687d053-514c-4f17-bccf-d7f4fad55fd1","type":"Feature","geometry":{"type":"Polygon","coordinates":[[[-122.4040623,37.7935802],[-122.4044853,37.7935235],[-122.4044008,37.7931297],[-122.4039778,37.7931864],[-122.4040623,37.7935802]]]},"properties":{"sources":[{"property":"","dataset":"OpenStreetMap","license":"ODbL-1.0","record_id":"w32947355@5","update_time":"2020-07-09T03:49:32.000Z","confidence":null,"between":null}],"height":42.0,"is_underground":false,"num_floors":9,"has_parts":false,"version":1}},
{"id":"9678a81d-90c5-4713-abf9-bafba3cfc7b2","type":"Feature","geometry":{"type":"Polygon","coordinates":[[[-122.404249,37.7925298],[-122.404242,37.7925341],[-122.404239,37.7925421],[-122.404241,37.7925497],[-122.404249,37.7925551],[-122.404259,37.7925562],[-122.404267,37.7925536],[-122.404273,37.7925478],[-122.404274,37.7925402],[-122.404269,37.7925324],[-122.40426,37.7925287],[-122.404249,37.7925298]]]},"properties":{"names":{"primary":"Batter Bakery Kiosk","common":null,"rules":null},"sources":[{"property":"","dataset":"OpenStreetMap","license":"ODbL-1.0","record_id":"w148740506@10","update_time":"2024-07-09T18:46:23.000Z","confidence":null,"between":null}],"is_underground":false,"has_parts":false,"version":1}},
{"id":"70c06972-eaeb-4563-8a26-6ab294062987","type":"Feature","geometry":{"type":"Polygon","coordinates":[[[-122.40392370000001,37.7916609],[-122.4041229,37.7916346],[-122.4041112,37.7915794],[-122.4039121,37.7916057],[-122.40392370000001,37.7916609]]]},"properties":{"sources":[{"property":"","dataset":"OpenStreetMap","license":"ODbL-1.0","record_id":"w148741772@2","update_time":"2022-03-12T06:34:21.000Z","confidence":null,"between":null}],"height":14.0,"is_underground":false,"has_parts":false,"version":1}},
{"id":"e9fffd8e-e0e7-4e64-aafd-fa758898ed84","type":"Feature","geometry":{"type":"Polygon","coordinates":[[[-122.4039008,37.7915525],[-122.4039121,37.7916057],[-122.4041112,37.7915794],[-122.4041,37.7915261],[-122.4039008,37.7915525]]]},"properties":{"sources":[{"property":"","dataset":"OpenStreetMap","license":"ODbL-1.0","record_id":"w148741773@2","update_time":"2022-03-12T06:34:21.000Z","confidence":null,"between":null}],"height":14.0,"is_underground":false,"has_parts":false,"version":1}},
{"id":"5c9c21e5-0ab8-4d4a-b901-95f48748956c","type":"Feature","geometry":{"type":"Polygon","coordinates":[[[-122.4037576,37.7916669],[-122.4038047,37.7916633],[-122.4038193,37.7916474],[-122.4037888,37.7915006],[-122.4037243,37.7915091],[-122.4037329,37.7915497],[-122.4037453,37.7916087],[-122.4037576,37.7916669]]]},"properties":{"sources":[{"property":"","dataset":"OpenStreetMap","license":"ODbL-1.0","record_id":"w148741777@5","update_time":"2018-01-25T19:25:15.000Z","confidence":null,"between":null}],"height":10.0,"is_underground":false,"has_parts":false,"version":1}},
{"id":"3225016c-52d4-4f8a-b306-f510f58d8dc5","type":"Feature","geometry":{"type":"Polygon","coordinates":[[[-122.4032849,37.7923377],[-122.4032906,37.7923624],[-122.4034689,37.7923401],[-122.4034976,37.7923208],[-122.4035407,37.7923362],[-122.4035749,37.7923134],[-122.4036138,37.7923279],[-122.403646,37.7923065],[-122.403688,37.7923194],[-122.4037077,37.7922989],[-122.4037448,37.7923113],[-122.4037758,37.7922885],[-122.4038168,37.7923019],[-122.4038478,37.7922799],[-122.4038909,37.7922901],[-122.4039159,37.7922713],[-122.4039538,37.7922813],[-122.4039838,37.7922624],[-122.4040228,37.7922717],[-122.4040538,37.7922533],[-122.4040928,37.7922615],[-122.4041291,37.7922392],[-122.4041609,37.7922503],[-122.4041947,37.792225],[-122.4042136,37.7921857],[-122.4041891,37.7921643],[-122.4042102,37.7921318],[-122.4041822,37.7921119],[-122.4042002,37.7920808],[-122.4041722,37.7920567],[-122.4041887,37.7920244],[-122.4041599,37.7919932],[-122.4041758,37.7919674],[-122.4041469,37.7919352],[-122.4041586,37.7919156],[-122.4041263,37.791886],[-122.4040837,37.7918693],[-122.404048,37.7918925],[-122.4040077,37.7918775],[-122.403982,37.7918954],[-122.403951,37.7918848],[-122.403913,37.7919032],[-122.4038759,37.7918939],[-122.403844,37.7919124],[-122.4038017,37.7919025],[-122.403772,37.791921],[-122.4037368,37.7919127],[-122.4037039,37.7919291],[-122.4036637,37.7919183],[-122.4036339,37.7919385],[-122.4035988,37.7919284],[-122.403569,37.791948],[-122.4035246,37.7919365],[-122.403501,37.7919547],[-122.4034618,37.7919434],[-122.4034289,37.7919652],[-122.4033928,37.7919581],[-122.4033778,37.7919691],[-122.4033555,37.7919714],[-122.4033177,37.7919657],[-122.4032665,37.7919719],[-122.403214,37.7919783],[-122.4032256,37.7920377],[-122.4032444,37.7921342],[-122.4032714,37.792273],[-122.4032849,37.7923377]]]},"properties":{"names":{"primary":"555 California Street","common":[["kn","ಬ್ಯಾಂಕ್ ಆಫ್ ಅಮೇರಿಕ"]],"rules":[{"variant":"alternate","language":null,"perspectives":null,"value":"Bank of America Building","between":null,"side":null}]},"sources":[{"property":"","dataset":"OpenStreetMap","license":"ODbL-1.0","record_id":"w288511106@14","update_time":"2024-01-30T04:51:23.000Z","confidence":null,"between":null}],"height":226.0,"is_underground":false,"num_floors":52,"facade_color":"#AE9A99","roof_color":"#AAAAAA","has_parts":true,"version":1}},
{"id":"b5fb2d6a-c814-4020-b516-14bbf054c2f5","type":"Feature","geometry":{"type":"Polygon","coordinates":[[[-122.403623,37.7916848],[-122.4037576,37.7916669],[-122.4037453,37.7916087],[-122.4037237,37.7916116],[-122.4037113,37.7915525],[-122.4037329,37.7915497],[-122.4037243,37.7915091],[-122.403669,37.7915164],[-122.4036719,37.7915298],[-122.4036122,37.7915376],[-122.4036094,37.7915242],[-122.4035879,37.791527],[-122.4035964,37.7915648],[-122.403623,37.7916848]]]},"properties":{"sources":[{"property":"","dataset":"OpenStreetMap","license":"ODbL-1.0","record_id":"w151185873@6","update_time":"2021-05-13T00:24:00.000Z","confidence":null,"between":null}],"height":19.0,"is_underground":false,"has_parts":false,"version":1}},
{"id":"a94e063a-b7db-464d-a5ac-eb0b340e76f9","type":"Feature","geometry":{"type":"Polygon","coordinates":[[[-122.403516,37.7912018],[-122.4037203,37.791175],[-122.4037119,37.7911192],[-122.4035027,37.7911457],[-122.403516,37.7912018]]]},"properties":{"sources":[{"property":"","dataset":"OpenStreetMap","license":"ODbL-1.0","record_id":"w148741776@5","update_time":"2022-05-31T20:56:11.000Z","confidence":null,"between":null}],"height":8.0,"is_underground":false,"subtype":"commercial","class":"retail","has_parts":false,"version":1}},
{"id":"821166d9-b97c-4100-94c5-8a9a78228991","type":"Feature","geometry":{"type":"Polygon","coordinates":[[[-122.4037038,37.7912324],[-122.4037316,37.7912287],[-122.4037203,37.791175],[-122.403516,37.7912018],[-122.4035285,37.7912555],[-122.4037038,37.7912324]]]},"properties":{"names":{"primary":"Cafe Tiramisu","common":null,"rules":null},"sources":[{"property":"","dataset":"OpenStreetMap","license":"ODbL-1.0","record_id":"w148741774@5","update_time":"2022-02-26T05:35:52.000Z","confidence":null,"between":null}],"height":8.0,"is_underground":false,"subtype":"commercial","class":"retail","has_parts":false,"version":1}},
{"id":"67a0914e-31ec-437c-95aa-92819a858557","type":"Feature","geometry":{"type":"Polygon","coordinates":[[[-122.4035027,37.7911457],[-122.4037119,37.7911192],[-122.4036777,37.7909507],[-122.4036721,37.7909232],[-122.403463,37.7909497],[-122.4034785,37.791026],[-122.4034863,37.7910649],[-122.4035027,37.7911457]]]},"properties":{"sources":[{"property":"","dataset":"OpenStreetMap","license":"ODbL-1.0","record_id":"w148741778@7","update_time":"2026-03-22T21:01:30.000Z","confidence":null,"between":null}],"height":9.0,"is_underground":false,"has_parts":false,"version":2}},
{"id":"ac25a365-f727-4b5b-a588-704e927071c3","type":"Feature","geometry":{"type":"Polygon","coordinates":[[[-122.4035285,37.7912555],[-122.4035643,37.7914207],[-122.4037463,37.7913968],[-122.4037299,37.791319],[-122.4037223,37.79132],[-122.4037038,37.7912324],[-122.4035285,37.7912555]]]},"properties":{"sources":[{"property":"","dataset":"OpenStreetMap","license":"ODbL-1.0","record_id":"w148741783@7","update_time":"2022-02-26T05:35:52.000Z","confidence":null,"between":null}],"height":8.0,"is_underground":false,"subtype":"commercial","class":"retail","has_parts":false,"version":1}},
{"id":"144549c8-bded-4425-b4a6-e17c790ea4bf","type":"Feature","geometry":{"type":"Polygon","coordinates":[[[-122.4037888,37.7915006],[-122.4037775,37.7914472],[-122.403576,37.7914735],[-122.4035879,37.791527],[-122.4036094,37.7915242],[-122.403669,37.7915164],[-122.4037243,37.7915091],[-122.4037888,37.7915006]]]},"properties":{"sources":[{"property":"","dataset":"OpenStreetMap","license":"ODbL-1.0","record_id":"w148741775@4","update_time":"2022-02-26T05:35:52.000Z","confidence":null,"between":null},{"property":"/properties/height","dataset":"USGS Lidar","license":null,"record_id":null,"update_time":null,"confidence":null,"between":null}],"height":11.7,"is_underground":false,"subtype":"commercial","class":"retail","has_parts":false,"version":1}},
{"id":"b59e1a5f-a7da-4e86-83a1-c3926ac59fe6","type":"Feature","geometry":{"type":"Polygon","coordinates":[[[-122.403576,37.7914735],[-122.4037775,37.7914472],[-122.4037664,37.7913942],[-122.4037463,37.7913968],[-122.4035643,37.7914207],[-122.403576,37.7914735]]]},"properties":{"sources":[{"property":"","dataset":"OpenStreetMap","license":"ODbL-1.0","record_id":"w148741782@5","update_time":"2022-02-26T05:35:52.000Z","confidence":null,"between":null}],"height":10.0,"is_underground":false,"subtype":"commercial","class":"retail","has_parts":false,"version":1}},
{"id":"7c6ef540-5831-44d0-8c64-0468ae50f84d","type":"Feature","geometry":{"type":"Polygon","coordinates":[[[-122.4039008,37.7915525],[-122.4041,37.7915261],[-122.404077,37.7914177],[-122.4038778,37.791444],[-122.4039008,37.7915525]]]},"properties":{"sources":[{"property":"","dataset":"OpenStreetMap","license":"ODbL-1.0","record_id":"w148741785@2","update_time":"2022-03-12T06:34:21.000Z","confidence":null,"between":null}],"height":14.0,"is_underground":false,"has_parts":false,"version":1}},
{"id":"fde4a67c-7bb1-4462-be22-41268d58809c","type":"Feature","geometry":{"type":"Polygon","coordinates":[[[-122.4038778,37.791444],[-122.404077,37.7914177],[-122.4040651,37.7913615],[-122.403866,37.7913879],[-122.4038778,37.791444]]]},"properties":{"sources":[{"property":"","dataset":"OpenStreetMap","license":"ODbL-1.0","record_id":"w148741784@4","update_time":"2022-03-12T06:34:21.000Z","confidence":null,"between":null}],"height":9.0,"is_underground":false,"num_floors":4,"has_parts":false,"version":1}},
{"id":"1a2ed04b-73d0-4ce9-b8b8-c8c8bc6052dc","type":"Feature","geometry":{"type":"Polygon","coordinates":[[[-122.403866,37.7913879],[-122.4040651,37.7913615],[-122.4040548,37.7913128],[-122.4038556,37.7913391],[-122.403866,37.7913879]]]},"properties":{"sources":[{"property":"","dataset":"OpenStreetMap","license":"ODbL-1.0","record_id":"w148741779@2","update_time":"2022-03-12T06:34:21.000Z","confidence":null,"between":null}],"height":13.0,"is_underground":false,"has_parts":false,"version":1}},
{"id":"9f0c5846-114c-4a1f-902b-c8912a59704c","type":"Feature","geometry":{"type":"Polygon","coordinates":[[[-122.4038556,37.7913391],[-122.4040548,37.7913128],[-122.404044,37.7912617],[-122.4038448,37.791288],[-122.4038556,37.7913391]]]},"properties":{"sources":[{"property":"","dataset":"OpenStreetMap","license":"ODbL-1.0","record_id":"w148741771@4","update_time":"2022-03-12T06:34:21.000Z","confidence":null,"between":null}],"height":13.0,"is_underground":false,"has_parts":false,"version":1}},
{"id":"984e2801-172e-490a-862f-ffed5c2e0b7a","type":"Feature","geometry":{"type":"Polygon","coordinates":[[[-122.4038448,37.791288],[-122.404044,37.7912617],[-122.4040381,37.791234],[-122.4040301,37.7911962],[-122.4040081,37.7910922],[-122.403809,37.7911186],[-122.4038308,37.7912216],[-122.4038422,37.7912755],[-122.4038448,37.791288]]]},"properties":{"sources":[{"property":"","dataset":"OpenStreetMap","license":"ODbL-1.0","record_id":"w148741781@5","update_time":"2022-06-16T22:55:34.000Z","confidence":null,"between":null}],"height":8.0,"is_underground":false,"has_parts":false,"version":1}},
{"id":"c4a60914-bfd3-4f57-9f3e-6a22103ffcd1","type":"Feature","geometry":{"type":"Polygon","coordinates":[[[-122.403809,37.7911186],[-122.4040081,37.7910922],[-122.4040057,37.7910808],[-122.4039637,37.7908823],[-122.4037783,37.7909068],[-122.4037646,37.7909086],[-122.4037848,37.7910043],[-122.4038296,37.7909984],[-122.4038264,37.7909832],[-122.4038518,37.7909798],[-122.4038649,37.7910417],[-122.4038386,37.7910452],[-122.4038352,37.7910289],[-122.4037913,37.7910347],[-122.403809,37.7911186]]]},"properties":{"sources":[{"property":"","dataset":"OpenStreetMap","license":"ODbL-1.0","record_id":"w148741780@5","update_time":"2022-03-12T06:34:21.000Z","confidence":null,"between":null}],"height":27.0,"is_underground":false,"has_parts":false,"version":1}},
{"id":"92851a50-e04a-4dcc-b108-a78759b08d72","type":"Feature","geometry":{"type":"Polygon","coordinates":[[[-122.4036702,37.790645],[-122.4039127,37.7906139],[-122.4039,37.7905519],[-122.4036575,37.790583],[-122.4036702,37.790645]]]},"properties":{"sources":[{"property":"","dataset":"OpenStreetMap","license":"ODbL-1.0","record_id":"w151195275@4","update_time":"2020-07-09T03:50:14.000Z","confidence":null,"between":null}],"height":17.0,"is_underground":false,"has_parts":false,"version":1}},
{"id":"4ca428de-257d-437d-a9f2-58437ba0603e","type":"Feature","geometry":{"type":"Polygon","coordinates":[[[-122.40392370000001,37.7906814],[-122.4039127,37.7906139],[-122.4036702,37.790645],[-122.403684,37.7907124],[-122.4038805,37.790687],[-122.40392370000001,37.7906814]]]},"properties":{"sources":[{"property":"","dataset":"OpenStreetMap","license":"ODbL-1.0","record_id":"w151195278@3","update_time":"2022-07-21T02:45:59.000Z","confidence":null,"between":null}],"height":30.0,"is_underground":false,"has_parts":false,"version":1}},
{"id":"f3da279f-39a3-4e71-8e86-597a76048bd8","type":"Feature","geometry":{"type":"Polygon","coordinates":[[[-122.403741,37.7904577],[-122.4038771,37.7904403],[-122.4038555,37.7903352],[-122.4037195,37.7903527],[-122.403741,37.7904577]]]},"properties":{"sources":[{"property":"","dataset":"OpenStreetMap","license":"ODbL-1.0","record_id":"w151195272@3","update_time":"2020-07-09T03:50:14.000Z","confidence":null,"between":null}],"height":36.0,"is_underground":false,"has_parts":false,"version":1}},
{"id":"058448f7-6ea1-4135-b083-abaf09e0ff0e","type":"Feature","geometry":{"type":"Polygon","coordinates":[[[-122.4036575,37.790583],[-122.4039,37.7905519],[-122.4038771,37.7904403],[-122.403741,37.7904577],[-122.4037195,37.7903527],[-122.4033754,37.7903972],[-122.4034096,37.7905598],[-122.4035574,37.7905407],[-122.4035953,37.7907239],[-122.403684,37.7907124],[-122.4036702,37.790645],[-122.4036575,37.790583]]]},"properties":{"sources":[{"property":"","dataset":"OpenStreetMap","license":"ODbL-1.0","record_id":"w151195270@3","update_time":"2022-09-04T23:55:14.000Z","confidence":null,"between":null}],"height":21.0,"is_underground":false,"has_parts":false,"version":1}},
{"id":"cba99e53-5637-4956-bd71-cb4f556defc4","type":"Feature","geometry":{"type":"Polygon","coordinates":[[[-122.4033749,37.7907516],[-122.4035953,37.7907239],[-122.4035574,37.7905407],[-122.4034096,37.7905598],[-122.4033596,37.790566],[-122.4033371,37.7905692],[-122.4033426,37.7905961],[-122.4033513,37.7906376],[-122.4033592,37.7906759],[-122.4033671,37.7907137],[-122.4033749,37.7907516]]]},"properties":{"sources":[{"property":"","dataset":"OpenStreetMap","license":"ODbL-1.0","record_id":"w151195281@6","update_time":"2026-02-04T06:11:24.000Z","confidence":null,"between":null}],"level":1,"height":6.0,"is_underground":false,"subtype":"outbuilding","class":"roof","has_parts":false,"version":2}},
{"id":"0e662782-fb8e-4481-8729-fc74762d363d","type":"Feature","geometry":{"type":"Polygon","coordinates":[[[-122.4038414,37.790246],[-122.4038084,37.790085],[-122.4035645,37.7901162],[-122.4032286,37.7901591],[-122.4032514,37.7902685],[-122.4032774,37.7902651],[-122.4033495,37.7902564],[-122.40336,37.7903076],[-122.4038414,37.790246]]]},"properties":{"sources":[{"property":"","dataset":"OpenStreetMap","license":"ODbL-1.0","record_id":"w151195285@4","update_time":"2022-09-04T23:55:14.000Z","confidence":null,"between":null}],"height":42.0,"is_underground":false,"num_floors":10,"has_parts":false,"version":1}},
{"id":"ece3c298-b31a-45b9-8dd1-fc4f83d60470","type":"Feature","geometry":{"type":"Polygon","coordinates":[[[-122.4035645,37.7901162],[-122.4038084,37.790085],[-122.4037727,37.7899111],[-122.4035288,37.7899424],[-122.4035645,37.7901162]]]},"properties":{"sources":[{"property":"","dataset":"OpenStreetMap","license":"ODbL-1.0","record_id":"w151195280@5","update_time":"2026-04-25T01:50:35.000Z","confidence":null,"between":null}],"height":19.0,"is_underground":false,"has_parts":false,"version":1}},
{"id":"afb717fa-040a-4ec6-813d-a106e0deb68f","type":"Feature","geometry":{"type":"Polygon","coordinates":[[[-122.4033759,37.7897929],[-122.4037196,37.7897519],[-122.4036531,37.7894178],[-122.4033087,37.7894637],[-122.4033297,37.7895665],[-122.4033759,37.7897929]]]},"properties":{"names":{"primary":"Galleria Park Hotel","common":null,"rules":[{"variant":"alternate","language":null,"perspectives":null,"value":"Hotel Sutter","between":null,"side":null}]},"sources":[{"property":"","dataset":"OpenStreetMap","license":"ODbL-1.0","record_id":"w132125160@7","update_time":"2025-03-29T15:50:46.000Z","confidence":null,"between":null}],"height":32.0,"is_underground":false,"has_parts":false,"version":1}},
{"id":"0b90e908-c5ec-4ca2-bb94-7569ff74e5ca","type":"Feature","geometry":{"type":"Polygon","coordinates":[[[-122.4042443,37.7899889],[-122.4042226,37.7898792],[-122.4040047,37.7899061],[-122.4040264,37.7900158],[-122.4042391,37.7899895],[-122.4042443,37.7899889]]]},"properties":{"sources":[{"property":"","dataset":"OpenStreetMap","license":"ODbL-1.0","record_id":"w260280330@3","update_time":"2018-01-22T17:36:58.000Z","confidence":null,"between":null}],"height":26.0,"is_underground":false,"has_parts":false,"version":1}},
{"id":"3bb27670-3b48-43cf-b245-6998549bf9ed","type":"Feature","geometry":{"type":"Polygon","coordinates":[[[-122.4042391,37.7899895],[-122.4040264,37.7900158],[-122.4040382,37.7900753],[-122.4042508,37.7900491],[-122.4042391,37.7899895]]]},"properties":{"sources":[{"property":"","dataset":"OpenStreetMap","license":"ODbL-1.0","record_id":"w260280328@3","update_time":"2018-01-22T17:36:58.000Z","confidence":null,"between":null}],"height":13.0,"is_underground":false,"has_parts":false,"version":1}},
{"id":"ba787dc5-2c77-4cb1-8855-0745809dd5d4","type":"Feature","geometry":{"type":"Polygon","coordinates":[[[-122.4042647,37.7901194],[-122.4042508,37.7900491],[-122.4040382,37.7900753],[-122.4040521,37.7901457],[-122.4040586,37.7901449],[-122.4042647,37.7901194]]]},"properties":{"sources":[{"property":"","dataset":"OpenStreetMap","license":"ODbL-1.0","record_id":"w260280331@4","update_time":"2020-07-09T03:50:17.000Z","confidence":null,"between":null}],"height":12.0,"is_underground":false,"has_parts":false,"version":1}},
{"id":"cac4309c-341d-4a11-9af7-eb829a9b1d1e","type":"Feature","geometry":{"type":"Polygon","coordinates":[[[-122.4042689,37.7901189],[-122.4042647,37.7901194],[-122.4040586,37.7901449],[-122.4040733,37.7902193],[-122.4042788,37.7901939],[-122.4042836,37.7901933],[-122.4042689,37.7901189]]]},"properties":{"sources":[{"property":"","dataset":"OpenStreetMap","license":"ODbL-1.0","record_id":"w260280333@3","update_time":"2020-07-09T03:50:17.000Z","confidence":null,"between":null}],"height":20.0,"is_underground":false,"has_parts":false,"version":1}},
{"id":"d5015c07-e5ef-4f3e-acee-f248d2c471fc","type":"Feature","geometry":{"type":"Polygon","coordinates":[[[-122.4039792,37.7897301],[-122.4042109,37.7897014],[-122.4041806,37.7895491],[-122.403949,37.789577800000004],[-122.4039792,37.7897301]]]},"properties":{"sources":[{"property":"","dataset":"OpenStreetMap","license":"ODbL-1.0","record_id":"w333823795@6","update_time":"2022-04-02T02:25:45.000Z","confidence":null,"between":null}],"height":39.0,"is_underground":false,"num_floors":7,"subtype":"commercial","class":"commercial","has_parts":false,"version":1}},
{"id":"cd98482d-33d7-4fc9-bec1-4a5d13ccd67b","type":"Feature","geometry":{"type":"Polygon","coordinates":[[[-122.4041806,37.7895491],[-122.4042109,37.7897014],[-122.4043554,37.7896846],[-122.4043241,37.78953],[-122.404276,37.7893066],[-122.4042738,37.7892961],[-122.4039028,37.7893448],[-122.403949,37.789577800000004],[-122.4041806,37.7895491]]]},"properties":{"sources":[{"property":"","dataset":"OpenStreetMap","license":"ODbL-1.0","record_id":"w1432655283@1","update_time":"2025-09-24T23:13:44.000Z","confidence":null,"between":null}],"height":27.0,"is_underground":false,"subtype":"commercial","class":"commercial","has_parts":true,"version":2}},
{"id":"ff061ee7-4789-466f-8f69-f11a59f79170","type":"Feature","geometry":{"type":"Polygon","coordinates":[[[-122.4042738,37.7892961],[-122.4042378,37.7891248],[-122.4038668,37.7891735],[-122.4039028,37.7893448],[-122.4042738,37.7892961]]]},"properties":{"sources":[{"property":"","dataset":"OpenStreetMap","license":"ODbL-1.0","record_id":"w255716896@7","update_time":"2025-09-24T23:13:44.000Z","confidence":null,"between":null}],"height":22.0,"is_underground":false,"subtype":"commercial","class":"commercial","has_parts":false,"version":2}},
{"id":"fed81a34-d45a-4f95-83f3-196749c617fd","type":"Feature","geometry":{"type":"Polygon","coordinates":[[[-122.4042378,37.7891248],[-122.4041974,37.7889328],[-122.4038482,37.7889793],[-122.4038303,37.7889994],[-122.4038668,37.7891735],[-122.4042378,37.7891248]]]},"properties":{"sources":[{"property":"","dataset":"OpenStreetMap","license":"ODbL-1.0","record_id":"w255716897@11","update_time":"2025-09-24T23:13:44.000Z","confidence":null,"between":null}],"height":19.0,"is_underground":false,"subtype":"commercial","class":"commercial","has_parts":false,"version":2}},
{"id":"fbf56cff-af5f-4763-80ce-11e68e1f775f","type":"Feature","geometry":{"type":"Polygon","coordinates":[[[-122.4043645,37.7889109],[-122.4041974,37.7889328],[-122.4042378,37.7891248],[-122.4042738,37.7892961],[-122.404276,37.7893066],[-122.4044455,37.7892845],[-122.404402,37.7890418],[-122.4044109,37.789041],[-122.4043843,37.7889228],[-122.4043762,37.7889149],[-122.4043645,37.7889109]]]},"properties":{"sources":[{"property":"","dataset":"OpenStreetMap","license":"ODbL-1.0","record_id":"w255716898@6","update_time":"2025-09-24T23:13:44.000Z","confidence":null,"between":null}],"height":28.0,"is_underground":false,"subtype":"commercial","class":"commercial","has_parts":false,"version":2}},
{"id":"8336fb37-c02f-47d6-abb1-aca2fa735723","type":"Feature","geometry":{"type":"Polygon","coordinates":[[[-122.4042858,37.789872],[-122.4043629,37.7902477],[-122.4045803,37.79022],[-122.4046667,37.790208],[-122.404669,37.7902083],[-122.4046598,37.7901607],[-122.4047388,37.7901529],[-122.4046709,37.7898244],[-122.4042858,37.789872]]]},"properties":{"names":{"primary":"W&J Sloane Building","common":null,"rules":null},"sources":[{"property":"","dataset":"OpenStreetMap","license":"ODbL-1.0","record_id":"w260280326@6","update_time":"2022-04-15T21:31:50.000Z","confidence":null,"between":null}],"height":42.0,"is_underground":false,"num_floors":8,"subtype":"commercial","class":"office","has_parts":false,"version":1}},
{"id":"173ec5cd-147f-4505-b784-05f61e45deb0","type":"Feature","geometry":{"type":"Polygon","coordinates":[[[-122.4045803,37.79022],[-122.4043629,37.7902477],[-122.4043682,37.7902726],[-122.4043728,37.7902936],[-122.4045902,37.7902643],[-122.4045803,37.79022]]]},"properties":{"sources":[{"property":"","dataset":"OpenStreetMap","license":"ODbL-1.0","record_id":"w1020483120@1","update_time":"2022-01-12T08:05:16.000Z","confidence":null,"between":null},{"property":"/properties/height","dataset":"USGS Lidar","license":null,"record_id":null,"update_time":null,"confidence":null,"between":null}],"height":51.6,"is_underground":false,"has_parts":false,"version":1}},
{"id":"930beef3-12d5-4a2f-84f9-de161cdc6ba2","type":"Feature","geometry":{"type":"Polygon","coordinates":[[[-122.4044711,37.7906245],[-122.4046648,37.7905976],[-122.404644,37.7905049],[-122.4045884,37.7905121],[-122.4045531,37.7903647],[-122.4046109,37.7903567],[-122.4045902,37.7902643],[-122.4043728,37.7902936],[-122.4044136,37.7905023],[-122.4044358,37.7906081],[-122.4044711,37.7906245]]]},"properties":{"sources":[{"property":"","dataset":"OpenStreetMap","license":"ODbL-1.0","record_id":"w260280327@4","update_time":"2022-01-12T08:05:16.000Z","confidence":null,"between":null}],"height":21.0,"is_underground":false,"has_parts":false,"version":1}},
{"id":"d91dedae-1d8f-4d10-be03-98f2c1c70b15","type":"Feature","geometry":{"type":"Polygon","coordinates":[[[-122.4043108,37.7903562],[-122.4041028,37.7903819],[-122.4041221,37.7904799],[-122.4043328,37.7904539],[-122.4043134,37.7903559],[-122.4043108,37.7903562]]]},"properties":{"sources":[{"property":"","dataset":"OpenStreetMap","license":"ODbL-1.0","record_id":"w260280332@4","update_time":"2020-07-09T03:50:17.000Z","confidence":null,"between":null}],"height":13.0,"is_underground":false,"has_parts":false,"version":1}},
{"id":"ca8710ea-9b1d-4f1e-8483-1ece26701a4f","type":"Feature","geometry":{"type":"Polygon","coordinates":[[[-122.4043108,37.7903562],[-122.4042916,37.7902589],[-122.4040835,37.7902846],[-122.4041028,37.7903819],[-122.4043108,37.7903562]]]},"properties":{"sources":[{"property":"","dataset":"OpenStreetMap","license":"ODbL-1.0","record_id":"w260280329@4","update_time":"2020-07-09T03:50:17.000Z","confidence":null,"between":null}],"height":13.0,"is_underground":false,"has_parts":false,"version":1}},
{"id":"7e1c131c-5f17-42a0-a65a-5d752f7bc05e","type":"Feature","geometry":{"type":"Polygon","coordinates":[[[-122.4042916,37.7902589],[-122.4042788,37.7901939],[-122.4040733,37.7902193],[-122.4040666,37.7902201],[-122.4040794,37.7902851],[-122.4040835,37.7902846],[-122.4042916,37.7902589]]]},"properties":{"sources":[{"property":"","dataset":"OpenStreetMap","license":"ODbL-1.0","record_id":"w260280335@4","update_time":"2020-07-09T03:50:17.000Z","confidence":null,"between":null}],"height":13.0,"is_underground":false,"has_parts":false,"version":1}},
{"id":"aa97aa00-7d31-40d7-b159-2c2f565211e9","type":"Feature","geometry":{"type":"Polygon","coordinates":[[[-122.4043753,37.7906346],[-122.4043395,37.7904531],[-122.4043328,37.7904539],[-122.4041221,37.7904799],[-122.4041194,37.7904803],[-122.4041552,37.7906618],[-122.4043753,37.7906346]]]},"properties":{"sources":[{"property":"","dataset":"OpenStreetMap","license":"ODbL-1.0","record_id":"w260280334@3","update_time":"2018-01-22T17:36:59.000Z","confidence":null,"between":null}],"height":34.0,"is_underground":false,"has_parts":false,"version":1}},
{"id":"b5c0b810-1bd9-4ffe-9d04-e7710780da47","type":"Feature","geometry":{"type":"Polygon","coordinates":[[[-122.4043347,37.7914602],[-122.4044754,37.7914429],[-122.4044279,37.7912024],[-122.4042872,37.7912197],[-122.4043347,37.7914602]]]},"properties":{"sources":[{"property":"","dataset":"OpenStreetMap","license":"ODbL-1.0","record_id":"w151683977@3","update_time":"2022-03-12T06:34:21.000Z","confidence":null,"between":null}],"height":30.0,"is_underground":false,"has_parts":false,"version":1}},
{"id":"8436c032-d83e-4231-b70e-28d670b53cc6","type":"Feature","geometry":{"type":"Polygon","coordinates":[[[-122.4042411,37.7909866],[-122.4043748,37.7909703],[-122.4043474,37.7908297],[-122.4042136,37.790846],[-122.4042411,37.7909866]]]},"properties":{"sources":[{"property":"","dataset":"OpenStreetMap","license":"ODbL-1.0","record_id":"w474354577@1","update_time":"2022-03-12T06:34:21.000Z","confidence":null,"between":null}],"height":13.0,"is_underground":false,"has_parts":false,"version":1}},
{"id":"4d2c997d-3f36-4be0-975a-5e35559a4d09","type":"Feature","geometry":{"type":"Polygon","coordinates":[[[-122.4043748,37.7909703],[-122.4042411,37.7909866],[-122.4042537,37.7910508],[-122.4044239,37.79103],[-122.4044113,37.7909658],[-122.4043748,37.7909703]]]},"properties":{"sources":[{"property":"","dataset":"OpenStreetMap","license":"ODbL-1.0","record_id":"w151683981@3","update_time":"2022-03-12T06:34:21.000Z","confidence":null,"between":null}],"height":13.0,"is_underground":false,"has_parts":false,"version":1}},
{"id":"355dd0a6-3852-47a9-ac42-63341f2ed115","type":"Feature","geometry":{"type":"Polygon","coordinates":[[[-122.4042678,37.7911213],[-122.4044084,37.791104],[-122.4044378,37.7911003],[-122.4044239,37.79103],[-122.4042537,37.7910508],[-122.4042678,37.7911213]]]},"properties":{"sources":[{"property":"","dataset":"OpenStreetMap","license":"ODbL-1.0","record_id":"w151683980@4","update_time":"2022-03-12T06:34:21.000Z","confidence":null,"between":null}],"height":13.0,"is_underground":false,"has_parts":false,"version":1}},
{"id":"34fcf145-be71-4676-bb51-82d0b72ed516","type":"Feature","geometry":{"type":"Polygon","coordinates":[[[-122.4042872,37.7912197],[-122.4044279,37.7912024],[-122.4044084,37.791104],[-122.4042678,37.7911213],[-122.4042872,37.7912197]]]},"properties":{"sources":[{"property":"","dataset":"OpenStreetMap","license":"ODbL-1.0","record_id":"w151683978@4","update_time":"2022-03-12T06:34:21.000Z","confidence":null,"between":null}],"height":13.0,"is_underground":false,"has_parts":false,"version":1}},
{"id":"5ed396d3-ea94-49b9-8013-b8b91e8ab332","type":"Feature","geometry":{"type":"Polygon","coordinates":[[[-122.4043629,37.7916031],[-122.4045036,37.7915858],[-122.4044754,37.7914429],[-122.4043347,37.7914602],[-122.4043629,37.7916031]]]},"properties":{"sources":[{"property":"","dataset":"OpenStreetMap","license":"ODbL-1.0","record_id":"w151683979@11","update_time":"2023-01-18T17:02:00.000Z","confidence":null,"between":null}],"height":18.0,"is_underground":false,"has_parts":false,"version":1}},
{"id":"b5b8e481-72e9-489e-b73c-fdd8c7f46511","type":"Feature","geometry":{"type":"Polygon","coordinates":[[[-122.4046378,37.7915543],[-122.4047368,37.7915432],[-122.4047055,37.7913822],[-122.4046916,37.7913836],[-122.4045279,37.7914066],[-122.4045442,37.7914978],[-122.4046291,37.7914992],[-122.4046378,37.7915543]]]},"properties":{"sources":[{"property":"","dataset":"OpenStreetMap","license":"ODbL-1.0","record_id":"w467941178@2","update_time":"2021-05-10T18:47:54.000Z","confidence":null,"between":null},{"property":"/properties/height","dataset":"USGS Lidar","license":null,"record_id":null,"update_time":null,"confidence":null,"between":null}],"height":16.0,"is_underground":false,"has_parts":false,"version":1}},
{"id":"38956c17-f546-499c-8885-8eb4d0e72749","type":"Feature","geometry":{"type":"Polygon","coordinates":[[[-122.4044121,37.7908117],[-122.4045279,37.7914066],[-122.4046916,37.7913836],[-122.4046551,37.79121],[-122.4046059,37.790966],[-122.404529,37.7909758],[-122.4044931,37.7908],[-122.4044121,37.7908117]]]},"properties":{"names":{"primary":"Academy of Art University - School of Fine Art Sculpture","common":null,"rules":null},"sources":[{"property":"","dataset":"OpenStreetMap","license":"ODbL-1.0","record_id":"w256076609@5","update_time":"2021-05-10T18:53:46.000Z","confidence":null,"between":null}],"height":15.0,"is_underground":false,"has_parts":false,"version":1}},
{"id":"70c06d46-7d3a-4e29-9e6e-c2ef7e7d4b27","type":"Feature","geometry":{"type":"Polygon","coordinates":[[[-122.4053852,37.7914643],[-122.4053433,37.7912491],[-122.40509,37.7912799],[-122.4050896,37.7912647],[-122.4050809,37.7912212],[-122.4046979,37.7912687],[-122.4047104,37.7913339],[-122.4046964,37.7913356],[-122.4047055,37.7913822],[-122.4047368,37.7915432],[-122.4053852,37.7914643]]]},"properties":{"sources":[{"property":"","dataset":"OpenStreetMap","license":"ODbL-1.0","record_id":"w256076607@6","update_time":"2021-05-10T18:53:46.000Z","confidence":null,"between":null}],"height":90.0,"is_underground":false,"num_floors":16,"has_parts":false,"version":1}},
{"id":"a5b1da75-607a-4d28-b126-dc3fb9a3d6f5","type":"Feature","geometry":{"type":"Polygon","coordinates":[[[-122.4046059,37.790966],[-122.4046551,37.79121],[-122.4046855,37.7912062],[-122.4046979,37.7912687],[-122.4050809,37.7912212],[-122.4050896,37.7912647],[-122.4051546,37.7912567],[-122.4051105,37.7910313],[-122.4050521,37.7907307],[-122.40457,37.790790200000004],[-122.4046059,37.790966]]]},"properties":{"names":{"primary":"AT&T","common":null,"rules":null},"sources":[{"property":"","dataset":"OpenStreetMap","license":"ODbL-1.0","record_id":"w256076599@8","update_time":"2021-05-10T18:53:46.000Z","confidence":null,"between":null}],"height":32.0,"is_underground":false,"has_parts":false,"version":1}},
{"id":"3e0f6abb-494c-411a-9222-d4c90d6ba4bb","type":"Feature","geometry":{"type":"Polygon","coordinates":[[[-122.4049893,37.7905575],[-122.40513,37.790538],[-122.4050958,37.7903737],[-122.405049,37.7903804],[-122.4049561,37.7903921],[-122.4049893,37.7905575]]]},"properties":{"names":{"primary":"Le Central","common":null,"rules":null},"sources":[{"property":"","dataset":"OpenStreetMap","license":"ODbL-1.0","record_id":"w332372778@8","update_time":"2025-11-07T19:02:35.000Z","confidence":null,"between":null}],"height":5.0,"is_underground":false,"subtype":"commercial","has_parts":false,"version":1}},
{"id":"34e4794f-1c86-4ff7-943b-225d44c9703a","type":"Feature","geometry":{"type":"Polygon","coordinates":[[[-122.4050153,37.7902126],[-122.4048673,37.7902312],[-122.4049342,37.7905644],[-122.4049893,37.7905575],[-122.4049561,37.7903921],[-122.405049,37.7903804],[-122.4050393,37.790332],[-122.4049571,37.7903423],[-122.4049509,37.7903116],[-122.4050331,37.7903013],[-122.4050153,37.7902126]]]},"properties":{"sources":[{"property":"","dataset":"OpenStreetMap","license":"ODbL-1.0","record_id":"w135174110@3","update_time":"2020-07-09T03:50:14.000Z","confidence":null,"between":null}],"height":19.0,"is_underground":false,"has_parts":false,"version":1}},
{"id":"0e898a48-dc4e-4b46-ba22-52c42c909bd3","type":"Feature","geometry":{"type":"Polygon","coordinates":[[[-122.4047976,37.7905816],[-122.4049342,37.7905644],[-122.4048673,37.7902312],[-122.4047307,37.7902483],[-122.4047976,37.7905816]]]},"properties":{"names":{"primary":"Hotel Des Arts","common":null,"rules":null},"sources":[{"property":"","dataset":"OpenStreetMap","license":"ODbL-1.0","record_id":"w474341709@4","update_time":"2022-04-08T19:35:03.000Z","confidence":null,"between":null}],"height":55.0,"is_underground":false,"has_parts":false,"version":1}},
{"id":"f1010449-1438-430f-963d-44e780651326","type":"Feature","geometry":{"type":"Polygon","coordinates":[[[-122.404529,37.7909758],[-122.4046059,37.790966],[-122.40457,37.790790200000004],[-122.4044931,37.7908],[-122.404529,37.7909758]]]},"properties":{"sources":[{"property":"","dataset":"OpenStreetMap","license":"ODbL-1.0","record_id":"w256076601@1","update_time":"2021-05-10T18:53:46.000Z","confidence":null,"between":null},{"property":"/properties/height","dataset":"USGS Lidar","license":null,"record_id":null,"update_time":null,"confidence":null,"between":null}],"height":17.0,"is_underground":false,"has_parts":false,"version":1}},
{"id":"bfcc6610-baae-44ee-8293-cded07d47dd8","type":"Feature","geometry":{"type":"Polygon","coordinates":[[[-122.4045803,37.79022],[-122.4045902,37.7902643],[-122.4046109,37.7903567],[-122.404644,37.7905049],[-122.4046648,37.7905976],[-122.4047512,37.7905856],[-122.4046667,37.790208],[-122.4045803,37.79022]]]},"properties":{"sources":[{"property":"","dataset":"OpenStreetMap","license":"ODbL-1.0","record_id":"w260280336@5","update_time":"2022-01-12T08:05:16.000Z","confidence":null,"between":null}],"height":17.0,"is_underground":false,"has_parts":false,"version":1}},
{"id":"a2fb68be-797b-4ad6-baaa-2f74ab17a8e1","type":"Feature","geometry":{"type":"Polygon","coordinates":[[[-122.4044943,37.7892782],[-122.4048997,37.7892268],[-122.4048713,37.7890874],[-122.4048039,37.789096],[-122.4047965,37.7890597],[-122.404756,37.788859],[-122.4044181,37.7889017],[-122.4044943,37.7892782]]]},"properties":{"sources":[{"property":"","dataset":"OpenStreetMap","license":"ODbL-1.0","record_id":"w172250614@7","update_time":"2018-01-22T17:36:47.000Z","confidence":null,"between":null}],"height":32.0,"is_underground":false,"has_parts":false,"version":1}},
{"id":"84fe4790-240f-4f15-8ede-a088de3abd42","type":"Feature","geometry":{"type":"Polygon","coordinates":[[[-122.4052309,37.789226],[-122.4052232,37.7891871],[-122.4044943,37.7892782],[-122.4044455,37.7892845],[-122.404276,37.7893066],[-122.4043241,37.78953],[-122.4043554,37.7896846],[-122.4051823,37.7895826],[-122.4051983,37.7895798],[-122.4052132,37.7895758],[-122.4052263,37.7895712],[-122.4052378,37.7895658],[-122.4052489,37.7895594],[-122.4052578,37.7895513],[-122.4052653,37.7895432],[-122.4052716,37.7895346],[-122.4052756,37.7895264],[-122.405279,37.7895165],[-122.4052813,37.7895065],[-122.4052819,37.7894961],[-122.4052813,37.7894821],[-122.4052309,37.789226]]]},"properties":{"names":{"primary":"The White House Building","common":null,"rules":null},"sources":[{"property":"","dataset":"OpenStreetMap","license":"ODbL-1.0","record_id":"w333827281@7","update_time":"2025-09-24T23:13:44.000Z","confidence":null,"between":null}],"height":32.0,"is_underground":false,"subtype":"commercial","class":"commercial","has_parts":false,"version":2}},
{"id":"c81e1c20-b569-45b9-9b54-5258579d2f4a","type":"Feature","geometry":{"type":"Polygon","coordinates":[[[-122.4047965,37.7890597],[-122.4051821,37.789012],[-122.4051437,37.7888099],[-122.404756,37.788859],[-122.4047965,37.7890597]]]},"properties":{"sources":[{"property":"","dataset":"OpenStreetMap","license":"ODbL-1.0","record_id":"w172250599@3","update_time":"2018-01-22T17:36:46.000Z","confidence":null,"between":null}],"height":22.0,"is_underground":false,"has_parts":false,"version":1}},
{"id":"5ba5d822-aeb4-45b4-941a-b4c6085c2c6e","type":"Feature","geometry":{"type":"Polygon","coordinates":[[[-122.4048713,37.7890874],[-122.4048997,37.7892268],[-122.4052232,37.7891871],[-122.4052198,37.7891703],[-122.4051945,37.7890452],[-122.4048713,37.7890874]]]},"properties":{"sources":[{"property":"","dataset":"OpenStreetMap","license":"ODbL-1.0","record_id":"w172250600@6","update_time":"2021-05-06T06:12:15.000Z","confidence":null,"between":null}],"height":25.0,"is_underground":false,"has_parts":false,"version":1}},
{"id":"83104215-453d-4b15-9027-d8e90b40f2b9","type":"Feature","geometry":{"type":"Polygon","coordinates":[[[-122.4050268,37.7899379],[-122.4050953,37.7899292],[-122.4050664,37.789775],[-122.4049608,37.789788],[-122.4049924,37.7899423],[-122.4050268,37.7899379]]]},"properties":{"sources":[{"property":"","dataset":"OpenStreetMap","license":"ODbL-1.0","record_id":"w333814179@8","update_time":"2022-04-15T21:32:50.000Z","confidence":null,"between":null}],"height":18.0,"is_underground":false,"num_floors":5,"subtype":"commercial","class":"commercial","has_parts":false,"version":1}},
{"id":"32355d3b-85e9-4f9a-839f-27334b168eb1","type":"Feature","geometry":{"type":"Polygon","coordinates":[[[-122.4048862,37.7899677],[-122.4049947,37.789954],[-122.4049924,37.7899423],[-122.4049608,37.789788],[-122.4048527,37.7898019],[-122.4048862,37.7899677]]]},"properties":{"sources":[{"property":"","dataset":"OpenStreetMap","license":"ODbL-1.0","record_id":"w333814487@5","update_time":"2022-04-15T21:32:19.000Z","confidence":null,"between":null}],"height":29.0,"is_underground":false,"num_floors":7,"subtype":"commercial","class":"commercial","has_parts":false,"version":1}},
{"id":"ecd61412-2f33-4157-8ff8-7c167db15069","type":"Feature","geometry":{"type":"Polygon","coordinates":[[[-122.4047388,37.7901529],[-122.405062,37.7901116],[-122.4050303,37.7899528],[-122.4050268,37.7899379],[-122.4049924,37.7899423],[-122.4049947,37.789954],[-122.4048862,37.7899677],[-122.4048527,37.7898019],[-122.4046709,37.7898244],[-122.4047388,37.7901529]]]},"properties":{"sources":[{"property":"","dataset":"OpenStreetMap","license":"ODbL-1.0","record_id":"w333814736@7","update_time":"2022-04-15T21:32:05.000Z","confidence":null,"between":null}],"height":25.0,"is_underground":false,"num_floors":7,"subtype":"commercial","class":"commercial","has_parts":false,"version":1}},
{"id":"af8840f1-a3b1-4fad-ba2d-fa4374595b0d","type":"Feature","geometry":{"type":"Polygon","coordinates":[[[-122.404968,37.7927204],[-122.405037,37.7930677],[-122.4054706,37.7930135],[-122.4054009,37.7926662],[-122.404968,37.7927204]]]},"properties":{"names":{"primary":"650 California Street","common":null,"rules":[{"variant":"alternate","language":null,"perspectives":null,"value":"Hartford Building","between":null,"side":null}]},"sources":[{"property":"","dataset":"OpenStreetMap","license":"ODbL-1.0","record_id":"w260520160@7","update_time":"2024-08-25T14:18:43.000Z","confidence":null,"between":null}],"height":142.0,"is_underground":false,"num_floors":33,"has_parts":false,"version":1}},
{"id":"04f8bb28-7040-4093-aac6-b8babaa5be26","type":"Feature","geometry":{"type":"Polygon","coordinates":[[[-122.4047972,37.7919334],[-122.4047563,37.7917325],[-122.4043923,37.7917788],[-122.4044501,37.7920633],[-122.4044546,37.7920852],[-122.404597,37.7920671],[-122.4046107,37.7921348],[-122.4048324,37.7921066],[-122.4047972,37.7919334]]]},"properties":{"names":{"primary":"St. Mary's Square","common":null,"rules":null},"sources":[{"property":"","dataset":"OpenStreetMap","license":"ODbL-1.0","record_id":"w104627922@7","update_time":"2026-01-03T23:07:22.000Z","confidence":null,"between":null}],"is_underground":false,"num_floors":5,"has_parts":false,"version":1}},
{"id":"6145bd6d-d287-4872-916d-8c1de4dbc496","type":"Feature","geometry":{"type":"Polygon","coordinates":[[[-122.4049672,37.7924625],[-122.4051833,37.7924336],[-122.4051224,37.7921428],[-122.4049067,37.792172],[-122.4048471,37.7921798],[-122.4048324,37.7921066],[-122.4046107,37.7921348],[-122.404597,37.7920671],[-122.4044546,37.7920852],[-122.4044781,37.792201],[-122.4044835,37.7922271],[-122.404544,37.7925175],[-122.4049672,37.7924625]]]},"properties":{"sources":[{"property":"","dataset":"OpenStreetMap","license":"ODbL-1.0","record_id":"w32859640@9","update_time":"2026-01-03T23:07:27.000Z","confidence":null,"between":null}],"height":122.0,"is_underground":false,"num_floors":20,"has_parts":true,"version":1}},
{"id":"880b41dc-ca9f-4e22-87d4-d901e3e65137","type":"Feature","geometry":{"type":"Polygon","coordinates":[[[-122.4051155,37.793102],[-122.4051145,37.7930971],[-122.4049716,37.793115],[-122.4050188,37.7933504],[-122.404718,37.793388],[-122.4047409,37.7935021],[-122.4051846,37.7934466],[-122.4051155,37.793102]]]},"properties":{"names":{"primary":"Provident Credit Union","common":null,"rules":null},"sources":[{"property":"","dataset":"OpenStreetMap","license":"ODbL-1.0","record_id":"w260520164@3","update_time":"2017-01-18T12:24:15.000Z","confidence":null,"between":null},{"property":"/properties/height","dataset":"USGS Lidar","license":null,"record_id":null,"update_time":null,"confidence":null,"between":null}],"height":17.2,"is_underground":false,"has_parts":false,"version":1}},
{"id":"4705fe38-59ee-464f-a714-f7f2973bb881","type":"Feature","geometry":{"type":"Polygon","coordinates":[[[-122.4046717,37.7931475],[-122.404718,37.793388],[-122.4050188,37.7933504],[-122.4049716,37.793115],[-122.4048841,37.7927169],[-122.4048241,37.7927244],[-122.4048229,37.7927183],[-122.4047698,37.7927249],[-122.404771,37.7927311],[-122.4047027,37.7927396],[-122.4047011,37.7927319],[-122.4046484,37.7927385],[-122.40465,37.7927463],[-122.4045925,37.7927535],[-122.4046046,37.7928136],[-122.404594,37.792815],[-122.4046031,37.7928601],[-122.4046137,37.7928588],[-122.4046633,37.7931058],[-122.4046511,37.7931074],[-122.4046595,37.793149],[-122.4046717,37.7931475]]]},"properties":{"sources":[{"property":"","dataset":"OpenStreetMap","license":"ODbL-1.0","record_id":"w260520157@6","update_time":"2023-09-01T16:46:00.000Z","confidence":null,"between":null}],"height":74.0,"is_underground":false,"num_floors":18,"has_parts":false,"version":1}},
{"id":"69f9eb76-fbc8-4c85-9c93-5a15f5dbc4ec","type":"Feature","geometry":{"type":"Polygon","coordinates":[[[-122.4046163,37.7940816],[-122.4045316,37.7940924],[-122.4045467,37.7941663],[-122.4046188,37.7941571],[-122.4046314,37.7941555],[-122.4046163,37.7940816]]]},"properties":{"sources":[{"property":"","dataset":"OpenStreetMap","license":"ODbL-1.0","record_id":"w260924233@2","update_time":"2020-07-09T03:49:35.000Z","confidence":null,"between":null},{"property":"/properties/height","dataset":"USGS Lidar","license":null,"record_id":null,"update_time":null,"confidence":null,"between":null}],"height":12.9,"is_underground":false,"has_parts":false,"version":1}},
{"id":"d292c9ae-e5bb-4d2d-bd7d-1b19425f721a","type":"Feature","geometry":{"type":"Polygon","coordinates":[[[-122.4048642,37.7940516],[-122.4048926,37.7942077],[-122.4050278,37.7941924],[-122.4049994,37.7940362],[-122.4048642,37.7940516]]]},"properties":{"sources":[{"property":"","dataset":"OpenStreetMap","license":"ODbL-1.0","record_id":"w260530145@4","update_time":"2020-07-09T03:49:35.000Z","confidence":null,"between":null}],"height":6.0,"is_underground":false,"has_parts":false,"version":1}},
{"id":"05042ab6-a532-4df4-a769-344fd9bd59d1","type":"Feature","geometry":{"type":"Polygon","coordinates":[[[-122.4048352,37.7939531],[-122.4049338,37.7939408],[-122.4049214,37.7938788],[-122.4048228,37.7938912],[-122.4048352,37.7939531]]]},"properties":{"sources":[{"property":"","dataset":"OpenStreetMap","license":"ODbL-1.0","record_id":"w700282613@2","update_time":"2022-03-24T04:13:39.000Z","confidence":null,"between":null},{"property":"/properties/height","dataset":"USGS Lidar","license":null,"record_id":null,"update_time":null,"confidence":null,"between":null}],"height":14.3,"is_underground":false,"num_floors":4,"has_parts":false,"version":1}},
{"id":"c457072b-553c-4668-8d2f-d62426aa33e8","type":"Feature","geometry":{"type":"Polygon","coordinates":[[[-122.4048228,37.7938912],[-122.4049214,37.7938788],[-122.404909,37.7938168],[-122.4048103,37.7938291],[-122.4048228,37.7938912]]]},"properties":{"sources":[{"property":"","dataset":"OpenStreetMap","license":"ODbL-1.0","record_id":"w260526938@3","update_time":"2022-03-24T04:13:39.000Z","confidence":null,"between":null},{"property":"/properties/height","dataset":"USGS Lidar","license":null,"record_id":null,"update_time":null,"confidence":null,"between":null}],"height":12.7,"is_underground":false,"num_floors":4,"has_parts":false,"version":1}},
{"id":"6ffd8fa1-2aed-4ef6-b8b2-8f2bd7afefae","type":"Feature","geometry":{"type":"Polygon","coordinates":[[[-122.4049015,37.7937793],[-122.4048957,37.7937502],[-122.404797,37.7937625],[-122.4048103,37.7938291],[-122.404909,37.7938168],[-122.4049015,37.7937793]]]},"properties":{"sources":[{"property":"","dataset":"OpenStreetMap","license":"ODbL-1.0","record_id":"w260526944@5","update_time":"2022-03-24T04:13:39.000Z","confidence":null,"between":null}],"height":13.0,"is_underground":false,"num_floors":4,"has_parts":false,"version":1}},
{"id":"214b8f7e-68c8-4926-bc10-88d54c5802ea","type":"Feature","geometry":{"type":"Polygon","coordinates":[[[-122.4048957,37.7937502],[-122.4048823,37.7936833],[-122.4047836,37.7936956],[-122.404797,37.7937625],[-122.4048957,37.7937502]]]},"properties":{"sources":[{"property":"","dataset":"OpenStreetMap","license":"ODbL-1.0","record_id":"w260526935@5","update_time":"2022-03-24T04:13:39.000Z","confidence":null,"between":null}],"height":16.0,"is_underground":false,"num_floors":5,"has_parts":false,"version":1}},
{"id":"9873439c-2e90-4934-b51e-aaddc49fe100","type":"Feature","geometry":{"type":"Polygon","coordinates":[[[-122.4048823,37.7936833],[-122.4048681,37.7936125],[-122.4047694,37.7936248],[-122.4047836,37.7936956],[-122.4048823,37.7936833]]]},"properties":{"sources":[{"property":"","dataset":"OpenStreetMap","license":"ODbL-1.0","record_id":"w260526936@5","update_time":"2022-03-24T04:13:39.000Z","confidence":null,"between":null}],"height":14.0,"is_underground":false,"num_floors":3,"has_parts":false,"version":1}},
{"id":"6c37df0c-e5fb-4d23-9fad-129b9d31e8e7","type":"Feature","geometry":{"type":"Polygon","coordinates":[[[-122.4050354,37.7937626],[-122.405002,37.7935957],[-122.4048681,37.7936125],[-122.4048823,37.7936833],[-122.4048957,37.7937502],[-122.4049015,37.7937793],[-122.4049709,37.7937706],[-122.4050354,37.7937626]]]},"properties":{"sources":[{"property":"","dataset":"OpenStreetMap","license":"ODbL-1.0","record_id":"w260526956@4","update_time":"2022-03-24T04:13:39.000Z","confidence":null,"between":null}],"height":13.0,"is_underground":false,"has_parts":false,"version":1}},
{"id":"949d889a-9676-4183-b5f2-56c718c6a262","type":"Feature","geometry":{"type":"Polygon","coordinates":[[[-122.4050033,37.7939321],[-122.4049709,37.7937706],[-122.4049015,37.7937793],[-122.404909,37.7938168],[-122.4049214,37.7938788],[-122.4049338,37.7939408],[-122.4050033,37.7939321]]]},"properties":{"sources":[{"property":"","dataset":"OpenStreetMap","license":"ODbL-1.0","record_id":"w260526939@3","update_time":"2022-03-24T04:13:39.000Z","confidence":null,"between":null},{"property":"/properties/height","dataset":"USGS Lidar","license":null,"record_id":null,"update_time":null,"confidence":null,"between":null}],"height":6.3,"is_underground":false,"has_parts":false,"version":1}},
{"id":"a7f93574-6a41-418a-a878-80d9d5997e83","type":"Feature","geometry":{"type":"Polygon","coordinates":[[[-122.4050354,37.7937626],[-122.4049709,37.7937706],[-122.4050033,37.7939321],[-122.4050678,37.793924],[-122.4050354,37.7937626]],[[-122.4050071,37.793809],[-122.4050149,37.793846],[-122.4049939,37.7938488],[-122.4049861,37.7938117],[-122.4050071,37.793809]]]},"properties":{"sources":[{"property":"","dataset":"OpenStreetMap","license":"ODbL-1.0","record_id":"r13957318@1","update_time":"2022-03-24T04:13:39.000Z","confidence":null,"between":null}],"height":10.0,"is_underground":false,"has_parts":false,"version":2}},
{"id":"ea53d582-b5bc-4567-9b91-0705bade0068","type":"Feature","geometry":{"type":"Polygon","coordinates":[[[-122.4051412,37.7940201],[-122.4049994,37.7940362],[-122.4050278,37.7941924],[-122.4050676,37.7941878],[-122.4051696,37.7941762],[-122.4051679,37.7941668],[-122.4051412,37.7940201]]]},"properties":{"sources":[{"property":"","dataset":"OpenStreetMap","license":"ODbL-1.0","record_id":"w260530150@4","update_time":"2020-07-09T03:49:35.000Z","confidence":null,"between":null}],"height":9.0,"is_underground":false,"has_parts":false,"version":1}},
{"id":"477dce4a-cace-4d47-9a3b-002741dca048","type":"Feature","geometry":{"type":"Polygon","coordinates":[[[-122.4051674,37.79374],[-122.4051352,37.7935791],[-122.405002,37.7935957],[-122.4050354,37.7937626],[-122.4050678,37.793924],[-122.4052009,37.7939074],[-122.4051716,37.793761],[-122.4051674,37.79374]]]},"properties":{"sources":[{"property":"","dataset":"OpenStreetMap","license":"ODbL-1.0","record_id":"w260526959@4","update_time":"2022-03-24T04:13:39.000Z","confidence":null,"between":null}],"height":12.0,"is_underground":false,"has_parts":false,"version":1}},
{"id":"f704b81e-b520-473b-be7a-89466a039893","type":"Feature","geometry":{"type":"Polygon","coordinates":[[[-122.4050791,37.7942507],[-122.4050676,37.7941878],[-122.4050278,37.7941924],[-122.4048926,37.7942077],[-122.4049228,37.7943739],[-122.4050979,37.794354],[-122.4050972,37.7943505],[-122.405089,37.7943053],[-122.4050633,37.7943082],[-122.4050533,37.7942537],[-122.4050791,37.7942507]]]},"properties":{"sources":[{"property":"","dataset":"OpenStreetMap","license":"ODbL-1.0","record_id":"w260530156@5","update_time":"2020-07-09T03:49:35.000Z","confidence":null,"between":null}],"height":12.0,"is_underground":false,"has_parts":false,"version":1}},
{"id":"fe423ce9-5e35-48a5-961c-472e56506d4e","type":"Feature","geometry":{"type":"Polygon","coordinates":[[[-122.4047613,37.7948384],[-122.4047381,37.7947284],[-122.4044842,37.7947619],[-122.4045074,37.7948719],[-122.4047613,37.7948384]]]},"properties":{"sources":[{"property":"","dataset":"OpenStreetMap","license":"ODbL-1.0","record_id":"w256072709@7","update_time":"2023-06-16T13:07:25.000Z","confidence":null,"between":null}],"height":14.0,"is_underground":false,"num_floors":3,"has_parts":false,"version":1}},
{"id":"c4ba4375-e501-4951-8f71-4ea60b389177","type":"Feature","geometry":{"type":"Polygon","coordinates":[[[-122.4046358,37.7942885],[-122.4044988,37.7943059],[-122.4045235,37.7944272],[-122.4046605,37.7944095],[-122.4046358,37.7942885]]]},"properties":{"sources":[{"property":"","dataset":"OpenStreetMap","license":"ODbL-1.0","record_id":"w260924228@4","update_time":"2025-06-27T16:26:40.000Z","confidence":null,"between":null}],"height":9.0,"is_underground":false,"has_parts":false,"version":2}},
{"id":"113dd759-0577-4d9b-a7e0-a55a39cdc542","type":"Feature","geometry":{"type":"Polygon","coordinates":[[[-122.4046188,37.7941571],[-122.4045467,37.7941663],[-122.4045519,37.7941951],[-122.4045553,37.7942084],[-122.4044808,37.7942179],[-122.4044917,37.794271],[-122.4044988,37.7943059],[-122.4046358,37.7942885],[-122.4046599,37.7942854],[-122.4046426,37.7942006],[-122.404628,37.7942024],[-122.4046188,37.7941571]]]},"properties":{"sources":[{"property":"","dataset":"OpenStreetMap","license":"ODbL-1.0","record_id":"w260924221@4","update_time":"2020-07-09T03:49:35.000Z","confidence":null,"between":null}],"height":17.0,"is_underground":false,"has_parts":false,"version":1}},
{"id":"1b08fd7e-007c-41f7-b641-6a65a7857c02","type":"Feature","geometry":{"type":"Polygon","coordinates":[[[-122.4044041,37.7944421],[-122.4044527,37.7944364],[-122.4044215,37.7942834],[-122.4043731,37.7942896],[-122.404403,37.7944428],[-122.4044041,37.7944421]]]},"properties":{"sources":[{"property":"","dataset":"OpenStreetMap","license":"ODbL-1.0","record_id":"w260924235@2","update_time":"2025-06-27T16:26:40.000Z","confidence":null,"between":null},{"property":"/properties/height","dataset":"USGS Lidar","license":null,"record_id":null,"update_time":null,"confidence":null,"between":null}],"height":14.1,"is_underground":false,"has_parts":false,"version":2}},
{"id":"f6fc16bd-ed6b-496f-865c-096be67d7e40","type":"Feature","geometry":{"type":"Polygon","coordinates":[[[-122.4044527,37.7944364],[-122.4045235,37.7944272],[-122.4044988,37.7943059],[-122.4044917,37.794271],[-122.4044208,37.79428],[-122.4044215,37.7942834],[-122.4044527,37.7944364]]]},"properties":{"sources":[{"property":"","dataset":"OpenStreetMap","license":"ODbL-1.0","record_id":"w260924236@2","update_time":"2025-06-27T16:26:40.000Z","confidence":null,"between":null},{"property":"/properties/height","dataset":"USGS Lidar","license":null,"record_id":null,"update_time":null,"confidence":null,"between":null}],"height":8.4,"is_underground":false,"has_parts":false,"version":2}},
{"id":"0e180131-5de6-44d7-97f4-1cc75af5b4d1","type":"Feature","geometry":{"type":"Polygon","coordinates":[[[-122.4042349,37.7942935],[-122.4042373,37.7943056],[-122.4042689,37.7944602],[-122.4043521,37.7944494],[-122.4043183,37.7942829],[-122.4043146,37.7942834],[-122.4042349,37.7942935]]]},"properties":{"sources":[{"property":"","dataset":"OpenStreetMap","license":"ODbL-1.0","record_id":"w260924237@5","update_time":"2025-06-27T16:26:40.000Z","confidence":null,"between":null}],"height":13.0,"is_underground":false,"has_parts":false,"version":2}},
{"id":"68cab688-31cb-4915-8444-409b1642fe11","type":"Feature","geometry":{"type":"Polygon","coordinates":[[[-122.404369,37.7942764],[-122.4043183,37.7942829],[-122.4043521,37.7944494],[-122.404403,37.7944428],[-122.4043731,37.7942896],[-122.404369,37.7942764]]]},"properties":{"sources":[{"property":"","dataset":"OpenStreetMap","license":"ODbL-1.0","record_id":"w260924240@2","update_time":"2025-06-27T16:26:40.000Z","confidence":null,"between":null},{"property":"/properties/height","dataset":"USGS Lidar","license":null,"record_id":null,"update_time":null,"confidence":null,"between":null}],"height":16.3,"is_underground":false,"has_parts":false,"version":2}},
{"id":"e0661fd9-f58e-409f-9a52-2da16f96386c","type":"Feature","geometry":{"type":"Polygon","coordinates":[[[-122.4044101,37.7948848],[-122.4045074,37.7948719],[-122.4044842,37.7947619],[-122.4043868,37.7947748],[-122.4044101,37.7948848]]]},"properties":{"sources":[{"property":"","dataset":"OpenStreetMap","license":"ODbL-1.0","record_id":"w939455049@2","update_time":"2023-06-16T13:07:25.000Z","confidence":null,"between":null}],"is_underground":false,"has_parts":false,"version":1}},
{"id":"ecca11ae-e424-4434-bac1-018f5b9fc8de","type":"Feature","geometry":{"type":"Polygon","coordinates":[[[-122.4046965,37.794532],[-122.4043453,37.7945784],[-122.4043868,37.7947748],[-122.4044842,37.7947619],[-122.4047381,37.7947284],[-122.4046965,37.794532]]]},"properties":{"sources":[{"property":"","dataset":"OpenStreetMap","license":"ODbL-1.0","record_id":"w256072717@5","update_time":"2023-06-16T13:07:25.000Z","confidence":null,"between":null}],"height":10.0,"is_underground":false,"has_parts":false,"version":1}},
{"id":"4f854000-e4c3-4bb7-a604-bc39b5e2e1c1","type":"Feature","geometry":{"type":"Polygon","coordinates":[[[-122.4045222,37.794944],[-122.4038422,37.7950355],[-122.4038444,37.7950473],[-122.4038564,37.7951126],[-122.4038732,37.7951106],[-122.403883,37.7951625],[-122.4038565,37.7951656],[-122.40387,37.7952373],[-122.4038961,37.7952342],[-122.4039052,37.7952829],[-122.4038889,37.7952848],[-122.4039022,37.7953555],[-122.4039039,37.7953645],[-122.4045879,37.7952844],[-122.4046013,37.7952716],[-122.4045951,37.7952386],[-122.4045773,37.795228],[-122.4045247,37.7952342],[-122.4045229,37.7952246],[-122.404539,37.7952226],[-122.4047033,37.7952034],[-122.4047417,37.7951254],[-122.4047357,37.7950934],[-122.4047288,37.7950572],[-122.4046651,37.7950011],[-122.404504,37.7950199],[-122.4044847,37.7950223],[-122.4044814,37.795005],[-122.4045326,37.794999],[-122.404545,37.7949887],[-122.4045391,37.7949573],[-122.4045222,37.794944]]]},"properties":{"names":{"primary":"Hilton San Francisco Financial District","common":null,"rules":null},"sources":[{"property":"","dataset":"OpenStreetMap","license":"ODbL-1.0","record_id":"w260922316@19","update_time":"2025-06-27T18:15:24.000Z","confidence":null,"between":null}],"height":111.0,"is_underground":false,"num_floors":32,"subtype":"commercial","class":"hotel","has_parts":true,"version":2}},
{"id":"63dfcf32-8a6f-48fe-b595-9f07ce98ad71","type":"Feature","geometry":{"type":"Polygon","coordinates":[[[-122.4040007,37.7949332],[-122.404185,37.7949108],[-122.4041235,37.7946095],[-122.4039413,37.7946323],[-122.4040007,37.7949332]]]},"properties":{"names":{"primary":"Edwin and Anita Lee Newcomer School","common":null,"rules":[{"variant":"alternate","language":null,"perspectives":null,"value":"Chinese Education Center","between":null,"side":null}]},"sources":[{"property":"","dataset":"OpenStreetMap","license":"ODbL-1.0","record_id":"w162056247@6","update_time":"2021-12-10T09:08:02.000Z","confidence":null,"between":null},{"property":"/properties/height","dataset":"USGS Lidar","license":null,"record_id":null,"update_time":null,"confidence":null,"between":null}],"height":11.6,"is_underground":false,"subtype":"education","class":"school","has_parts":false,"version":1}},
{"id":"dc0140d8-bbb7-4359-b1dd-e5eeb063056d","type":"Feature","geometry":{"type":"Polygon","coordinates":[[[-122.4041235,37.7946095],[-122.404185,37.7949108],[-122.4043153,37.7948949],[-122.4044101,37.7948848],[-122.4043868,37.7947748],[-122.4043453,37.7945784],[-122.4041235,37.7946095]]]},"properties":{"sources":[{"property":"","dataset":"OpenStreetMap","license":"ODbL-1.0","record_id":"w256072720@7","update_time":"2023-06-16T13:07:25.000Z","confidence":null,"between":null}],"height":11.0,"is_underground":false,"has_parts":false,"version":1}},
{"id":"0577e475-609b-44b5-81c5-b0441ab26253","type":"Feature","geometry":{"type":"Polygon","coordinates":[[[-122.4042373,37.7943056],[-122.404154,37.7943162],[-122.4041856,37.794471],[-122.4042689,37.7944602],[-122.4042373,37.7943056]]]},"properties":{"sources":[{"property":"","dataset":"OpenStreetMap","license":"ODbL-1.0","record_id":"w260924225@4","update_time":"2025-06-27T16:26:40.000Z","confidence":null,"between":null}],"height":13.0,"is_underground":false,"has_parts":false,"version":2}},
{"id":"6b5db650-fc72-4159-846a-08482d8fe8fc","type":"Feature","geometry":{"type":"Polygon","coordinates":[[[-122.4042833,37.7941292],[-122.4041716,37.7941433],[-122.4041973,37.7942689],[-122.4043088,37.7942547],[-122.4042833,37.7941292]]]},"properties":{"sources":[{"property":"","dataset":"OpenStreetMap","license":"ODbL-1.0","record_id":"w260924229@4","update_time":"2020-07-09T03:49:35.000Z","confidence":null,"between":null}],"height":12.0,"is_underground":false,"has_parts":false,"version":1}},
{"id":"fcecdc31-e729-41ff-adf9-a5477dedf086","type":"Feature","geometry":{"type":"Polygon","coordinates":[[[-122.4041716,37.7941433],[-122.4040049,37.7941646],[-122.4040192,37.7942346],[-122.4040389,37.7943309],[-122.404154,37.7943162],[-122.4041502,37.7942974],[-122.4042017,37.7942908],[-122.4041973,37.7942689],[-122.4041716,37.7941433]]]},"properties":{"sources":[{"property":"","dataset":"OpenStreetMap","license":"ODbL-1.0","record_id":"w260924239@2","update_time":"2016-07-18T06:12:26.000Z","confidence":null,"between":null},{"property":"/properties/height","dataset":"USGS Lidar","license":null,"record_id":null,"update_time":null,"confidence":null,"between":null}],"height":14.0,"is_underground":false,"has_parts":false,"version":1}},
{"id":"1e950310-5a93-42b9-9a30-053aad0393d8","type":"Feature","geometry":{"type":"Polygon","coordinates":[[[-122.4040389,37.7943309],[-122.4040543,37.7944066],[-122.4040706,37.7944858],[-122.4041856,37.794471],[-122.404154,37.7943162],[-122.4040389,37.7943309]]]},"properties":{"names":{"primary":"Clayton","common":null,"rules":null},"sources":[{"property":"","dataset":"OpenStreetMap","license":"ODbL-1.0","record_id":"w260924232@2","update_time":"2025-06-27T16:26:40.000Z","confidence":null,"between":null},{"property":"/properties/height","dataset":"USGS Lidar","license":null,"record_id":null,"update_time":null,"confidence":null,"between":null}],"height":12.7,"is_underground":false,"has_parts":false,"version":2}},
{"id":"7ba293c2-d019-410e-8b9b-3c015ef17425","type":"Feature","geometry":{"type":"Polygon","coordinates":[[[-122.4039406,37.7944588],[-122.4039493,37.7945015],[-122.4040706,37.7944858],[-122.4040543,37.7944066],[-122.4040418,37.7944082],[-122.4040067,37.7942362],[-122.4040192,37.7942346],[-122.4040049,37.7941646],[-122.4038874,37.7941796],[-122.4038951,37.7942171],[-122.4039071,37.7942156],[-122.4039564,37.7944568],[-122.4039406,37.7944588]]]},"properties":{"sources":[{"property":"","dataset":"OpenStreetMap","license":"ODbL-1.0","record_id":"w260924222@5","update_time":"2025-06-27T16:26:40.000Z","confidence":null,"between":null}],"height":15.0,"is_underground":false,"has_parts":false,"version":2}},
{"id":"d1341c3e-3d9c-48bd-8422-05174cf58e8f","type":"Feature","geometry":{"type":"Polygon","coordinates":[[[-122.4038078,37.7943623],[-122.4038032,37.7943629],[-122.4038344,37.7945164],[-122.4039493,37.7945015],[-122.4039406,37.7944588],[-122.4039182,37.7943483],[-122.4038078,37.7943623]]]},"properties":{"sources":[{"property":"","dataset":"OpenStreetMap","license":"ODbL-1.0","record_id":"w260924226@5","update_time":"2025-06-27T16:26:40.000Z","confidence":null,"between":null}],"height":12.0,"is_underground":false,"has_parts":false,"version":2}},
{"id":"b3800c68-526d-4e22-93bb-72f07b66eea3","type":"Feature","geometry":{"type":"Polygon","coordinates":[[[-122.4037994,37.794958],[-122.4040007,37.7949332],[-122.4039413,37.7946323],[-122.40374,37.794657],[-122.403744,37.7946771],[-122.4037964,37.7949427],[-122.4037994,37.794958]]]},"properties":{"sources":[{"property":"","dataset":"OpenStreetMap","license":"ODbL-1.0","record_id":"w256072716@7","update_time":"2025-06-27T16:26:40.000Z","confidence":null,"between":null}],"height":15.0,"is_underground":false,"has_parts":false,"version":2}},
{"id":"af5920eb-1b85-4b85-878e-602d73788760","type":"Feature","geometry":{"type":"Polygon","coordinates":[[[-122.4038032,37.7943629],[-122.4036892,37.7943774],[-122.4037217,37.794531],[-122.4038344,37.7945164],[-122.4038032,37.7943629]]]},"properties":{"sources":[{"property":"","dataset":"OpenStreetMap","license":"ODbL-1.0","record_id":"w260924231@4","update_time":"2025-06-27T16:26:40.000Z","confidence":null,"between":null}],"height":12.0,"is_underground":false,"has_parts":false,"version":2}},
{"id":"5c04ea40-bbd4-425f-a835-ff476cb923ab","type":"Feature","geometry":{"type":"Polygon","coordinates":[[[-122.4037762,37.794207],[-122.4036581,37.7942216],[-122.4036892,37.7943774],[-122.4038032,37.7943629],[-122.4038078,37.7943623],[-122.4037762,37.794207]]]},"properties":{"sources":[{"property":"","dataset":"OpenStreetMap","license":"ODbL-1.0","record_id":"w260924234@4","update_time":"2025-06-27T16:26:40.000Z","confidence":null,"between":null}],"height":21.0,"is_underground":false,"has_parts":false,"version":2}},
{"id":"7cd512b3-4ac4-44b6-abbf-39d7a8352065","type":"Feature","geometry":{"type":"Polygon","coordinates":[[[-122.4033896,37.7942538],[-122.4033936,37.7942814],[-122.4035963,37.7942554],[-122.4035919,37.7942299],[-122.4033896,37.7942538]]]},"properties":{"sources":[{"property":"","dataset":"OpenStreetMap","license":"ODbL-1.0","record_id":"w1410106479@1","update_time":"2025-06-27T16:26:40.000Z","confidence":null,"between":null}],"is_underground":false,"num_floors":2,"has_parts":false,"version":1}},
{"id":"da4de8dc-0c0d-4fa8-a026-10c2877bcf9c","type":"Feature","geometry":{"type":"Polygon","coordinates":[[[-122.4031899,37.7943075],[-122.4032482,37.7945918],[-122.4036856,37.7945356],[-122.4037217,37.794531],[-122.4036892,37.7943774],[-122.4036581,37.7942216],[-122.4036235,37.794226],[-122.4036287,37.7942513],[-122.4035963,37.7942554],[-122.4033936,37.7942814],[-122.4033851,37.7942825],[-122.4031899,37.7943075]]]},"properties":{"sources":[{"property":"","dataset":"OpenStreetMap","license":"ODbL-1.0","record_id":"w260924224@6","update_time":"2025-06-27T16:26:40.000Z","confidence":null,"between":null}],"height":93.0,"is_underground":false,"num_floors":16,"has_parts":true,"version":2}},
{"id":"664c9bce-d141-4383-990f-d14f80857328","type":"Feature","geometry":{"type":"Polygon","coordinates":[[[-122.4033446,37.7950141],[-122.4037869,37.7949577],[-122.4037842,37.7949444],[-122.40373,37.7946788],[-122.4037289,37.7946734],[-122.4032866,37.7947298],[-122.4033395,37.7949891],[-122.4033446,37.7950141]]]},"properties":{"sources":[{"property":"","dataset":"OpenStreetMap","license":"ODbL-1.0","record_id":"w32946353@8","update_time":"2025-06-27T16:26:40.000Z","confidence":null,"between":null}],"height":91.0,"is_underground":false,"num_floors":20,"subtype":"commercial","class":"office","has_parts":false,"version":2}},
{"id":"a54504b5-5fc8-43aa-85aa-a0d5048c6260","type":"Feature","geometry":{"type":"Polygon","coordinates":[[[-122.403193,37.7942771],[-122.4031982,37.7943053],[-122.4033851,37.7942825],[-122.4033805,37.7942549],[-122.403193,37.7942771]]]},"properties":{"sources":[{"property":"","dataset":"OpenStreetMap","license":"ODbL-1.0","record_id":"w1410106478@1","update_time":"2025-06-27T16:26:40.000Z","confidence":null,"between":null}],"is_underground":false,"num_floors":1,"has_parts":false,"version":1}},
{"id":"aa3a986b-2826-41aa-8662-768013a027ed","type":"Feature","geometry":{"type":"Polygon","coordinates":[[[-122.4028384,37.794505],[-122.4028642,37.7946503],[-122.403026,37.7946309],[-122.4029928,37.7944583],[-122.4029564,37.7944625],[-122.4029617,37.7944909],[-122.4028955,37.7944985],[-122.4028384,37.794505]]]},"properties":{"sources":[{"property":"","dataset":"OpenStreetMap","license":"ODbL-1.0","record_id":"w256068381@6","update_time":"2025-06-27T16:26:40.000Z","confidence":null,"between":null}],"height":35.0,"is_underground":false,"has_parts":false,"version":2}},
{"id":"bfcd461b-d816-4408-9a6b-13ccecafbfca","type":"Feature","geometry":{"type":"Polygon","coordinates":[[[-122.4026515,37.7944874],[-122.4026537,37.794499],[-122.4027271,37.7944905],[-122.4028336,37.7944786],[-122.4028906,37.7944717],[-122.4028955,37.7944985],[-122.4029617,37.7944909],[-122.4029564,37.7944625],[-122.4029928,37.7944583],[-122.4029608,37.7942917],[-122.4026229,37.7943323],[-122.4026515,37.7944874]]]},"properties":{"names":{"primary":"Consulate General of Switzerland in San Francisco","common":null,"rules":null},"sources":[{"property":"","dataset":"OpenStreetMap","license":"ODbL-1.0","record_id":"w256068384@8","update_time":"2025-06-27T16:26:40.000Z","confidence":null,"between":null}],"height":39.0,"is_underground":false,"has_parts":false,"version":2}},
{"id":"e4e0d84e-3e3f-428f-81bf-aca713719d3e","type":"Feature","geometry":{"type":"Polygon","coordinates":[[[-122.4027579,37.7946631],[-122.4027323,37.7945195],[-122.4025995,37.7945348],[-122.402626,37.7946789],[-122.4027579,37.7946631]]]},"properties":{"sources":[{"property":"","dataset":"OpenStreetMap","license":"ODbL-1.0","record_id":"w256068374@5","update_time":"2025-06-27T16:26:40.000Z","confidence":null,"between":null}],"height":9.0,"is_underground":false,"has_parts":false,"version":2}},
{"id":"43187f30-2f51-4c09-8784-68b92c18f906","type":"Feature","geometry":{"type":"Polygon","coordinates":[[[-122.4027579,37.7946631],[-122.4028642,37.7946503],[-122.4028384,37.794505],[-122.4028336,37.7944786],[-122.4027271,37.7944905],[-122.4027323,37.7945195],[-122.4027579,37.7946631]]]},"properties":{"sources":[{"property":"","dataset":"OpenStreetMap","license":"ODbL-1.0","record_id":"w256068366@4","update_time":"2025-06-27T16:26:40.000Z","confidence":null,"between":null},{"property":"/properties/height","dataset":"USGS Lidar","license":null,"record_id":null,"update_time":null,"confidence":null,"between":null}],"height":11.6,"is_underground":false,"has_parts":false,"version":2}},
{"id":"f2170db5-bfaf-4473-8ff6-b7e858d2a1b5","type":"Feature","geometry":{"type":"Polygon","coordinates":[[[-122.4025293,37.7954472],[-122.4031399,37.7953705],[-122.4030423,37.7948854],[-122.4024647,37.794958],[-122.4024317,37.7949621],[-122.4024573,37.7950894],[-122.4024591,37.7950985],[-122.4024953,37.7952781],[-122.4024991,37.7952971],[-122.4025002,37.7953026],[-122.4025293,37.7954472]]]},"properties":{"names":{"primary":"Transamerica Pyramid","common":[["da","Transamerica-pyramiden"],["en","Transamerica Pyramid"],["ko","트랜스아메리카 피라미드"],["sv","Transamerica-pyramiden"]],"rules":null},"sources":[{"property":"","dataset":"OpenStreetMap","license":"ODbL-1.0","record_id":"w24222973@26","update_time":"2025-06-27T16:46:57.000Z","confidence":null,"between":null}],"height":260.0,"is_underground":false,"num_floors":48,"subtype":"entertainment","roof_shape":"pyramidal","roof_height":260.0,"has_parts":true,"version":2}},
{"id":"494eb4bc-0733-4b13-a447-8e4f4f93adc5","type":"Feature","geometry":{"type":"Polygon","coordinates":[[[-122.4024178,37.7947039],[-122.4025224,37.7946913],[-122.4024884,37.7945196],[-122.4023848,37.7945324],[-122.4024178,37.7947039]]]},"properties":{"sources":[{"property":"","dataset":"OpenStreetMap","license":"ODbL-1.0","record_id":"w942303810@1","update_time":"2025-06-27T16:26:40.000Z","confidence":null,"between":null},{"property":"/properties/height","dataset":"USGS Lidar","license":null,"record_id":null,"update_time":null,"confidence":null,"between":null}],"height":12.1,"is_underground":false,"has_parts":false,"version":2}},
{"id":"c592954f-dcce-4bba-b39c-f0bbe0a3feb2","type":"Feature","geometry":{"type":"Polygon","coordinates":[[[-122.4025224,37.7946913],[-122.402626,37.7946789],[-122.4025995,37.7945348],[-122.4025944,37.7945074],[-122.4025804,37.794509],[-122.402578,37.7944959],[-122.4025495,37.7943411],[-122.4024592,37.7943519],[-122.4024884,37.7945196],[-122.4025224,37.7946913]]]},"properties":{"sources":[{"property":"","dataset":"OpenStreetMap","license":"ODbL-1.0","record_id":"w256068383@4","update_time":"2025-06-27T16:26:40.000Z","confidence":null,"between":null}],"height":16.0,"is_underground":false,"has_parts":false,"version":2}},
{"id":"932eefd4-9fed-4947-abe2-c1310be8a277","type":"Feature","geometry":{"type":"Polygon","coordinates":[[[-122.4026515,37.7944874],[-122.4026229,37.7943323],[-122.4025495,37.7943411],[-122.402578,37.7944959],[-122.4026515,37.7944874]]]},"properties":{"sources":[{"property":"","dataset":"OpenStreetMap","license":"ODbL-1.0","record_id":"w256068369@2","update_time":"2025-06-27T16:26:40.000Z","confidence":null,"between":null},{"property":"/properties/height","dataset":"USGS Lidar","license":null,"record_id":null,"update_time":null,"confidence":null,"between":null}],"height":13.8,"is_underground":false,"has_parts":false,"version":2}},
{"id":"35bcfe1e-cb6d-4e81-be12-e7212e71dc5d","type":"Feature","geometry":{"type":"Polygon","coordinates":[[[-122.4023848,37.7945324],[-122.4024884,37.7945196],[-122.4024592,37.7943519],[-122.4023526,37.7943647],[-122.4023848,37.7945324]]]},"properties":{"sources":[{"property":"","dataset":"OpenStreetMap","license":"ODbL-1.0","record_id":"w256068367@4","update_time":"2025-06-27T16:26:40.000Z","confidence":null,"between":null}],"height":11.0,"is_underground":false,"has_parts":false,"version":2}},
{"id":"c2544c8a-dc3d-4c57-a68c-33d2bde5e270","type":"Feature","geometry":{"type":"Polygon","coordinates":[[[-122.402056,37.7943086],[-122.4020221,37.7941441],[-122.4019174,37.7941576],[-122.401883,37.7941619],[-122.4019166,37.7943262],[-122.402056,37.7943086]]]},"properties":{"sources":[{"property":"","dataset":"OpenStreetMap","license":"ODbL-1.0","record_id":"w165480947@3","update_time":"2024-05-22T22:50:13.000Z","confidence":null,"between":null},{"property":"/properties/height","dataset":"USGS Lidar","license":null,"record_id":null,"update_time":null,"confidence":null,"between":null}],"height":17.9,"is_underground":false,"has_parts":false,"version":1}},
{"id":"6c678c71-303e-4149-99e4-c48f6ab04593","type":"Feature","geometry":{"type":"Polygon","coordinates":[[[-122.4018043,37.794172],[-122.4018379,37.7943362],[-122.4019166,37.7943262],[-122.401883,37.7941619],[-122.4018043,37.794172]]]},"properties":{"sources":[{"property":"","dataset":"OpenStreetMap","license":"ODbL-1.0","record_id":"w942303809@1","update_time":"2024-05-22T22:50:13.000Z","confidence":null,"between":null},{"property":"/properties/height","dataset":"USGS Lidar","license":null,"record_id":null,"update_time":null,"confidence":null,"between":null}],"height":16.2,"is_underground":false,"has_parts":false,"version":1}},
{"id":"45fd9e35-0f70-4a19-a4ff-c5b37d1427a3","type":"Feature","geometry":{"type":"Polygon","coordinates":[[[-122.4022719,37.7946679],[-122.4023105,37.7946631],[-122.4022554,37.7943853],[-122.4015646,37.7944708],[-122.4016187,37.7947437],[-122.4016707,37.7947372],[-122.4016759,37.7947634],[-122.4022761,37.7946891],[-122.4022719,37.7946679]]]},"properties":{"names":{"primary":"475 Sansome Street","common":[["ko","475 샌섬 스트리트"]],"rules":null},"sources":[{"property":"","dataset":"OpenStreetMap","license":"ODbL-1.0","record_id":"w32859284@8","update_time":"2024-05-22T22:50:13.000Z","confidence":null,"between":null}],"height":82.0,"is_underground":false,"num_floors":19,"has_parts":false,"version":1}},
{"id":"b9cdebc4-b4a7-4538-a37a-3e40a9c6ef49","type":"Feature","geometry":{"type":"Polygon","coordinates":[[[-122.4017259,37.7952537],[-122.4019977,37.7952197],[-122.4019435,37.794931],[-122.4019373,37.7948981],[-122.4016632,37.7949323],[-122.4017259,37.7952537]]]},"properties":{"names":{"primary":"Two Transamerica Center","common":null,"rules":null},"sources":[{"property":"","dataset":"OpenStreetMap","license":"ODbL-1.0","record_id":"w32859283@7","update_time":"2025-06-27T16:46:57.000Z","confidence":null,"between":null}],"height":74.0,"is_underground":false,"num_floors":19,"has_parts":false,"version":2}},
{"id":"5790e06d-a3e1-4666-8114-af8bf13c708d","type":"Feature","geometry":{"type":"Polygon","coordinates":[[[-122.4018379,37.7943362],[-122.4018043,37.794172],[-122.4015036,37.7942108],[-122.4015375,37.7943752],[-122.4018379,37.7943362]]]},"properties":{"sources":[{"property":"","dataset":"OpenStreetMap","license":"ODbL-1.0","record_id":"w165480946@2","update_time":"2024-05-22T22:50:13.000Z","confidence":null,"between":null},{"property":"/properties/height","dataset":"USGS Lidar","license":null,"record_id":null,"update_time":null,"confidence":null,"between":null}],"height":16.5,"is_underground":false,"has_parts":false,"version":1}},
{"id":"90a8f81e-a525-499f-b02f-b793c4b82244","type":"Feature","geometry":{"type":"Polygon","coordinates":[[[-122.4010263,37.7944542],[-122.4012164,37.7944316],[-122.4011534,37.7941006],[-122.4004364,37.7941858],[-122.4004416,37.7942164],[-122.4003461,37.794228],[-122.4003986,37.7944969],[-122.400494,37.7944852],[-122.400499,37.7945144],[-122.4006985,37.7944907],[-122.4010263,37.7944542]]]},"properties":{"names":{"primary":"Old Federal Reserve Bank","common":null,"rules":null},"sources":[{"property":"","dataset":"OpenStreetMap","license":"ODbL-1.0","record_id":"w32947510@6","update_time":"2024-05-22T22:50:13.000Z","confidence":null,"between":null},{"property":"/properties/height","dataset":"Microsoft ML Buildings","license":"ODbL-1.0","record_id":null,"update_time":"2023-09-01T00:00:00.000Z","confidence":0.9926999807357788,"between":null}],"height":21.16670036315918,"is_underground":false,"num_floors":7,"subtype":"commercial","class":"office","has_parts":true,"version":2}},
{"id":"cd18f4fe-08fb-4784-aa3a-71f09b610765","type":"Feature","geometry":{"type":"Polygon","coordinates":[[[-122.4005365,37.7948539],[-122.4013324,37.7947663],[-122.4013502,37.7947638],[-122.4013518,37.7947715],[-122.4013908,37.7947653],[-122.4013363,37.794498],[-122.4012942,37.794501],[-122.4012956,37.7945126],[-122.4012903,37.7945132],[-122.4007334,37.7945754],[-122.4004766,37.7946092],[-122.4003937,37.7946202],[-122.4004454,37.7948659],[-122.4005365,37.7948539]]]},"properties":{"names":{"primary":"The Jay, Autograph Collection","common":null,"rules":null},"sources":[{"property":"","dataset":"OpenStreetMap","license":"ODbL-1.0","record_id":"w35182441@18","update_time":"2025-07-02T20:28:59.000Z","confidence":null,"between":null}],"height":81.0,"is_underground":false,"num_floors":24,"has_parts":true,"version":2}},
{"id":"20de9162-f8ab-4f18-831d-a7e9af801f95","type":"Feature","geometry":{"type":"Polygon","coordinates":[[[-122.4010178,37.7953449],[-122.4014878,37.7952835],[-122.40142,37.7949545],[-122.4009494,37.7950146],[-122.4009874,37.7951984],[-122.4010178,37.7953449]]]},"properties":{"sources":[{"property":"","dataset":"OpenStreetMap","license":"ODbL-1.0","record_id":"w256072719@5","update_time":"2024-05-23T01:52:22.000Z","confidence":null,"between":null}],"height":34.0,"is_underground":false,"num_floors":8,"has_parts":false,"version":1}},
{"id":"f33f3b3b-61c9-4e55-af5a-4c6b905e1fb0","type":"Feature","geometry":{"type":"Polygon","coordinates":[[[-122.3996946,37.7949465],[-122.4001623,37.7948919],[-122.4001181,37.7946549],[-122.3995565,37.7947204],[-122.3995632,37.7947563],[-122.3992692,37.7947907],[-122.3993183,37.7950532],[-122.399626,37.7950173],[-122.3996145,37.7949558],[-122.3996946,37.7949465]]]},"properties":{"sources":[{"property":"","dataset":"OpenStreetMap","license":"ODbL-1.0","record_id":"w32612635@5","update_time":"2024-05-03T20:30:23.000Z","confidence":null,"between":null}],"height":28.0,"is_underground":false,"num_floors":3,"has_parts":false,"version":1}},
{"id":"a7649ee1-716f-4e19-a61d-b774fb7c165c","type":"Feature","geometry":{"type":"Polygon","coordinates":[[[-122.3991919,37.7944961],[-122.3992198,37.7944939],[-122.399228,37.7945366],[-122.3992932,37.7945288],[-122.3993016,37.7945723],[-122.3993308,37.7945688],[-122.3993415,37.7946224],[-122.3994596,37.7946066],[-122.3994687,37.7946528],[-122.3999354,37.7945956],[-122.3999263,37.7945494],[-122.4000633,37.7945312],[-122.400053,37.7944824],[-122.4000442,37.7944364],[-122.3999953,37.7944422],[-122.3999876,37.7944023],[-122.3999644,37.7944051],[-122.3999538,37.7943474],[-122.3998159,37.7943632],[-122.399807,37.7943146],[-122.3993926,37.7943619],[-122.3994018,37.7944122],[-122.3991811,37.7944373],[-122.3991919,37.7944961]]]},"properties":{"names":{"primary":"Embarcadero Center 1","common":null,"rules":[{"variant":"alternate","language":null,"perspectives":null,"value":"One Embarcadero Center","between":null,"side":null}]},"sources":[{"property":"","dataset":"OpenStreetMap","license":"ODbL-1.0","record_id":"w32612608@6","update_time":"2021-10-10T22:22:38.000Z","confidence":null,"between":null}],"height":173.0,"is_underground":false,"num_floors":45,"has_parts":true,"version":1}},
{"id":"565cfbd5-707e-496e-a578-1a9326b8b941","type":"Feature","geometry":{"type":"Polygon","coordinates":[[[-122.3985383,37.7944632],[-122.3985959,37.7947391],[-122.3988889,37.7947009],[-122.3988313,37.794425],[-122.3985383,37.7944632]]]},"properties":{"sources":[{"property":"","dataset":"OpenStreetMap","license":"ODbL-1.0","record_id":"w132121557@2","update_time":"2024-05-03T20:30:23.000Z","confidence":null,"between":null}],"is_underground":false,"num_floors":3,"has_parts":false,"version":1}},
{"id":"242bdda8-a7bb-48fc-9f30-661d2cc7058e","type":"Feature","geometry":{"type":"Polygon","coordinates":[[[-122.398561,37.7951385],[-122.398919,37.7950921],[-122.3989088,37.7950429],[-122.3989791,37.7950338],[-122.3989703,37.7949911],[-122.3989571,37.7949277],[-122.398894,37.7949359],[-122.3988842,37.7948885],[-122.3988565,37.7948921],[-122.3988489,37.7948556],[-122.3987968,37.7948624],[-122.398784,37.7948007],[-122.3980432,37.7948964],[-122.3980622,37.794988],[-122.3981027,37.7949828],[-122.3981205,37.7950685],[-122.3981267,37.7950984],[-122.3980823,37.7951042],[-122.3981018,37.795198],[-122.398561,37.7951385]]]},"properties":{"names":{"primary":"Embarcadero Center 2","common":null,"rules":null},"sources":[{"property":"","dataset":"OpenStreetMap","license":"ODbL-1.0","record_id":"w32612520@8","update_time":"2021-10-10T22:20:14.000Z","confidence":null,"between":null}],"height":130.0,"is_underground":false,"num_floors":31,"has_parts":true,"version":1}},
{"id":"a6b4186b-9ab6-4e2c-a5ad-9195df1f3070","type":"Feature","geometry":{"type":"Polygon","coordinates":[[[-122.3979929,37.7945364],[-122.3980286,37.7947045],[-122.3983356,37.7946638],[-122.3982999,37.7944958],[-122.3979929,37.7945364]]]},"properties":{"sources":[{"property":"","dataset":"OpenStreetMap","license":"ODbL-1.0","record_id":"w132121543@3","update_time":"2024-07-07T20:07:17.000Z","confidence":null,"between":null},{"property":"/properties/height","dataset":"Microsoft ML Buildings","license":"ODbL-1.0","record_id":null,"update_time":"2023-09-01T00:00:00.000Z","confidence":0.9983000159263611,"between":null}],"height":11.963611602783203,"is_underground":false,"num_floors":3,"has_parts":false,"version":2}},
{"id":"ab6d1702-0e12-438a-9de4-71d0f4321951","type":"Feature","geometry":{"type":"Polygon","coordinates":[[[-122.3973754,37.7946134],[-122.3974123,37.7947873],[-122.3977266,37.7947456],[-122.3976896,37.7945717],[-122.3973754,37.7946134]]]},"properties":{"sources":[{"property":"","dataset":"OpenStreetMap","license":"ODbL-1.0","record_id":"w132121548@2","update_time":"2024-05-03T20:30:23.000Z","confidence":null,"between":null},{"property":"/properties/height","dataset":"Microsoft ML Buildings","license":"ODbL-1.0","record_id":null,"update_time":"2023-09-01T00:00:00.000Z","confidence":0.9258000254631042,"between":null}],"height":10.116767883300781,"is_underground":false,"num_floors":3,"has_parts":false,"version":2}},
{"id":"4f8c9a05-80e6-4cf6-9276-02e6d58c4802","type":"Feature","geometry":{"type":"Polygon","coordinates":[[[-122.3970327,37.7953206],[-122.3978218,37.7952256],[-122.3978055,37.7951408],[-122.3977767,37.7951442],[-122.3977713,37.7951161],[-122.397757,37.7950418],[-122.3977905,37.7950377],[-122.397767,37.7949159],[-122.3970038,37.795008],[-122.3970154,37.7950679],[-122.3969634,37.7950742],[-122.3969763,37.7951412],[-122.3969797,37.7951588],[-122.3969078,37.7951675],[-122.3969239,37.7952508],[-122.3969339,37.7953027],[-122.3970271,37.7952915],[-122.3970327,37.7953206]]]},"properties":{"names":{"primary":"Embarcadero Center 3","common":null,"rules":null},"sources":[{"property":"","dataset":"OpenStreetMap","license":"ODbL-1.0","record_id":"w32612538@9","update_time":"2021-10-10T22:23:05.000Z","confidence":null,"between":null}],"height":130.0,"is_underground":false,"num_floors":31,"has_parts":true,"version":1}},
{"id":"8362e5bb-4460-42d5-92ed-410313fd2a40","type":"Feature","geometry":{"type":"Polygon","coordinates":[[[-122.3969608,37.7943518],[-122.3969866,37.7944755],[-122.3971392,37.7944573],[-122.3970896,37.7942101],[-122.3969371,37.7942302],[-122.3969506,37.794297],[-122.3969608,37.7943518]]]},"properties":{"sources":[{"property":"","dataset":"OpenStreetMap","license":"ODbL-1.0","record_id":"w260288460@6","update_time":"2024-05-03T20:34:49.000Z","confidence":null,"between":null}],"height":10.0,"is_underground":false,"num_floors":2,"has_parts":false,"version":1}},
{"id":"04851f34-0962-425d-896c-0794039fb31f","type":"Feature","geometry":{"type":"Polygon","coordinates":[[[-122.3968248,37.7946864],[-122.3968825,37.794963],[-122.3971764,37.7949247],[-122.3971186,37.7946481],[-122.3968248,37.7946864]]]},"properties":{"sources":[{"property":"","dataset":"OpenStreetMap","license":"ODbL-1.0","record_id":"w132121554@3","update_time":"2024-07-07T20:07:17.000Z","confidence":null,"between":null},{"property":"/properties/height","dataset":"Microsoft ML Buildings","license":"ODbL-1.0","record_id":null,"update_time":"2023-09-01T00:00:00.000Z","confidence":0.9789999723434448,"between":null}],"height":8.706535339355469,"is_underground":false,"num_floors":3,"has_parts":false,"version":2}},
{"id":"147e5135-f620-4e43-b4a7-15cf3b5e912e","type":"Feature","geometry":{"type":"Polygon","coordinates":[[[-122.3969135,37.7941398],[-122.3966778,37.7941702],[-122.3966973,37.7942619],[-122.3969371,37.7942302],[-122.3970896,37.7942101],[-122.3971668,37.7941999],[-122.3971413,37.7940792],[-122.3969074,37.7941101],[-122.3969135,37.7941398]]]},"properties":{"sources":[{"property":"","dataset":"OpenStreetMap","license":"ODbL-1.0","record_id":"w260288456@5","update_time":"2024-05-03T20:34:49.000Z","confidence":null,"between":null}],"is_underground":false,"num_floors":4,"has_parts":false,"version":1}},
{"id":"5a4fd44f-2656-49a7-b327-6da28a9b9756","type":"Feature","geometry":{"type":"Polygon","coordinates":[[[-122.3971371,37.7940504],[-122.3971091,37.7939119],[-122.3971042,37.7938929],[-122.3971386,37.7938887],[-122.3971245,37.7938131],[-122.3971062,37.7937223],[-122.3971011,37.7936968],[-122.3970635,37.7937015],[-122.3970621,37.7936947],[-122.3968308,37.7937239],[-122.3968316,37.7937311],[-122.3968617,37.793881],[-122.3969028,37.79408],[-122.3971371,37.7940504]],[[-122.3970314,37.7939669],[-122.3969792,37.7939735],[-122.396946,37.7938092],[-122.3969982,37.7938026],[-122.3970314,37.7939669]]]},"properties":{"sources":[{"property":"","dataset":"OpenStreetMap","license":"ODbL-1.0","record_id":"r3492879@3","update_time":"2024-05-03T22:19:21.000Z","confidence":null,"between":null}],"is_underground":false,"num_floors":7,"has_parts":false,"version":2}},
{"id":"36a2dd5d-9482-42b1-afd9-8b296209d75d","type":"Feature","geometry":{"type":"Polygon","coordinates":[[[-122.397128,37.7937049],[-122.3971062,37.7937223],[-122.3971245,37.7938131],[-122.3971506,37.7938223],[-122.3971584,37.7938089],[-122.3971659,37.7937854],[-122.3971652,37.7937604],[-122.3971575,37.7937354],[-122.3971483,37.7937207],[-122.397128,37.7937049]]]},"properties":{"sources":[{"property":"","dataset":"OpenStreetMap","license":"ODbL-1.0","record_id":"w1279482483@1","update_time":"2024-05-03T22:19:21.000Z","confidence":null,"between":null}],"is_underground":false,"num_floors":1,"has_parts":false,"version":1}},
{"id":"0629c7fc-6064-4df6-acbd-860e9a21414d","type":"Feature","geometry":{"type":"Polygon","coordinates":[[[-122.3974529,37.7933616],[-122.3973845,37.7930363],[-122.3973413,37.7930127],[-122.3969406,37.7930628],[-122.3969057,37.7930999],[-122.3969406,37.7932599],[-122.3969741,37.7934241],[-122.3970264,37.7934528],[-122.3974207,37.793404],[-122.3974529,37.7933616]]]},"properties":{"names":{"primary":"One California Street Building","common":null,"rules":null},"sources":[{"property":"","dataset":"OpenStreetMap","license":"ODbL-1.0","record_id":"w32612471@9","update_time":"2024-07-07T18:57:07.000Z","confidence":null,"between":null}],"height":140.0,"is_underground":false,"has_parts":false,"version":1}},
{"id":"817b9eea-3ff1-4b60-a5c8-e70a3c5b6ee8","type":"Feature","geometry":{"type":"Polygon","coordinates":[[[-122.3976721,37.7943255],[-122.3975644,37.7937814],[-122.3972093,37.7938253],[-122.3972233,37.7938975],[-122.3971091,37.7939119],[-122.3971371,37.7940504],[-122.3971413,37.7940792],[-122.3971668,37.7941999],[-122.3971736,37.794231],[-122.3972877,37.7942166],[-122.3973171,37.7943694],[-122.3976721,37.7943255]]]},"properties":{"names":{"primary":"50 California Street","common":null,"rules":[{"variant":"alternate","language":null,"perspectives":null,"value":"Union Bank Building","between":null,"side":null}]},"sources":[{"property":"","dataset":"OpenStreetMap","license":"ODbL-1.0","record_id":"w32612484@16","update_time":"2025-09-01T10:11:45.000Z","confidence":null,"between":null}],"height":159.0,"is_underground":false,"num_floors":37,"subtype":"commercial","class":"commercial","has_parts":true,"version":1}},
{"id":"621cb2c6-c2a9-425c-bc4e-52c1d9f0dab1","type":"Feature","geometry":{"type":"Polygon","coordinates":[[[-122.3976361,37.7918236],[-122.3979236,37.7916037],[-122.3975858,37.7913396],[-122.3975333,37.7913825],[-122.3973125,37.791566],[-122.3974328,37.7916645],[-122.3974494,37.7916747],[-122.3974768,37.7916966],[-122.3974892,37.7917064],[-122.3975134,37.7917257],[-122.3975264,37.7917361],[-122.3975497,37.7917547],[-122.3975624,37.7917648],[-122.3975857,37.7917834],[-122.3975988,37.7917938],[-122.3976226,37.7918128],[-122.3976361,37.7918236]]]},"properties":{"sources":[{"property":"","dataset":"OpenStreetMap","license":"ODbL-1.0","record_id":"w436484312@5","update_time":"2024-07-07T20:07:17.000Z","confidence":null,"between":null}],"height":25.0,"is_underground":false,"has_parts":false,"version":1}},
{"id":"d3a6a4f6-dc41-4180-b12d-74d5fed1873d","type":"Feature","geometry":{"type":"Polygon","coordinates":[[[-122.3973283,37.7921789],[-122.3973572,37.7922018],[-122.3973571,37.7922114],[-122.3973741,37.7922114],[-122.3973744,37.7922029],[-122.3974047,37.7921791],[-122.3974145,37.7921797],[-122.3974148,37.7921712],[-122.3974408,37.7921507],[-122.3974514,37.7921513],[-122.3974515,37.7921423],[-122.3974775,37.7921219],[-122.3974885,37.7921224],[-122.3974884,37.7921133],[-122.3975145,37.7920928],[-122.3975249,37.7920934],[-122.397525,37.7920845],[-122.3975511,37.7920641],[-122.3975616,37.7920642],[-122.3975621,37.7920554],[-122.397588,37.792035],[-122.3975986,37.7920351],[-122.3975982,37.792027],[-122.3976247,37.7920062],[-122.3976349,37.7920068],[-122.3976351,37.791998],[-122.3976612,37.7919775],[-122.397672,37.7919776],[-122.3976721,37.7919689],[-122.3976983,37.7919483],[-122.3977089,37.7919487],[-122.3977093,37.7919397],[-122.3977269,37.7919259],[-122.397738,37.7919172],[-122.397749,37.7919171],[-122.3977493,37.7919031],[-122.3977354,37.7919027],[-122.3977091,37.7918818],[-122.3977095,37.791871],[-122.397696,37.7918713],[-122.3976719,37.7918521],[-122.397673,37.7918419],[-122.3976592,37.791842],[-122.3976361,37.7918236],[-122.3976362,37.7918126],[-122.3976226,37.7918128],[-122.3975988,37.7917938],[-122.3975994,37.7917834],[-122.3975857,37.7917834],[-122.3975624,37.7917648],[-122.3975634,37.7917544],[-122.3975497,37.7917547],[-122.3975264,37.7917361],[-122.3975267,37.7917259],[-122.3975134,37.7917257],[-122.3974892,37.7917064],[-122.3974898,37.7916962],[-122.3974768,37.7916966],[-122.3974494,37.7916747],[-122.3974495,37.7916644],[-122.3974328,37.7916645],[-122.3974325,37.7916746],[-122.397417,37.7916868],[-122.3974042,37.7916968],[-122.3973923,37.7916962],[-122.3973916,37.7917066],[-122.397367,37.7917259],[-122.3973554,37.7917252],[-122.3973549,37.7917354],[-122.3973307,37.7917544],[-122.3973186,37.7917537],[-122.3973189,37.7917636],[-122.3972939,37.7917832],[-122.3972817,37.7917831],[-122.3972818,37.7917927],[-122.3972574,37.7918118],[-122.3972447,37.7918116],[-122.3972446,37.7918219],[-122.3972203,37.791841],[-122.3972083,37.7918408],[-122.3972082,37.7918505],[-122.3971834,37.7918699],[-122.3971713,37.7918695],[-122.3971713,37.7918794],[-122.3971467,37.7918987],[-122.3971347,37.7918987],[-122.397134,37.7919086],[-122.3971105,37.7919271],[-122.3970976,37.7919272],[-122.3970979,37.7919369],[-122.3970702,37.7919587],[-122.3970572,37.7919584],[-122.3970577,37.791973],[-122.3970691,37.7919735],[-122.3970971,37.7919957],[-122.3970972,37.7920048],[-122.3971085,37.7920047],[-122.3971338,37.7920247],[-122.397134,37.7920333],[-122.3971448,37.7920335],[-122.3971704,37.7920538],[-122.3971708,37.7920625],[-122.3971817,37.7920627],[-122.3972073,37.792083],[-122.3972072,37.7920915],[-122.3972183,37.7920917],[-122.3972438,37.7921119],[-122.3972436,37.792121],[-122.3972553,37.792121],[-122.3972802,37.7921407],[-122.3972801,37.7921502],[-122.3972923,37.7921504],[-122.3973171,37.79217],[-122.3973169,37.7921788],[-122.3973283,37.7921789]]]},"properties":{"names":{"primary":"333 Market","common":null,"rules":null},"sources":[{"property":"","dataset":"OpenStreetMap","license":"ODbL-1.0","record_id":"w288505729@8","update_time":"2024-07-07T18:57:07.000Z","confidence":null,"between":null}],"level":1,"height":149.0,"is_underground":false,"num_floors":33,"subtype":"commercial","class":"office","has_parts":false,"version":1}},
{"id":"3447a5c8-a56d-434c-9603-695e83ce91e6","type":"Feature","geometry":{"type":"Polygon","coordinates":[[[-122.3977942,37.7923142],[-122.3979368,37.7922018],[-122.397892,37.7921663],[-122.3978012,37.7922379],[-122.3976707,37.7921346],[-122.3977616,37.792063],[-122.3977187,37.792029],[-122.397578,37.7921399],[-122.397018,37.7925814],[-122.396972,37.7926176],[-122.3968408,37.7927211],[-122.3967285,37.7928096],[-122.3966196,37.7928955],[-122.3965146,37.7929782],[-122.3959461,37.7934264],[-122.3958208,37.7935253],[-122.3958638,37.7935594],[-122.3959419,37.7934978],[-122.3959856,37.7935323],[-122.3960291,37.7935668],[-122.3960726,37.7936013],[-122.3959944,37.7936629],[-122.3960389,37.7936981],[-122.3961642,37.7935993],[-122.3967161,37.7931641],[-122.3967715,37.7931205],[-122.3968146,37.7930865],[-122.3969467,37.7929823],[-122.397059,37.7928938],[-122.3971637,37.7928113],[-122.3972414,37.79275],[-122.3977942,37.7923142]]]},"properties":{"names":{"primary":"Embarcadero Station","common":null,"rules":null},"sources":[{"property":"","dataset":"OpenStreetMap","license":"ODbL-1.0","record_id":"w773030142@5","update_time":"2026-06-28T09:30:11.000Z","confidence":null,"between":null},{"property":"/properties/height","dataset":"USGS Lidar","license":null,"record_id":null,"update_time":null,"confidence":null,"between":null}],"level":-1,"height":5.6,"is_underground":true,"num_floors_underground":3,"subtype":"transportation","class":"train_station","has_parts":false,"version":1}},
{"id":"2fecc7f1-7111-498b-97d7-878bd60e3df5","type":"Feature","geometry":{"type":"Polygon","coordinates":[[[-122.3974334,37.7913015],[-122.3974884,37.7912578],[-122.3971105,37.7909629],[-122.3968099,37.7912035],[-122.3971878,37.7914984],[-122.3974334,37.7913015]]]},"properties":{"names":{"primary":"45 Fremont Center","common":null,"rules":[{"variant":"alternate","language":null,"perspectives":null,"value":"Bechtel Building","between":null,"side":null}]},"sources":[{"property":"","dataset":"OpenStreetMap","license":"ODbL-1.0","record_id":"w32946535@9","update_time":"2026-04-20T14:29:51.000Z","confidence":null,"between":null}],"height":149.0,"is_underground":false,"subtype":"commercial","class":"office","has_parts":false,"version":1}},
{"id":"03c61ee7-201f-4a7f-be01-cf839d83a3cf","type":"Feature","geometry":{"type":"Polygon","coordinates":[[[-122.397301,37.7907621],[-122.3973134,37.7907719],[-122.3973256,37.7907623],[-122.3973327,37.7907679],[-122.3975678,37.7905828],[-122.3975618,37.7905781],[-122.3975745,37.7905681],[-122.3975622,37.7905583],[-122.3975681,37.7905537],[-122.3975624,37.7905492],[-122.3975754,37.7905389],[-122.3975629,37.790529],[-122.3975683,37.7905248],[-122.3972246,37.7902522],[-122.3972187,37.7902569],[-122.3972062,37.790247],[-122.3971933,37.7902572],[-122.3971876,37.7902527],[-122.3971819,37.7902572],[-122.3971696,37.7902475],[-122.3971569,37.7902574],[-122.3971496,37.7902516],[-122.3969147,37.7904366],[-122.3969231,37.7904433],[-122.3969109,37.7904529],[-122.3969233,37.7904628],[-122.3969172,37.7904676],[-122.3969233,37.7904724],[-122.3969106,37.7904823],[-122.3969232,37.7904923],[-122.3969174,37.7904969],[-122.3972577,37.7907668],[-122.3972637,37.790762],[-122.3972763,37.790772],[-122.3972889,37.790762],[-122.397295,37.7907668],[-122.397301,37.7907621]]]},"properties":{"names":{"primary":"50 Fremont Center","common":null,"rules":null},"sources":[{"property":"","dataset":"OpenStreetMap","license":"ODbL-1.0","record_id":"w288716396@6","update_time":"2024-07-07T20:07:17.000Z","confidence":null,"between":null}],"height":183.0,"is_underground":false,"num_floors":43,"subtype":"commercial","class":"office","has_parts":false,"version":1}},
{"id":"626a57f8-ccf3-497d-a764-266e91e9253d","type":"Feature","geometry":{"type":"Polygon","coordinates":[[[-122.3972953,37.7897812],[-122.3972948,37.78977],[-122.397293,37.7897673],[-122.3972928,37.7897644],[-122.3972898,37.7897574],[-122.3972846,37.7897492],[-122.3972784,37.7897399],[-122.3972711,37.7897298],[-122.3972596,37.7897136],[-122.3972509,37.7897027],[-122.3972371,37.7896887],[-122.3972147,37.7896642],[-122.3971896,37.7896399],[-122.3971685,37.7896215],[-122.3971487,37.7896054],[-122.3971404,37.7895981],[-122.3971084,37.7895747],[-122.3970853,37.7895585],[-122.3970591,37.7895425],[-122.3970339,37.7895283],[-122.3969848,37.7895011],[-122.3969667,37.7894931],[-122.3969508,37.7894892],[-122.3969341,37.7894874],[-122.39692,37.7894878],[-122.3969065,37.7894904],[-122.3968951,37.789494],[-122.3968612,37.7895091],[-122.396825,37.7895274],[-122.3967785,37.7895555],[-122.3967267,37.789591],[-122.3967062,37.7896073],[-122.39668,37.7896295],[-122.396663,37.789645],[-122.396646,37.7896614],[-122.3966349,37.7896728],[-122.3966223,37.7896862],[-122.3966129,37.7896967],[-122.3965919,37.7896807],[-122.3965337,37.789729],[-122.3965735,37.7897621],[-122.3965701,37.78977],[-122.3965684,37.7897787],[-122.3965691,37.7897861],[-122.3965717,37.789797],[-122.396574,37.7898036],[-122.3965791,37.7898125],[-122.3965901,37.7898273],[-122.3966132,37.7898526],[-122.3966368,37.7898779],[-122.3966568,37.7898969],[-122.3967149,37.7899511],[-122.3967389,37.7899713],[-122.3967517,37.789981],[-122.3967618,37.7899878],[-122.3968108,37.7900194],[-122.396869,37.7900461],[-122.3969,37.7900583],[-122.3969108,37.7900613],[-122.3969215,37.7900628],[-122.3969325,37.7900634],[-122.3969412,37.7900632],[-122.3969498,37.7900623],[-122.3969625,37.7900604],[-122.3969777,37.7900548],[-122.3969795,37.7900535],[-122.3969965,37.7900452],[-122.3970171,37.790034],[-122.3970888,37.7899902],[-122.3971128,37.7899748],[-122.3971497,37.7899473],[-122.3971667,37.7899343],[-122.397188,37.7899168],[-122.3972022,37.7899034],[-122.3972141,37.7898914],[-122.3972316,37.7898747],[-122.3972479,37.7898575],[-122.3972793,37.7898217],[-122.3972886,37.7898086],[-122.3972916,37.7898005],[-122.3972939,37.7897948],[-122.3972953,37.7897874],[-122.3972953,37.7897812]]]},"properties":{"names":{"primary":"Salesforce Tower","common":[["en","Salesforce Tower"]],"rules":[{"variant":"alternate","language":null,"perspectives":null,"value":"Transbay Tower","between":null,"side":null}]},"sources":[{"property":"","dataset":"OpenStreetMap","license":"ODbL-1.0","record_id":"w431972186@19","update_time":"2024-07-18T21:12:26.000Z","confidence":null,"between":null}],"height":326.0,"is_underground":false,"num_floors":61,"subtype":"commercial","class":"office","facade_color":"#FFFFFF","facade_material":"glass","roof_color":"#778899","has_parts":true,"version":1}},
{"id":"4d399567-0658-49b9-a510-763fa252a73f","type":"Feature","geometry":{"type":"Polygon","coordinates":[[[-122.3954143,37.7905965],[-122.3954393,37.7905666],[-122.395714,37.7903376],[-122.3958036,37.7902904],[-122.3958322,37.7902739],[-122.3958569,37.7902501],[-122.3959112,37.790189],[-122.3959324,37.7901717],[-122.3959553,37.7901532],[-122.3960126,37.7901196],[-122.3960446,37.7901016],[-122.396066,37.7900803],[-122.3961051,37.7900379],[-122.3961389,37.7900078],[-122.3961661,37.7899889],[-122.3962308,37.7899555],[-122.3962676,37.7899381],[-122.3962891,37.7899111],[-122.3963047,37.7898687],[-122.396328,37.7898445],[-122.3963609,37.7898264],[-122.3964464,37.7897913],[-122.3964719,37.7897739],[-122.3964911,37.7897525],[-122.3965056,37.789731],[-122.3965273,37.7896989],[-122.396542,37.7896796],[-122.3965607,37.7896645],[-122.3966596,37.789614],[-122.3966613,37.7896131],[-122.3966901,37.7895973],[-122.3967208,37.789568],[-122.3967567,37.7895037],[-122.3967831,37.7894743],[-122.3968221,37.7894548],[-122.3969006,37.7894289],[-122.396922,37.789415],[-122.3969391,37.789395],[-122.396987,37.7893297],[-122.396999,37.7893167],[-122.3970061,37.789309],[-122.3970318,37.789295],[-122.3971086,37.7892614],[-122.3971317,37.7892479],[-122.3971503,37.7892306],[-122.3971927,37.7891736],[-122.3972115,37.7891539],[-122.3972401,37.7891366],[-122.3973148,37.7891023],[-122.3973415,37.7890854],[-122.3973622,37.7890632],[-122.3973848,37.7890297],[-122.3974105,37.7890033],[-122.3974265,37.7889849],[-122.3974507,37.7889704],[-122.3974908,37.7889511],[-122.397533,37.7889347],[-122.3975538,37.7889214],[-122.39757,37.7889033],[-122.3975943,37.7888666],[-122.3976214,37.7888321],[-122.3976416,37.7888137],[-122.3976649,37.7888],[-122.3977281,37.7887792],[-122.3977605,37.7887612],[-122.3977787,37.7887437],[-122.397824,37.7886802],[-122.3978451,37.7886596],[-122.3978705,37.7886434],[-122.3979537,37.7886085],[-122.3979754,37.7885941],[-122.3979897,37.7885799],[-122.3980403,37.7885125],[-122.3980584,37.7884959],[-122.3980768,37.7884827],[-122.3981546,37.7884447],[-122.3981805,37.788428],[-122.398198,37.7884109],[-122.3982464,37.7883437],[-122.3982636,37.7883267],[-122.3982817,37.7883139],[-122.3983157,37.7882973],[-122.3983669,37.7882724],[-122.39839,37.788259],[-122.3984072,37.78824],[-122.3984338,37.7881986],[-122.3985787,37.7880828],[-122.3986438,37.7880295],[-122.398697,37.7879915],[-122.3987259,37.7879746],[-122.398749,37.7879632],[-122.3987706,37.7879438],[-122.3987791,37.7879279],[-122.3987863,37.7879102],[-122.3987888,37.787886],[-122.3987845,37.7878715],[-122.3987764,37.7878606],[-122.3987686,37.7878493],[-122.3987527,37.7878378],[-122.3987303,37.7878268],[-122.3987059,37.7878178],[-122.3986786,37.7878064],[-122.398665,37.7877934],[-122.3986994,37.7877659],[-122.3986103,37.7876965],[-122.3985762,37.7876699],[-122.3985555,37.7876865],[-122.3985433,37.7876963],[-122.3985195,37.7876787],[-122.3985095,37.7876643],[-122.3984974,37.7876387],[-122.3984817,37.7876179],[-122.3984551,37.7876015],[-122.3984286,37.7875986],[-122.3984202,37.7875989],[-122.3983954,37.7875997],[-122.3983652,37.7876141],[-122.3983506,37.7876306],[-122.3983328,37.787654],[-122.398306,37.7876795],[-122.3982889,37.7876929],[-122.398248,37.7877248],[-122.3982025,37.7877606],[-122.3981071,37.7878357],[-122.3980544,37.7878719],[-122.3980177,37.787885],[-122.3979744,37.787899],[-122.3979435,37.7879168],[-122.3979212,37.7879431],[-122.3978944,37.7879869],[-122.3978703,37.7880128],[-122.3978381,37.7880336],[-122.3977732,37.7880584],[-122.3977521,37.78807],[-122.3977343,37.7880875],[-122.3976887,37.7881496],[-122.3976666,37.7881704],[-122.3976379,37.7881904],[-122.3975894,37.7882113],[-122.3975618,37.7882233],[-122.3975247,37.7882456],[-122.3974996,37.7882732],[-122.397473,37.7883159],[-122.397445,37.7883411],[-122.3974129,37.7883631],[-122.3973643,37.7883842],[-122.3973201,37.7884073],[-122.3972963,37.7884387],[-122.3972643,37.7884809],[-122.3972355,37.7885069],[-122.3972047,37.7885277],[-122.3971389,37.7885561],[-122.3971072,37.7885747],[-122.397085,37.7885981],[-122.3970464,37.7886527],[-122.3970257,37.7886718],[-122.3970017,37.7886878],[-122.3969299,37.7887215],[-122.3969024,37.7887371],[-122.3968794,37.7887602],[-122.3968419,37.7888149],[-122.396819,37.7888363],[-122.3967951,37.788852],[-122.3967111,37.7888885],[-122.3966882,37.7889035],[-122.3966688,37.7889216],[-122.3966325,37.78898],[-122.3966166,37.7889981],[-122.3966072,37.789004],[-122.3965884,37.7890158],[-122.396523,37.789045],[-122.3964848,37.789070100000004],[-122.3964667,37.7890939],[-122.3964255,37.7891499],[-122.3963974,37.7891763],[-122.396369,37.789197],[-122.396308,37.7892267],[-122.3962615,37.7892522],[-122.3962413,37.7892783],[-122.3962042,37.7893311],[-122.3961753,37.7893571],[-122.3961401,37.7893785],[-122.3960702,37.7894124],[-122.3960348,37.789433],[-122.3960123,37.7894607],[-122.3959859,37.7895127],[-122.3959591,37.7895412],[-122.3959277,37.7895596],[-122.3958634,37.7895792],[-122.3958317,37.7895984],[-122.3958094,37.7896242],[-122.3957739,37.7896777],[-122.3957577,37.7896962],[-122.3957323,37.7897125],[-122.395652,37.789754],[-122.3956198,37.789774800000004],[-122.3955995,37.7898003],[-122.3955705,37.7898329],[-122.3955491,37.7898531],[-122.3955212,37.7898725],[-122.3954993,37.7898843],[-122.3954329,37.7899203],[-122.3954013,37.7899391],[-122.3953835,37.7899618],[-122.3953578,37.7900051],[-122.3951009,37.7902197],[-122.3950526,37.7902531],[-122.3950119,37.7902785],[-122.3949751,37.7902976],[-122.3949579,37.7903201],[-122.394954,37.7903458],[-122.3949637,37.7903739],[-122.394983,37.7903914],[-122.3950203,37.7904041],[-122.3950671,37.7904248],[-122.3951166,37.790451],[-122.3951506,37.7904756],[-122.3951842,37.7905059],[-122.3952088,37.7905318],[-122.39523,37.7905625],[-122.3952423,37.7905858],[-122.3952532,37.7906019],[-122.3952791,37.7906212],[-122.3953133,37.7906333],[-122.3953505,37.7906342],[-122.3953887,37.7906214],[-122.3954143,37.7905965]]]},"properties":{"names":{"primary":"Salesforce Transit Center","common":null,"rules":[{"variant":"alternate","language":null,"perspectives":null,"value":"Transbay Transit Center","between":null,"side":null}]},"sources":[{"property":"","dataset":"OpenStreetMap","license":"ODbL-1.0","record_id":"w542375290@24","update_time":"2025-04-08T09:37:28.000Z","confidence":null,"between":null}],"level":-1,"height":30.0,"is_underground":false,"num_floors":5,"num_floors_underground":2,"subtype":"transportation","class":"transportation","has_parts":true,"version":1}},
{"id":"4ec875b7-023f-4a7e-9438-82a5ac8851a0","type":"Feature","geometry":{"type":"Polygon","coordinates":[[[-122.3972505,37.7901751],[-122.3975359,37.7904001],[-122.3975489,37.7903899],[-122.397854,37.7901481],[-122.3975686,37.7899231],[-122.3972505,37.7901751]]]},"properties":{"sources":[{"property":"","dataset":"OpenStreetMap","license":"ODbL-1.0","record_id":"w159280391@3","update_time":"2024-07-07T18:40:12.000Z","confidence":null,"between":null}],"height":32.0,"is_underground":false,"has_parts":false,"version":1}},
{"id":"6687d638-9e5f-4de0-96c0-7bd02c2e1160","type":"Feature","geometry":{"type":"Polygon","coordinates":[[[-122.397826,37.7891369],[-122.3980121,37.7892858],[-122.3982243,37.7891137],[-122.3980234,37.7889517],[-122.3979994,37.7889701],[-122.3978141,37.788812],[-122.3975637,37.7890099],[-122.3972163,37.7893008],[-122.3975362,37.7895688],[-122.3975626,37.7895485],[-122.3976001,37.7895791],[-122.3979173,37.7893357],[-122.3978852,37.7893095],[-122.3979154,37.7892863],[-122.3978865,37.7892628],[-122.3978942,37.7892569],[-122.3978617,37.7892304],[-122.3978683,37.7892254],[-122.397823,37.7891886],[-122.397833,37.7891809],[-122.3978016,37.7891555],[-122.3978063,37.7891513],[-122.397826,37.7891369]]]},"properties":{"names":{"primary":"100 First Street","common":null,"rules":[{"variant":"alternate","language":null,"perspectives":null,"value":"100 First Plaza","between":null,"side":null}]},"sources":[{"property":"","dataset":"OpenStreetMap","license":"ODbL-1.0","record_id":"w91626348@9","update_time":"2025-06-30T14:56:15.000Z","confidence":null,"between":null},{"property":"/properties/height","dataset":"Microsoft ML Buildings","license":"ODbL-1.0","record_id":null,"update_time":"2023-09-01T00:00:00.000Z","confidence":0.9894999861717224,"between":null}],"height":23.86534881591797,"is_underground":false,"num_floors":3,"subtype":"commercial","class":"office","has_parts":true,"version":2}},
{"id":"d1a6d6f0-f726-4207-9d04-2f105e699232","type":"Feature","geometry":{"type":"Polygon","coordinates":[[[-122.3977931,37.7897746],[-122.3979341,37.7898877],[-122.398084,37.789771],[-122.397943,37.7896579],[-122.3977931,37.7897746]]]},"properties":{"sources":[{"property":"","dataset":"OpenStreetMap","license":"ODbL-1.0","record_id":"w256969671@6","update_time":"2026-04-21T22:33:03.000Z","confidence":null,"between":null}],"height":25.0,"is_underground":false,"has_parts":false,"version":1}},
{"id":"5e124bc2-3f54-458f-ab74-6f1d6f171098","type":"Feature","geometry":{"type":"Polygon","coordinates":[[[-122.3979581,37.790691],[-122.3979849,37.7906698],[-122.397792,37.790517],[-122.3974152,37.790814],[-122.397608,37.7909668],[-122.3979114,37.7907277],[-122.3979581,37.790691]]]},"properties":{"names":{"primary":"Fremont Center","common":null,"rules":null},"sources":[{"property":"","dataset":"OpenStreetMap","license":"ODbL-1.0","record_id":"w159280393@8","update_time":"2026-01-30T21:00:15.000Z","confidence":null,"between":null}],"height":12.0,"is_underground":false,"has_parts":false,"version":1}},
{"id":"2578cf35-9839-4d35-9117-a705e4800539","type":"Feature","geometry":{"type":"Polygon","coordinates":[[[-122.3975489,37.7903899],[-122.3976913,37.7905022],[-122.3979965,37.7902604],[-122.397854,37.7901481],[-122.3975489,37.7903899]]]},"properties":{"sources":[{"property":"","dataset":"OpenStreetMap","license":"ODbL-1.0","record_id":"w159280390@3","update_time":"2018-01-25T18:47:30.000Z","confidence":null,"between":null}],"height":7.0,"is_underground":false,"has_parts":false,"version":1}},
{"id":"215d2f82-2be2-4d5d-bbc7-91d98f89a8c1","type":"Feature","geometry":{"type":"Polygon","coordinates":[[[-122.398243,37.7915208],[-122.398554,37.7912761],[-122.398063,37.7908864],[-122.397752,37.7911311],[-122.398243,37.7915208]]]},"properties":{"names":{"primary":"425 Market","common":null,"rules":null},"sources":[{"property":"","dataset":"OpenStreetMap","license":"ODbL-1.0","record_id":"w32946526@8","update_time":"2024-07-07T18:32:22.000Z","confidence":null,"between":null}],"height":156.0,"is_underground":false,"num_floors":38,"subtype":"commercial","class":"office","roof_shape":"flat","has_parts":false,"version":1}},
{"id":"c600cad6-fd72-421e-a953-9ecfd9c9d057","type":"Feature","geometry":{"type":"Polygon","coordinates":[[[-122.3987175,37.7911574],[-122.398918,37.7909997],[-122.3985829,37.7907323],[-122.3983638,37.7905575],[-122.3983261,37.7905275],[-122.398248,37.7904651],[-122.3979849,37.7906698],[-122.3979581,37.790691],[-122.3981031,37.7908067],[-122.3981361,37.7907808],[-122.398294,37.7909068],[-122.398349,37.7908638],[-122.3983818,37.79089],[-122.3987119,37.7911531],[-122.3987175,37.7911574]]]},"properties":{"sources":[{"property":"","dataset":"OpenStreetMap","license":"ODbL-1.0","record_id":"w159280395@6","update_time":"2025-06-30T15:25:20.000Z","confidence":null,"between":null},{"property":"/properties/height","dataset":"USGS Lidar","license":null,"record_id":null,"update_time":null,"confidence":null,"between":null}],"height":98.1,"is_underground":false,"num_floors":7,"has_parts":true,"version":2}},
{"id":"5b1c17be-33ca-475e-a71b-3ae83d2ef12e","type":"Feature","geometry":{"type":"Polygon","coordinates":[[[-122.3981736,37.789883],[-122.3981114,37.7898342],[-122.3979906,37.7899303],[-122.3980527,37.7899791],[-122.3981736,37.789883]]]},"properties":{"sources":[{"property":"","dataset":"OpenStreetMap","license":"ODbL-1.0","record_id":"w425425754@6","update_time":"2026-04-21T22:33:03.000Z","confidence":null,"between":null}],"height":24.0,"is_underground":false,"has_parts":false,"version":1}},
{"id":"1615f343-9284-4e04-9f48-d75bffaa64d9","type":"Feature","geometry":{"type":"Polygon","coordinates":[[[-122.3980021,37.7896108],[-122.397943,37.7896579],[-122.398084,37.789771],[-122.3981426,37.7897262],[-122.3980021,37.7896108]]]},"properties":{"sources":[{"property":"","dataset":"OpenStreetMap","license":"ODbL-1.0","record_id":"w1249795795@3","update_time":"2024-04-14T17:19:11.000Z","confidence":null,"between":null}],"is_underground":false,"has_parts":false,"version":1}},
{"id":"b7f3881e-edc3-4c9d-8795-050f1d2a478e","type":"Feature","geometry":{"type":"Polygon","coordinates":[[[-122.3979341,37.7898877],[-122.3979906,37.7899303],[-122.3981114,37.7898342],[-122.3982405,37.7897378],[-122.3981859,37.7896932],[-122.3981426,37.7897262],[-122.398084,37.789771],[-122.3979341,37.7898877]]]},"properties":{"sources":[{"property":"","dataset":"OpenStreetMap","license":"ODbL-1.0","record_id":"w256969673@8","update_time":"2026-04-21T22:33:03.000Z","confidence":null,"between":null}],"height":14.0,"is_underground":false,"has_parts":false,"version":1}},
{"id":"43fb6d1e-bc07-42e1-bbdf-51ab42fe585e","type":"Feature","geometry":{"type":"Polygon","coordinates":[[[-122.3981812,37.7895088],[-122.3983904,37.7896593],[-122.3985674,37.7895088],[-122.3983716,37.7893562],[-122.3981812,37.7895088]]]},"properties":{"sources":[{"property":"","dataset":"OpenStreetMap","license":"ODbL-1.0","record_id":"w1271258671@1","update_time":"2024-04-09T19:04:50.000Z","confidence":null,"between":null}],"is_underground":false,"has_parts":false,"version":1}},
{"id":"122af56e-e66d-4bdb-886c-9a0a4db8a2d4","type":"Feature","geometry":{"type":"Polygon","coordinates":[[[-122.3986374,37.7897767],[-122.3986754,37.7898062],[-122.3987526,37.7897437],[-122.3988627,37.7896555],[-122.3986754,37.7895101],[-122.3985624,37.7896007],[-122.3984923,37.7896574],[-122.3985149,37.789675],[-122.3984707,37.7897106],[-122.3985974,37.7898089],[-122.3986374,37.7897767]]]},"properties":{"sources":[{"property":"","dataset":"OpenStreetMap","license":"ODbL-1.0","record_id":"w149837280@10","update_time":"2024-04-14T17:19:11.000Z","confidence":null,"between":null}],"level":1,"height":83.0,"is_underground":false,"has_parts":false,"version":1}},
{"id":"6e837fdd-912e-4930-9332-2a72e9f71a77","type":"Feature","geometry":{"type":"Polygon","coordinates":[[[-122.3984628,37.789239],[-122.3989182,37.7895915],[-122.3993716,37.7892223],[-122.3991534,37.7890548],[-122.3991134,37.7890874],[-122.3988854,37.7889124],[-122.3987029,37.7890572],[-122.3988463,37.789166],[-122.3987296,37.7892611],[-122.3985798,37.7891473],[-122.3984628,37.789239]]]},"properties":{"sources":[{"property":"","dataset":"OpenStreetMap","license":"ODbL-1.0","record_id":"w148288762@8","update_time":"2025-09-03T15:56:38.000Z","confidence":null,"between":null}],"height":25.0,"is_underground":false,"has_parts":false,"version":2}},
{"id":"8f1fa17a-f754-4147-a761-f0400443d85d","type":"Feature","geometry":{"type":"Polygon","coordinates":[[[-122.3989276,37.7900184],[-122.3990746,37.7901355],[-122.3992966,37.7899615],[-122.3989526,37.7896883],[-122.3986999,37.7898869],[-122.3986376,37.7899359],[-122.3987806,37.7900495],[-122.3988746,37.7899759],[-122.3990016,37.7898757],[-122.3990556,37.7899181],[-122.3989276,37.7900184]]]},"properties":{"sources":[{"property":"","dataset":"OpenStreetMap","license":"ODbL-1.0","record_id":"w149837286@7","update_time":"2024-04-14T17:19:11.000Z","confidence":null,"between":null}],"height":18.0,"is_underground":false,"has_parts":false,"version":1}},
{"id":"497426bd-99f6-457d-983c-67651063aff0","type":"Feature","geometry":{"type":"Polygon","coordinates":[[[-122.3986403,37.792062],[-122.3991248,37.7920029],[-122.3990761,37.791753],[-122.3990604,37.7916707],[-122.398882,37.791534],[-122.3988276,37.7915399],[-122.3988192,37.7915438],[-122.3988142,37.7915509],[-122.3988127,37.7915553],[-122.3988189,37.7915906],[-122.3987755,37.791595],[-122.398769,37.7915977],[-122.398763,37.7916024],[-122.39876,37.7916087],[-122.3987645,37.7916421],[-122.3987162,37.7916465],[-122.3987098,37.7916492],[-122.3987038,37.7916539],[-122.3987008,37.7916602],[-122.3987058,37.7916899],[-122.3986532,37.7916959],[-122.3986468,37.7916986],[-122.3986408,37.7917033],[-122.3986378,37.7917096],[-122.3986458,37.7917418],[-122.3985925,37.7917483],[-122.3985861,37.7917511],[-122.3985801,37.7917558],[-122.3985771,37.7917621],[-122.3986403,37.792062]]]},"properties":{"names":{"primary":"One Front Street","common":null,"rules":null},"sources":[{"property":"","dataset":"OpenStreetMap","license":"ODbL-1.0","record_id":"w148710877@9","update_time":"2020-02-20T23:46:39.000Z","confidence":null,"between":null}],"height":171.0,"is_underground":false,"subtype":"commercial","class":"office","has_parts":false,"version":1}},
{"id":"929a59bf-8da4-4d7c-a541-3a11e4db46aa","type":"Feature","geometry":{"type":"Polygon","coordinates":[[[-122.398689,37.792311],[-122.3991734,37.7922519],[-122.399138,37.7920705],[-122.3991248,37.7920029],[-122.3986403,37.792062],[-122.398689,37.792311]]]},"properties":{"sources":[{"property":"","dataset":"OpenStreetMap","license":"ODbL-1.0","record_id":"w148710880@4","update_time":"2024-07-07T18:57:07.000Z","confidence":null,"between":null}],"height":84.0,"is_underground":false,"has_parts":false,"version":1}},
{"id":"b34b6873-f840-468e-9fee-294236ad34f7","type":"Feature","geometry":{"type":"Polygon","coordinates":[[[-122.3989169,37.7928406],[-122.3989189,37.7928498],[-122.3991667,37.7928171],[-122.399264,37.7928042],[-122.3992439,37.792709],[-122.3992405,37.7926949],[-122.3991913,37.7924605],[-122.399148,37.7924662],[-122.3991441,37.7924477],[-122.3987991,37.7924933],[-122.3988034,37.7925133],[-122.3987595,37.7925191],[-122.3988114,37.7927638],[-122.3988525,37.7927584],[-122.3988571,37.7927802],[-122.3989029,37.7927742],[-122.3989169,37.7928406]]]},"properties":{"names":{"primary":"100 Pine Center","common":null,"rules":null},"sources":[{"property":"","dataset":"OpenStreetMap","license":"ODbL-1.0","record_id":"w944025918@1","update_time":"2021-05-17T20:38:00.000Z","confidence":null,"between":null}],"height":145.0,"is_underground":false,"num_floors":32,"has_parts":true,"version":1}},
{"id":"57d305d4-8a1b-4779-a850-0f08ede1eecc","type":"Feature","geometry":{"type":"Polygon","coordinates":[[[-122.3977469,37.792425],[-122.3977534,37.7924261],[-122.3982567,37.7923635],[-122.3982762,37.7923602],[-122.3982947,37.7923561],[-122.3983167,37.7923483],[-122.3983401,37.7923371],[-122.398358,37.7923251],[-122.398367,37.7923185],[-122.3983808,37.7923052],[-122.3983985,37.7922828],[-122.39841,37.7922613],[-122.3984156,37.7922426],[-122.3984187,37.7922274],[-122.3984191,37.7922061],[-122.3984148,37.7921828],[-122.3984178,37.7921727],[-122.3983682,37.7919182],[-122.3981481,37.792076],[-122.398136,37.7920828],[-122.3981171,37.7920916],[-122.3981036,37.7921002],[-122.3980862,37.792113],[-122.3980714,37.7921251],[-122.3980545,37.792139],[-122.3980347,37.7921548],[-122.3980162,37.7921687],[-122.3979987,37.7921825],[-122.397981,37.7921969],[-122.3979562,37.7922163],[-122.3979074,37.7922556],[-122.3978751,37.7922804],[-122.3978469,37.792303],[-122.3978136,37.7923289],[-122.3977827,37.7923522],[-122.3977563,37.7923748],[-122.397739,37.792388],[-122.3977321,37.7923935],[-122.3977292,37.7923993],[-122.3977292,37.792405],[-122.3977303,37.7924115],[-122.3977334,37.7924174],[-122.3977395,37.792422],[-122.3977469,37.792425]]]},"properties":{"names":{"primary":"388 Market Building","common":null,"rules":null},"sources":[{"property":"","dataset":"OpenStreetMap","license":"ODbL-1.0","record_id":"w1279504526@3","update_time":"2024-07-07T18:57:07.000Z","confidence":null,"between":null}],"height":118.0,"is_underground":false,"num_floors":24,"has_parts":true,"version":1}},
{"id":"62487952-4770-4def-95d4-5b00ec23b496","type":"Feature","geometry":{"type":"Polygon","coordinates":[[[-122.3982045,37.7930139],[-122.3986583,37.7932704],[-122.3985535,37.7927233],[-122.3985118,37.7925297],[-122.3981762,37.7925683],[-122.3982033,37.7927023],[-122.3981896,37.7926949],[-122.3981922,37.7926921],[-122.3981644,37.7926759],[-122.3981636,37.7926774],[-122.3981201,37.7926521],[-122.3981167,37.7926566],[-122.3981018,37.7926481],[-122.3980986,37.7926515],[-122.3980842,37.7926432],[-122.3980807,37.7926474],[-122.3980662,37.7926394],[-122.3980628,37.7926431],[-122.3980487,37.7926362],[-122.3980443,37.7926409],[-122.3980299,37.7926338],[-122.3980245,37.7926394],[-122.3980097,37.7926316],[-122.3980038,37.7926383],[-122.3979894,37.7926306],[-122.3979821,37.7926384],[-122.3979681,37.7926306],[-122.3979595,37.7926391],[-122.3979452,37.7926323],[-122.3979359,37.7926424],[-122.3979205,37.7926353],[-122.3979109,37.7926457],[-122.3978974,37.7926389],[-122.3978873,37.7926487],[-122.3978723,37.7926415],[-122.3978626,37.7926517],[-122.3978505,37.7926454],[-122.3978442,37.7926133],[-122.3975862,37.7926474],[-122.3977029,37.7927168],[-122.3976823,37.7927401],[-122.3976745,37.7927495],[-122.3976638,37.792761],[-122.3976666,37.7927636],[-122.3976592,37.792774],[-122.3976614,37.7927752],[-122.39766,37.7927771],[-122.3976515,37.7927872],[-122.3976556,37.7927894],[-122.3976458,37.7928001],[-122.3976503,37.792802],[-122.397649,37.7928041],[-122.3976409,37.7928153],[-122.3976449,37.7928184],[-122.397636,37.7928296],[-122.3976418,37.7928332],[-122.3976329,37.7928434],[-122.3976399,37.792847],[-122.3976309,37.7928591],[-122.3976384,37.792864],[-122.3976289,37.7928761],[-122.3976389,37.7928809],[-122.3976305,37.7928914],[-122.3976408,37.7928994],[-122.3976334,37.7929114],[-122.3976445,37.792918],[-122.3976362,37.7929301],[-122.3976484,37.7929358],[-122.3976432,37.792946],[-122.3976557,37.7929519],[-122.3976515,37.7929611],[-122.3976618,37.7929669],[-122.3976593,37.7929755],[-122.3976714,37.7929822],[-122.3976695,37.7929891],[-122.3976819,37.7929959],[-122.3976782,37.7930006],[-122.3976909,37.7930084],[-122.3976882,37.793013],[-122.3977016,37.7930207],[-122.3977,37.7930242],[-122.3977121,37.7930333],[-122.3977248,37.7930402],[-122.3977234,37.7930427],[-122.3977368,37.7930495],[-122.3977357,37.7930521],[-122.3977501,37.7930595],[-122.39774800000001,37.7930623],[-122.397791,37.7930874],[-122.3977933,37.7930848],[-122.397822,37.7931022],[-122.3978242,37.7930998],[-122.3978364,37.7931083],[-122.3978419,37.7931063],[-122.3978531,37.7931141],[-122.3978587,37.7931111],[-122.3978722,37.7931183],[-122.3978767,37.793115],[-122.3978907,37.7931234],[-122.3978938,37.7931194],[-122.3979083,37.7931258],[-122.3979116,37.7931222],[-122.3979271,37.7931294],[-122.3979329,37.7931235],[-122.3979453,37.7931316],[-122.397952,37.7931246],[-122.3979655,37.7931319],[-122.397973,37.7931252],[-122.3979885,37.7931318],[-122.3979972,37.7931234],[-122.3980124,37.7931297],[-122.3980224,37.7931183],[-122.3980347,37.7931253],[-122.398157,37.792987],[-122.3982045,37.7930139]]]},"properties":{"names":{"primary":"101 California","common":[["kn","101 ಕ್ಯಾಲಿಫೋರ್ನಿಯಾ"]],"rules":null},"sources":[{"property":"","dataset":"OpenStreetMap","license":"ODbL-1.0","record_id":"w1279505488@1","update_time":"2025-06-30T13:01:57.000Z","confidence":null,"between":null}],"height":183.0,"is_underground":false,"num_floors":48,"subtype":"commercial","class":"office","has_parts":true,"version":2}},
{"id":"c1d5912b-dbef-4061-9d2a-a67c612d3d5f","type":"Feature","geometry":{"type":"Polygon","coordinates":[[[-122.3980848,37.7936519],[-122.3977907,37.7936884],[-122.397913,37.7943029],[-122.3982076,37.7942663],[-122.3981973,37.7942146],[-122.3983645,37.7941938],[-122.3983474,37.794113],[-122.3983347,37.7940531],[-122.3983065,37.7939094],[-122.3982607,37.7936793],[-122.3980944,37.7937],[-122.3980848,37.7936519]]]},"properties":{"sources":[{"property":"","dataset":"OpenStreetMap","license":"ODbL-1.0","record_id":"w32612487@9","update_time":"2024-05-03T20:27:10.000Z","confidence":null,"between":null}],"height":59.0,"is_underground":false,"num_floors":12,"subtype":"commercial","class":"office","has_parts":true,"version":1}},
{"id":"0dbc944f-5052-4863-919b-c50f2d31748b","type":"Feature","geometry":{"type":"Polygon","coordinates":[[[-122.3985423,37.7937762],[-122.3985979,37.7937687],[-122.3987548,37.7937476],[-122.3987658,37.7937461],[-122.3987096,37.7934845],[-122.3985416,37.793507],[-122.3984763,37.7935158],[-122.3984809,37.7935372],[-122.3984677,37.793539],[-122.398463,37.7935168],[-122.3982493,37.7935455],[-122.3982781,37.7936768],[-122.3983272,37.7939106],[-122.3984749,37.7938914],[-122.3984518,37.7937842],[-122.3984737,37.7937813],[-122.3985185,37.7937753],[-122.3985094,37.7937326],[-122.3985322,37.7937295],[-122.3985423,37.7937762]]]},"properties":{"sources":[{"property":"","dataset":"OpenStreetMap","license":"ODbL-1.0","record_id":"w1279447597@1","update_time":"2024-05-03T20:09:58.000Z","confidence":null,"between":null}],"height":101.0,"is_underground":false,"num_floors":23,"has_parts":true,"version":1}},
{"id":"7747064b-c861-40d9-af9f-a278962c06e4","type":"Feature","geometry":{"type":"Polygon","coordinates":[[[-122.3988004,37.7939909],[-122.3987736,37.7938665],[-122.3985153,37.7939012],[-122.3985182,37.7939149],[-122.3983308,37.7939401],[-122.3983545,37.7940504],[-122.3985575,37.7940235],[-122.3988004,37.7939909]]]},"properties":{"sources":[{"property":"","dataset":"OpenStreetMap","license":"ODbL-1.0","record_id":"w260288458@5","update_time":"2024-05-03T20:27:10.000Z","confidence":null,"between":null}],"height":20.0,"is_underground":false,"num_floors":4,"has_parts":false,"version":1}},
{"id":"df1fdcf6-0436-419f-815a-c35914d2520b","type":"Feature","geometry":{"type":"Polygon","coordinates":[[[-122.3983645,37.7941938],[-122.3983891,37.7943096],[-122.3986119,37.7942801],[-122.3988704,37.794246],[-122.3988151,37.7939889],[-122.3988004,37.7939909],[-122.3985575,37.7940235],[-122.3983545,37.7940504],[-122.3983347,37.7940531],[-122.3983474,37.794113],[-122.3983645,37.7941938]]]},"properties":{"sources":[{"property":"","dataset":"OpenStreetMap","license":"ODbL-1.0","record_id":"w1279452198@2","update_time":"2024-07-07T20:07:17.000Z","confidence":null,"between":null}],"is_underground":false,"num_floors":9,"has_parts":true,"version":1}},
{"id":"70210fd9-95b1-4632-9687-99d1c74a8d03","type":"Feature","geometry":{"type":"Polygon","coordinates":[[[-122.3987802,37.7938656],[-122.3987548,37.7937476],[-122.3985979,37.7937687],[-122.3985423,37.7937762],[-122.3984736,37.7937854],[-122.3984893,37.7938583],[-122.3984721,37.7938606],[-122.3984818,37.7939057],[-122.3985153,37.7939012],[-122.3987736,37.7938665],[-122.3987802,37.7938656]]]},"properties":{"sources":[{"property":"","dataset":"OpenStreetMap","license":"ODbL-1.0","record_id":"w260288447@5","update_time":"2024-05-03T20:27:10.000Z","confidence":null,"between":null}],"height":23.0,"is_underground":false,"num_floors":7,"has_parts":false,"version":1}},
{"id":"fe8fa546-9e20-409b-8313-43d6dd187fb2","type":"Feature","geometry":{"type":"Polygon","coordinates":[[[-122.3989189,37.7928498],[-122.3988258,37.7928624],[-122.3989023,37.7932315],[-122.3992435,37.7931873],[-122.3991707,37.7928366],[-122.3991667,37.7928171],[-122.3989189,37.7928498]]]},"properties":{"sources":[{"property":"","dataset":"OpenStreetMap","license":"ODbL-1.0","record_id":"w256067709@7","update_time":"2021-05-17T20:38:00.000Z","confidence":null,"between":null}],"height":69.0,"is_underground":false,"num_floors":16,"subtype":"commercial","class":"office","has_parts":false,"version":1}},
{"id":"cc787b16-39f1-4b20-80ff-4d3229983b4f","type":"Feature","geometry":{"type":"Polygon","coordinates":[[[-122.39908,37.7934427],[-122.3989328,37.7934621],[-122.3989912,37.7937353],[-122.3991368,37.7937154],[-122.39908,37.7934427]]]},"properties":{"sources":[{"property":"","dataset":"OpenStreetMap","license":"ODbL-1.0","record_id":"w260286442@5","update_time":"2024-05-03T20:27:10.000Z","confidence":null,"between":null},{"property":"/properties/height","dataset":"Microsoft ML Buildings","license":"ODbL-1.0","record_id":null,"update_time":"2023-09-01T00:00:00.000Z","confidence":0.9822999835014343,"between":null}],"height":12.429085731506348,"is_underground":false,"num_floors":5,"has_parts":false,"version":2}},
{"id":"65169aa7-f659-4895-96f8-6196bd5857db","type":"Feature","geometry":{"type":"Polygon","coordinates":[[[-122.3990369,37.7939573],[-122.3990633,37.7940902],[-122.3993636,37.7940535],[-122.3993372,37.7939211],[-122.399241,37.7939323],[-122.3990369,37.7939573]]]},"properties":{"sources":[{"property":"","dataset":"OpenStreetMap","license":"ODbL-1.0","record_id":"w260286866@3","update_time":"2024-05-03T20:27:10.000Z","confidence":null,"between":null}],"is_underground":false,"num_floors":2,"has_parts":false,"version":1}},
{"id":"3a19d46c-0c0b-4961-96fe-81b885cb39af","type":"Feature","geometry":{"type":"Polygon","coordinates":[[[-122.3990316,37.7939579],[-122.3990369,37.7939573],[-122.399018,37.7938613],[-122.3992221,37.7938363],[-122.3992208,37.7938303],[-122.3990117,37.7938558],[-122.3990316,37.7939579]]]},"properties":{"sources":[{"property":"","dataset":"OpenStreetMap","license":"ODbL-1.0","record_id":"w1204319707@1","update_time":"2023-09-02T00:41:33.000Z","confidence":null,"between":null}],"level":1,"is_underground":false,"subtype":"outbuilding","class":"roof","has_parts":false,"version":1}},
{"id":"2a6ad401-5d65-49f3-98e6-3eed9568d3be","type":"Feature","geometry":{"type":"Polygon","coordinates":[[[-122.3991368,37.7937154],[-122.3989912,37.7937353],[-122.3990073,37.7938087],[-122.3991529,37.7937888],[-122.3991368,37.7937154]]]},"properties":{"sources":[{"property":"","dataset":"OpenStreetMap","license":"ODbL-1.0","record_id":"w940149659@4","update_time":"2026-04-23T00:26:46.000Z","confidence":null,"between":null}],"is_underground":false,"num_floors":2,"has_parts":false,"version":1}},
{"id":"cda77ef0-9c09-4e86-9005-4d87508d2e4d","type":"Feature","geometry":{"type":"Polygon","coordinates":[[[-122.3991962,37.7934274],[-122.39908,37.7934427],[-122.3991368,37.7937154],[-122.3991529,37.7937888],[-122.3992692,37.7937736],[-122.399252,37.7936916],[-122.3992216,37.7935476],[-122.3991962,37.7934274]]]},"properties":{"sources":[{"property":"","dataset":"OpenStreetMap","license":"ODbL-1.0","record_id":"w260286447@6","update_time":"2023-10-01T17:22:38.000Z","confidence":null,"between":null}],"height":10.0,"is_underground":false,"has_parts":false,"version":1}},
{"id":"5b45d40f-c51f-4237-b28c-a039760741d0","type":"Feature","geometry":{"type":"Polygon","coordinates":[[[-122.3994092,37.7934002],[-122.3991962,37.7934274],[-122.3992216,37.7935476],[-122.3992427,37.7935448],[-122.3992731,37.7936888],[-122.399252,37.7936916],[-122.3992692,37.7937736],[-122.3994799,37.7937468],[-122.3994637,37.7936673],[-122.3994442,37.79367],[-122.3994129,37.7935217],[-122.3994334,37.7935189],[-122.3994092,37.7934002]]]},"properties":{"names":{"primary":"Hind Building","common":null,"rules":null},"sources":[{"property":"","dataset":"OpenStreetMap","license":"ODbL-1.0","record_id":"w260286438@5","update_time":"2024-05-03T20:27:10.000Z","confidence":null,"between":null}],"height":26.0,"is_underground":false,"has_parts":false,"version":1}},
{"id":"d0a78084-83f6-430a-9661-8e1e85ffc1ae","type":"Feature","geometry":{"type":"Polygon","coordinates":[[[-122.399018,37.7938613],[-122.3990369,37.7939573],[-122.399241,37.7939323],[-122.3993372,37.7939211],[-122.3994227,37.7939105],[-122.3995034,37.7939008],[-122.3994848,37.7938047],[-122.3992221,37.7938363],[-122.399018,37.7938613]]]},"properties":{"sources":[{"property":"","dataset":"OpenStreetMap","license":"ODbL-1.0","record_id":"w1279452199@2","update_time":"2026-04-23T00:26:46.000Z","confidence":null,"between":null}],"is_underground":false,"num_floors":2,"has_parts":true,"version":1}},
{"id":"cbd058c0-92fe-4c79-8b13-8aed39ee1bcb","type":"Feature","geometry":{"type":"Polygon","coordinates":[[[-122.3993868,37.7941698],[-122.3993636,37.7940535],[-122.3990633,37.7940902],[-122.3990864,37.7942086],[-122.3993868,37.7941698]]]},"properties":{"sources":[{"property":"","dataset":"OpenStreetMap","license":"ODbL-1.0","record_id":"w260286870@6","update_time":"2026-04-23T00:26:46.000Z","confidence":null,"between":null}],"height":16.0,"is_underground":false,"num_floors":4,"has_parts":false,"version":1}},
{"id":"7028e560-d40a-48c4-b12f-aedc16f12089","type":"Feature","geometry":{"type":"Polygon","coordinates":[[[-122.3994723,37.7941588],[-122.3994266,37.7939273],[-122.3994227,37.7939105],[-122.3993372,37.7939211],[-122.3993636,37.7940535],[-122.3993868,37.7941698],[-122.3994723,37.7941588]]]},"properties":{"sources":[{"property":"","dataset":"OpenStreetMap","license":"ODbL-1.0","record_id":"w260286872@6","update_time":"2024-05-03T20:27:10.000Z","confidence":null,"between":null}],"height":11.0,"is_underground":false,"num_floors":2,"has_parts":false,"version":1}},
{"id":"5a2e9a5f-6db6-497e-b7d6-2ded424f71f6","type":"Feature","geometry":{"type":"Polygon","coordinates":[[[-122.3995443,37.7940628],[-122.3995164,37.7939162],[-122.3994266,37.7939273],[-122.3994723,37.7941588],[-122.3995613,37.7941468],[-122.3995443,37.7940628]]]},"properties":{"sources":[{"property":"","dataset":"OpenStreetMap","license":"ODbL-1.0","record_id":"w260286867@5","update_time":"2024-05-03T20:27:10.000Z","confidence":null,"between":null}],"height":13.0,"is_underground":false,"num_floors":2,"has_parts":false,"version":1}},
{"id":"278f5bee-e7fc-439a-a5b0-6e760ae6b706","type":"Feature","geometry":{"type":"Polygon","coordinates":[[[-122.3995154,37.7933866],[-122.3994092,37.7934002],[-122.3994334,37.7935189],[-122.3994637,37.7936673],[-122.3994799,37.7937468],[-122.3995861,37.7937333],[-122.3995654,37.7936317],[-122.3995593,37.7936017],[-122.3995154,37.7933866]]]},"properties":{"names":{"primary":"Buich Building","common":null,"rules":null},"sources":[{"property":"","dataset":"OpenStreetMap","license":"ODbL-1.0","record_id":"w260286448@5","update_time":"2024-05-03T20:27:10.000Z","confidence":null,"between":null}],"height":11.0,"is_underground":false,"has_parts":false,"version":1}},
{"id":"7b55f4b4-7816-4b43-9e7e-7a385bea50db","type":"Feature","geometry":{"type":"Polygon","coordinates":[[[-122.3994378,37.7931614],[-122.3998238,37.7931105],[-122.3997594,37.7928061],[-122.399756,37.7927901],[-122.3997498,37.7927606],[-122.3993531,37.7928121],[-122.3991707,37.7928366],[-122.3992435,37.7931873],[-122.3994378,37.7931614]]]},"properties":{"sources":[{"property":"","dataset":"OpenStreetMap","license":"ODbL-1.0","record_id":"w944025916@1","update_time":"2021-05-17T20:38:00.000Z","confidence":null,"between":null}],"height":61.0,"is_underground":false,"num_floors":13,"has_parts":true,"version":1}},
{"id":"ef63b00d-bdf8-43e9-af6e-8c7fe30ded2e","type":"Feature","geometry":{"type":"Polygon","coordinates":[[[-122.3990761,37.791753],[-122.3992741,37.7917288],[-122.3992637,37.7916754],[-122.3992519,37.7916036],[-122.3992264,37.7914728],[-122.3991859,37.7915014],[-122.3991982,37.7915647],[-122.3990604,37.7916707],[-122.3990761,37.791753]]]},"properties":{"sources":[{"property":"","dataset":"OpenStreetMap","license":"ODbL-1.0","record_id":"w148710885@1","update_time":"2012-02-04T15:52:54.000Z","confidence":null,"between":null},{"property":"/properties/height","dataset":"USGS Lidar","license":null,"record_id":null,"update_time":null,"confidence":null,"between":null}],"height":13.3,"is_underground":false,"has_parts":false,"version":1}},
{"id":"ccd5c5d2-9d87-470b-988c-98fce36c63a5","type":"Feature","geometry":{"type":"Polygon","coordinates":[[[-122.3995768,37.7918143],[-122.3995535,37.7916948],[-122.3992741,37.7917288],[-122.3990761,37.791753],[-122.3991248,37.7920029],[-122.3992097,37.7919925],[-122.3996022,37.7919447],[-122.3995945,37.7918962],[-122.3995768,37.7918143]]]},"properties":{"sources":[{"property":"","dataset":"OpenStreetMap","license":"ODbL-1.0","record_id":"w148710881@6","update_time":"2019-11-11T18:28:31.000Z","confidence":null,"between":null}],"height":20.0,"is_underground":false,"has_parts":false,"version":1}},
{"id":"86d84739-a3b3-4e7a-8174-332f9ff04318","type":"Feature","geometry":{"type":"Polygon","coordinates":[[[-122.3996509,37.7921937],[-122.3996022,37.7919447],[-122.3992097,37.7919925],[-122.3992229,37.7920602],[-122.399138,37.7920705],[-122.3991734,37.7922519],[-122.3996509,37.7921937]]]},"properties":{"sources":[{"property":"","dataset":"OpenStreetMap","license":"ODbL-1.0","record_id":"w148710883@4","update_time":"2024-07-07T18:57:07.000Z","confidence":null,"between":null}],"height":84.0,"is_underground":false,"has_parts":false,"version":1}},
{"id":"77b039a9-da26-4639-9c7f-1d11d56af1cb","type":"Feature","geometry":{"type":"Polygon","coordinates":[[[-122.3992741,37.7917288],[-122.3995535,37.7916948],[-122.3995036,37.791439],[-122.3992264,37.7914728],[-122.3992519,37.7916036],[-122.3993592,37.7915906],[-122.3993732,37.791662],[-122.3992637,37.7916754],[-122.3992741,37.7917288]]]},"properties":{"sources":[{"property":"","dataset":"OpenStreetMap","license":"ODbL-1.0","record_id":"w148710884@4","update_time":"2020-07-09T03:49:32.000Z","confidence":null,"between":null}],"height":55.0,"is_underground":false,"has_parts":false,"version":1}},
{"id":"a86dbeae-d543-4b22-a225-33275c43de88","type":"Feature","geometry":{"type":"Polygon","coordinates":[[[-122.3993264,37.7926837],[-122.3997368,37.7926299],[-122.3996876,37.7923954],[-122.3991913,37.7924605],[-122.3992405,37.7926949],[-122.3993264,37.7926837]]]},"properties":{"sources":[{"property":"","dataset":"OpenStreetMap","license":"ODbL-1.0","record_id":"w256067720@5","update_time":"2021-05-17T20:38:00.000Z","confidence":null,"between":null}],"height":29.0,"is_underground":false,"num_floors":7,"has_parts":false,"version":1}},
{"id":"57e5e3c0-3d1e-4be6-bc3c-6e51a5e6c09e","type":"Feature","geometry":{"type":"Polygon","coordinates":[[[-122.3997636,37.7927588],[-122.3997368,37.7926299],[-122.3993264,37.7926837],[-122.3993531,37.7928121],[-122.3997498,37.7927606],[-122.3997636,37.7927588]]]},"properties":{"sources":[{"property":"","dataset":"OpenStreetMap","license":"ODbL-1.0","record_id":"w256067704@5","update_time":"2022-07-06T19:55:56.000Z","confidence":null,"between":null}],"height":25.0,"is_underground":false,"has_parts":false,"version":1}},
{"id":"3b4af405-3a10-49f6-b07c-3204a9674c1d","type":"Feature","geometry":{"type":"Polygon","coordinates":[[[-122.3998547,37.7920336],[-122.4001904,37.7919928],[-122.4001668,37.7918704],[-122.3998309,37.7919112],[-122.3998547,37.7920336]]]},"properties":{"sources":[{"property":"","dataset":"OpenStreetMap","license":"ODbL-1.0","record_id":"w260282393@4","update_time":"2024-03-07T17:31:26.000Z","confidence":null,"between":null}],"height":17.0,"is_underground":false,"has_parts":false,"version":1}},
{"id":"cf811c33-7fd5-406c-833e-d9bf004862bd","type":"Feature","geometry":{"type":"Polygon","coordinates":[[[-122.4002241,37.7917329],[-122.4002229,37.7917266],[-122.4001523,37.7913602],[-122.4000344,37.7913744],[-122.3997364,37.7914105],[-122.399781,37.7916449],[-122.3997857,37.7916692],[-122.3998074,37.7917821],[-122.4001422,37.7917428],[-122.4002241,37.7917329]]]},"properties":{"names":{"primary":"Shell Building","common":null,"rules":null},"sources":[{"property":"","dataset":"OpenStreetMap","license":"ODbL-1.0","record_id":"w260282390@6","update_time":"2024-08-25T14:18:38.000Z","confidence":null,"between":null}],"height":115.22,"is_underground":false,"num_floors":28,"has_parts":true,"version":1}},
{"id":"7f2294ad-09f9-4691-a510-597b7575c7ea","type":"Feature","geometry":{"type":"Polygon","coordinates":[[[-122.3998309,37.7919112],[-122.4001668,37.7918704],[-122.4001422,37.7917428],[-122.3998074,37.7917821],[-122.3998309,37.7919112]]]},"properties":{"sources":[{"property":"","dataset":"OpenStreetMap","license":"ODbL-1.0","record_id":"w260282391@5","update_time":"2024-03-07T17:31:26.000Z","confidence":null,"between":null}],"height":14.0,"is_underground":false,"has_parts":false,"version":1}},
{"id":"a32e7715-9c25-4edb-862d-8a7e8142701d","type":"Feature","geometry":{"type":"Polygon","coordinates":[[[-122.400213,37.7921099],[-122.4001904,37.7919928],[-122.3998547,37.7920336],[-122.3998511,37.792034],[-122.3998767,37.7921656],[-122.400216,37.7921245],[-122.400213,37.7921099]]]},"properties":{"sources":[{"property":"","dataset":"OpenStreetMap","license":"ODbL-1.0","record_id":"w260282395@3","update_time":"2024-03-07T17:31:26.000Z","confidence":null,"between":null}],"height":25.0,"is_underground":false,"has_parts":false,"version":1}},
{"id":"937f3292-7f2b-4e33-917b-304cb4f9d4cd","type":"Feature","geometry":{"type":"Polygon","coordinates":[[[-122.3999458,37.7924616],[-122.4004114,37.7924044],[-122.400388,37.7922857],[-122.3999225,37.792343],[-122.3999458,37.7924616]]]},"properties":{"sources":[{"property":"","dataset":"OpenStreetMap","license":"ODbL-1.0","record_id":"w32859888@3","update_time":"2021-05-17T21:19:08.000Z","confidence":null,"between":null}],"height":40.0,"is_underground":false,"has_parts":false,"version":1}},
{"id":"8dd5390e-74ae-4fc4-9df7-a08a783d2074","type":"Feature","geometry":{"type":"Polygon","coordinates":[[[-122.3996906,37.7933645],[-122.3997158,37.7934885],[-122.3997358,37.7934858],[-122.399743,37.7935222],[-122.3997228,37.7935247],[-122.3997403,37.7936133],[-122.3999375,37.7935897],[-122.3998883,37.7933399],[-122.3996906,37.7933645]]]},"properties":{"sources":[{"property":"","dataset":"OpenStreetMap","license":"ODbL-1.0","record_id":"w260286437@6","update_time":"2023-10-01T17:22:38.000Z","confidence":null,"between":null}],"height":45.0,"is_underground":false,"has_parts":false,"version":1}},
{"id":"d208b0ae-30f9-4832-bf31-3a3109338580","type":"Feature","geometry":{"type":"Polygon","coordinates":[[[-122.3999565,37.7936883],[-122.3999375,37.7935897],[-122.3997403,37.7936133],[-122.3996671,37.7936221],[-122.399686,37.7937207],[-122.3999565,37.7936883]]]},"properties":{"sources":[{"property":"","dataset":"OpenStreetMap","license":"ODbL-1.0","record_id":"w940149660@2","update_time":"2024-05-03T20:27:10.000Z","confidence":null,"between":null}],"is_underground":false,"num_floors":2,"has_parts":false,"version":1}},
{"id":"a400c267-9f82-4eda-95e6-c64f78089595","type":"Feature","geometry":{"type":"Polygon","coordinates":[[[-122.3995654,37.7936317],[-122.3995861,37.7937333],[-122.399686,37.7937207],[-122.3996671,37.7936221],[-122.3996323,37.7936261],[-122.3996249,37.7935901],[-122.3996563,37.7935861],[-122.3996385,37.7934983],[-122.3997158,37.7934885],[-122.3996906,37.7933645],[-122.3995154,37.7933866],[-122.3995593,37.7936017],[-122.3995813,37.7935989],[-122.3995874,37.7936289],[-122.3995654,37.7936317]]]},"properties":{"sources":[{"property":"","dataset":"OpenStreetMap","license":"ODbL-1.0","record_id":"w260286441@6","update_time":"2023-10-01T17:22:38.000Z","confidence":null,"between":null}],"height":32.0,"is_underground":false,"has_parts":false,"version":1}},
{"id":"da8069c4-2b34-49bd-8ce8-0f81f133c336","type":"Feature","geometry":{"type":"Polygon","coordinates":[[[-122.3998709,37.7941078],[-122.4000263,37.794089],[-122.4000021,37.7939636],[-122.3999876,37.7939653],[-122.3999788,37.7939202],[-122.3999933,37.7939184],[-122.3999601,37.7937464],[-122.3997448,37.7937728],[-122.3996394,37.7937857],[-122.3994937,37.793803],[-122.3995114,37.7938901],[-122.3995164,37.7939162],[-122.3995443,37.7940628],[-122.3995613,37.7941468],[-122.3997074,37.7941285],[-122.3998106,37.7941151],[-122.3998083,37.7941035],[-122.3998686,37.7940962],[-122.3998709,37.7941078]]]},"properties":{"sources":[{"property":"","dataset":"OpenStreetMap","license":"ODbL-1.0","record_id":"w260286865@5","update_time":"2024-05-03T20:27:10.000Z","confidence":null,"between":null}],"height":90.0,"is_underground":false,"num_floors":24,"has_parts":true,"version":1}},
{"id":"eee86e1e-58a8-4524-a87d-7625258b64de","type":"Feature","geometry":{"type":"Polygon","coordinates":[[[-122.4000174,37.7928309],[-122.4000686,37.7930949],[-122.400429,37.7930502],[-122.4003767,37.7927867],[-122.4002119,37.792807],[-122.4001322,37.7928168],[-122.4000174,37.7928309]]]},"properties":{"sources":[{"property":"","dataset":"OpenStreetMap","license":"ODbL-1.0","record_id":"w944032189@1","update_time":"2021-05-17T21:19:08.000Z","confidence":null,"between":null}],"height":51.0,"is_underground":false,"has_parts":true,"version":1}},
{"id":"a95d4534-74c7-4296-a321-481c2aeaf226","type":"Feature","geometry":{"type":"Polygon","coordinates":[[[-122.4001899,37.793645],[-122.4005993,37.7935935],[-122.4005831,37.793513],[-122.4005474,37.7933364],[-122.4005329,37.7932643],[-122.4001235,37.7933158],[-122.4001899,37.793645]]]},"properties":{"sources":[{"property":"","dataset":"OpenStreetMap","license":"ODbL-1.0","record_id":"w260283290@4","update_time":"2025-06-27T17:10:54.000Z","confidence":null,"between":null}],"height":33.0,"is_underground":false,"has_parts":false,"version":2}},
{"id":"559ffb85-8dac-410a-917b-30e6987c5e39","type":"Feature","geometry":{"type":"Polygon","coordinates":[[[-122.4002701,37.794052],[-122.4007315,37.7939928],[-122.4007084,37.7938806],[-122.4006914,37.7937976],[-122.4006669,37.793678],[-122.4006648,37.7936679],[-122.4002034,37.793727],[-122.4002701,37.794052]]]},"properties":{"names":{"primary":"Embarcadero Center West","common":null,"rules":null},"sources":[{"property":"","dataset":"OpenStreetMap","license":"ODbL-1.0","record_id":"w32947500@7","update_time":"2024-01-18T19:42:18.000Z","confidence":null,"between":null}],"height":123.0,"is_underground":false,"num_floors":34,"has_parts":false,"version":1}},
{"id":"b8579ef3-37de-4d2f-8ed0-9d81afa3780d","type":"Feature","geometry":{"type":"Polygon","coordinates":[[[-122.400848,37.7939791],[-122.40087,37.7939765],[-122.4008285,37.7937805],[-122.4008077,37.7937829],[-122.4006914,37.7937976],[-122.4007084,37.7938806],[-122.4007791,37.7938739],[-122.4008066,37.793892],[-122.4008261,37.7939138],[-122.4008399,37.7939483],[-122.400848,37.7939791]]]},"properties":{"sources":[{"property":"","dataset":"OpenStreetMap","license":"ODbL-1.0","record_id":"w1240834459@1","update_time":"2024-01-18T19:42:18.000Z","confidence":null,"between":null}],"is_underground":false,"num_floors":1,"has_parts":false,"version":1}},
{"id":"dfcf49cb-526d-4fe1-88a2-7915a5140f33","type":"Feature","geometry":{"type":"Polygon","coordinates":[[[-122.4006914,37.7937976],[-122.4008077,37.7937829],[-122.4007834,37.7936633],[-122.4007288,37.7936702],[-122.4006669,37.793678],[-122.4006914,37.7937976]]]},"properties":{"sources":[{"property":"","dataset":"OpenStreetMap","license":"ODbL-1.0","record_id":"w1240834460@1","update_time":"2024-01-18T19:42:18.000Z","confidence":null,"between":null}],"level":1,"is_underground":false,"subtype":"outbuilding","class":"roof","has_parts":false,"version":1}},
{"id":"c25a253c-8608-4958-aaa6-445bbd7edb84","type":"Feature","geometry":{"type":"Polygon","coordinates":[[[-122.40087,37.7939765],[-122.4011881,37.7939343],[-122.401117,37.7935989],[-122.4007989,37.7936411],[-122.4008285,37.7937805],[-122.40087,37.7939765]]]},"properties":{"names":{"primary":"350 Sansome","common":null,"rules":null},"sources":[{"property":"","dataset":"OpenStreetMap","license":"ODbL-1.0","record_id":"w32947542@6","update_time":"2024-01-18T19:42:18.000Z","confidence":null,"between":null}],"height":41.0,"is_underground":false,"num_floors":9,"subtype":"commercial","class":"commercial","has_parts":false,"version":1}},
{"id":"c24c54d3-2af2-4680-bae0-401b528dc2fd","type":"Feature","geometry":{"type":"Polygon","coordinates":[[[-122.4007079,37.793576],[-122.4011243,37.7935253],[-122.4010602,37.7931962],[-122.4006419,37.7932471],[-122.4006566,37.7933229],[-122.4005563,37.7933351],[-122.4005907,37.7935121],[-122.400693,37.7934997],[-122.4007079,37.793576]]]},"properties":{"sources":[{"property":"","dataset":"OpenStreetMap","license":"ODbL-1.0","record_id":"w32947408@6","update_time":"2025-06-27T17:10:54.000Z","confidence":null,"between":null}],"height":99.0,"is_underground":false,"num_floors":21,"subtype":"commercial","class":"commercial","has_parts":false,"version":2}},
{"id":"4e6a889a-1af9-4b77-8602-117ac95d1394","type":"Feature","geometry":{"type":"Polygon","coordinates":[[[-122.4005168,37.7927695],[-122.4005675,37.7930332],[-122.401022,37.7929787],[-122.4009682,37.7927139],[-122.4007878,37.7927361],[-122.4006151,37.7927574],[-122.4005168,37.7927695]]]},"properties":{"sources":[{"property":"","dataset":"OpenStreetMap","license":"ODbL-1.0","record_id":"w944032191@1","update_time":"2021-05-17T21:19:08.000Z","confidence":null,"between":null}],"height":81.0,"is_underground":false,"num_floors":14,"has_parts":true,"version":1}},
{"id":"f53b7b08-7ba1-4f3c-9bf6-63c4e2f7b12c","type":"Feature","geometry":{"type":"Polygon","coordinates":[[[-122.4005959,37.7923818],[-122.400895,37.7923452],[-122.4008709,37.7922251],[-122.4005726,37.792263],[-122.4005959,37.7923818]]]},"properties":{"sources":[{"property":"","dataset":"OpenStreetMap","license":"ODbL-1.0","record_id":"w32859862@6","update_time":"2021-05-17T21:19:08.000Z","confidence":null,"between":null}],"height":69.0,"is_underground":false,"has_parts":false,"version":1}},
{"id":"4d164862-eb12-4b14-b797-3a0520219d60","type":"Feature","geometry":{"type":"Polygon","coordinates":[[[-122.40122,37.7916283],[-122.4009843,37.7916568],[-122.4010022,37.7917488],[-122.4010528,37.7917426],[-122.4015047,37.7916878],[-122.4015412,37.7916834],[-122.4015233,37.7915915],[-122.4014179,37.7916043],[-122.401264,37.7916229],[-122.40122,37.7916283]]]},"properties":{"names":{"primary":"Stock Exchange Tower","common":null,"rules":null},"sources":[{"property":"","dataset":"OpenStreetMap","license":"ODbL-1.0","record_id":"w256066241@7","update_time":"2024-08-21T00:34:31.000Z","confidence":null,"between":null}],"height":55.0,"is_underground":false,"num_floors":11,"has_parts":false,"version":1}},
{"id":"1fb9b050-2e17-4fad-911e-7bd8387fe2d5","type":"Feature","geometry":{"type":"Polygon","coordinates":[[[-122.4007678,37.7917759],[-122.4007468,37.7916678],[-122.4006165,37.7916837],[-122.4004148,37.7917081],[-122.4004357,37.7918162],[-122.4005584,37.7918013],[-122.4007352,37.7917798],[-122.4007678,37.7917759]]]},"properties":{"sources":[{"property":"","dataset":"OpenStreetMap","license":"ODbL-1.0","record_id":"w260282397@4","update_time":"2020-07-09T03:49:35.000Z","confidence":null,"between":null}],"height":28.0,"is_underground":false,"has_parts":false,"version":1}},
{"id":"998427b5-e2a6-4fc1-98a3-aa07140c9ce4","type":"Feature","geometry":{"type":"Polygon","coordinates":[[[-122.4005719,37.7918709],[-122.4005601,37.7918724],[-122.4005476,37.791808],[-122.4004132,37.7918243],[-122.4004624,37.7920798],[-122.4008171,37.7920366],[-122.4007803,37.7918471],[-122.400749,37.7918509],[-122.4007357,37.7917824],[-122.4007352,37.7917798],[-122.4005584,37.7918013],[-122.4005719,37.7918709]]]},"properties":{"sources":[{"property":"","dataset":"OpenStreetMap","license":"ODbL-1.0","record_id":"w260282401@3","update_time":"2024-03-07T17:31:26.000Z","confidence":null,"between":null}],"height":75.0,"is_underground":false,"has_parts":false,"version":1}},
{"id":"fcc30593-0f2f-47e9-aea3-3be9e0ba73e1","type":"Feature","geometry":{"type":"Polygon","coordinates":[[[-122.4004114,37.7924044],[-122.3999458,37.7924616],[-122.399951,37.7924925],[-122.3999819,37.7926504],[-122.4000174,37.7928309],[-122.4001322,37.7928168],[-122.4002119,37.792807],[-122.4003767,37.7927867],[-122.4005168,37.7927695],[-122.4006151,37.7927574],[-122.4007878,37.7927361],[-122.4009682,37.7927139],[-122.4009358,37.7925499],[-122.400902,37.7923784],[-122.400895,37.7923452],[-122.4005959,37.7923818],[-122.4004114,37.7924044]]]},"properties":{"names":{"primary":"California Center","common":[["kn","ಕ್ಯಾಲಿಫೋರ್ನಿಯಾ ಸೆಂಟರ್"]],"rules":null},"sources":[{"property":"","dataset":"OpenStreetMap","license":"ODbL-1.0","record_id":"w588355355@5","update_time":"2025-06-30T09:16:39.000Z","confidence":null,"between":null}],"height":212.0,"is_underground":false,"num_floors":48,"has_parts":true,"version":2}},
{"id":"db451a53-2f06-4e65-89ca-9e6ac1f72af5","type":"Feature","geometry":{"type":"Polygon","coordinates":[[[-122.4005726,37.792263],[-122.400388,37.7922857],[-122.4004114,37.7924044],[-122.4005959,37.7923818],[-122.4005726,37.792263]]]},"properties":{"sources":[{"property":"","dataset":"OpenStreetMap","license":"ODbL-1.0","record_id":"w944032193@1","update_time":"2021-05-17T21:19:08.000Z","confidence":null,"between":null},{"property":"/properties/height","dataset":"USGS Lidar","license":null,"record_id":null,"update_time":null,"confidence":null,"between":null}],"height":29.7,"is_underground":false,"num_floors":1,"has_parts":false,"version":1}},
{"id":"09db1797-8345-4289-8cdb-cd561c47db61","type":"Feature","geometry":{"type":"Polygon","coordinates":[[[-122.400213,37.7921099],[-122.4004624,37.7920798],[-122.4004132,37.7918243],[-122.4003916,37.7917127],[-122.4002241,37.7917329],[-122.4001422,37.7917428],[-122.4001668,37.7918704],[-122.4001904,37.7919928],[-122.400213,37.7921099]]]},"properties":{"sources":[{"property":"","dataset":"OpenStreetMap","license":"ODbL-1.0","record_id":"w260282396@6","update_time":"2024-03-07T17:31:26.000Z","confidence":null,"between":null}],"height":95.0,"is_underground":false,"has_parts":false,"version":1}},
{"id":"e3d5d197-fac7-4be4-88eb-7dae27c8ca9f","type":"Feature","geometry":{"type":"Polygon","coordinates":[[[-122.4002229,37.7917266],[-122.4002605,37.7917221],[-122.4002124,37.7914711],[-122.4001903,37.7913556],[-122.4001523,37.7913602],[-122.4002229,37.7917266]]]},"properties":{"sources":[{"property":"","dataset":"OpenStreetMap","license":"ODbL-1.0","record_id":"w260282398@3","update_time":"2024-03-07T17:31:26.000Z","confidence":null,"between":null}],"is_underground":false,"num_floors":10,"has_parts":false,"version":1}},
{"id":"c3083abb-f21e-4704-9d05-a92b1e7a1479","type":"Feature","geometry":{"type":"Polygon","coordinates":[[[-122.4003045,37.7907001],[-122.400343,37.7906999],[-122.4003801,37.7906906],[-122.4004121,37.7906731],[-122.4004361,37.7906489],[-122.4004499,37.7906201],[-122.4004523,37.7905894],[-122.4004432,37.7905596],[-122.4004232,37.7905332],[-122.4003943,37.7905126],[-122.4003589,37.7904998],[-122.4003204,37.7904958],[-122.400282,37.790501],[-122.4002477,37.7905147],[-122.4002199,37.7905359],[-122.4002012,37.7905625],[-122.4001932,37.7905923],[-122.4001967,37.7906226],[-122.4002112,37.7906508],[-122.4002355,37.7906744],[-122.4002676,37.7906913],[-122.4003045,37.7907001]]]},"properties":{"names":{"primary":"svb","common":null,"rules":null},"sources":[{"property":"","dataset":"OpenStreetMap","license":"ODbL-1.0","record_id":"w93817360@7","update_time":"2024-07-07T18:32:22.000Z","confidence":null,"between":null}],"height":6.0,"is_underground":false,"has_parts":false,"version":1}},
{"id":"be6c2f55-056f-4276-8bec-b187cd5a3632","type":"Feature","geometry":{"type":"Polygon","coordinates":[[[-122.4004433,37.7915752],[-122.4004301,37.7915768],[-122.4004057,37.7914512],[-122.4005307,37.7914361],[-122.4005585,37.7915793],[-122.4004517,37.7915922],[-122.4004666,37.7916691],[-122.4006103,37.7916517],[-122.4006165,37.7916837],[-122.4007468,37.7916678],[-122.4007549,37.7916669],[-122.4007338,37.791558],[-122.4006904,37.7913347],[-122.400679,37.7913361],[-122.4006721,37.7913029],[-122.4006715,37.7912975],[-122.4001903,37.7913556],[-122.4002124,37.7914711],[-122.4002668,37.7914647],[-122.4002919,37.7915936],[-122.4003155,37.7917152],[-122.4003161,37.7917182],[-122.4004859,37.7916976],[-122.4004804,37.7916693],[-122.400462,37.7916715],[-122.4004433,37.7915752]]]},"properties":{"names":{"primary":"Adam Grant Building","common":null,"rules":null},"sources":[{"property":"","dataset":"OpenStreetMap","license":"ODbL-1.0","record_id":"w260282389@7","update_time":"2024-03-07T17:31:26.000Z","confidence":null,"between":null}],"height":58.0,"is_underground":false,"num_floors":14,"has_parts":false,"version":1}},
{"id":"6f3ed63f-2d3d-4345-82d6-fb258eb92de4","type":"Feature","geometry":{"type":"Polygon","coordinates":[[[-122.40122,37.7916283],[-122.4011464,37.7912496],[-122.4009367,37.791275],[-122.4009109,37.7912783],[-122.4009843,37.7916568],[-122.40122,37.7916283]]]},"properties":{"names":{"primary":"115 Sansome Street","common":null,"rules":null},"sources":[{"property":"","dataset":"OpenStreetMap","license":"ODbL-1.0","record_id":"w256066233@5","update_time":"2024-08-21T00:34:31.000Z","confidence":null,"between":null}],"height":53.0,"is_underground":false,"num_floors":14,"has_parts":false,"version":1}},
{"id":"98915fe7-045c-41e4-a85b-7ead49b70093","type":"Feature","geometry":{"type":"Polygon","coordinates":[[[-122.401086,37.7905869],[-122.4015047,37.79054],[-122.4016065,37.7905277],[-122.4015588,37.790271],[-122.4014593,37.7902822],[-122.4014526,37.7902452],[-122.40103,37.7902904],[-122.40073,37.7903255],[-122.4008004,37.7907024],[-122.4009981,37.790678],[-122.4011,37.7906653],[-122.401086,37.7905869]]]},"properties":{"names":{"primary":"One Sansome Street","common":null,"rules":null},"sources":[{"property":"","dataset":"OpenStreetMap","license":"ODbL-1.0","record_id":"w32963344@9","update_time":"2024-01-31T19:48:10.000Z","confidence":null,"between":null}],"height":171.0,"is_underground":false,"has_parts":true,"version":1}},
{"id":"2d65c12a-33b1-4691-a908-ce05d187eefa","type":"Feature","geometry":{"type":"Polygon","coordinates":[[[-122.4006741,37.7901377],[-122.4009088,37.7901074],[-122.4008729,37.7899162],[-122.4007297,37.7900269],[-122.4006615,37.7900796],[-122.4006741,37.7901377]]]},"properties":{"names":{"primary":"Flatiron Building","common":null,"rules":null},"sources":[{"property":"","dataset":"OpenStreetMap","license":"ODbL-1.0","record_id":"w132125158@9","update_time":"2024-07-07T18:32:22.000Z","confidence":null,"between":null}],"height":38.0,"is_underground":false,"has_parts":false,"version":1}},
{"id":"732e19af-e96f-4788-aba1-b4ec2bac559f","type":"Feature","geometry":{"type":"Polygon","coordinates":[[[-122.4009088,37.7901074],[-122.4009856,37.7900975],[-122.4009431,37.789862],[-122.4008729,37.7899162],[-122.4009088,37.7901074]]]},"properties":{"sources":[{"property":"","dataset":"OpenStreetMap","license":"ODbL-1.0","record_id":"w148712642@3","update_time":"2024-07-07T18:32:22.000Z","confidence":null,"between":null}],"height":15.0,"is_underground":false,"has_parts":false,"version":1}},
{"id":"19671fa2-47ba-47bf-a520-1ea844e4fc01","type":"Feature","geometry":{"type":"Polygon","coordinates":[[[-122.4010519,37.7900889],[-122.4009989,37.7898189],[-122.4009431,37.789862],[-122.4009856,37.7900975],[-122.4010519,37.7900889]]]},"properties":{"sources":[{"property":"","dataset":"OpenStreetMap","license":"ODbL-1.0","record_id":"w148712643@3","update_time":"2024-07-07T18:32:22.000Z","confidence":null,"between":null}],"height":10.0,"is_underground":false,"has_parts":false,"version":1}},
{"id":"cd586ba4-5e7d-4597-8469-65277ed5833e","type":"Feature","geometry":{"type":"Polygon","coordinates":[[[-122.4010998,37.7898512],[-122.4010796,37.7897565],[-122.4009989,37.7898189],[-122.4010519,37.7900889],[-122.4011452,37.7900769],[-122.4011185,37.7899402],[-122.4010881,37.7899442],[-122.4010814,37.7899122],[-122.4011118,37.7899082],[-122.4010998,37.7898512]]]},"properties":{"sources":[{"property":"","dataset":"OpenStreetMap","license":"ODbL-1.0","record_id":"w148712647@4","update_time":"2024-07-07T18:32:22.000Z","confidence":null,"between":null}],"height":14.0,"is_underground":false,"has_parts":false,"version":1}},
{"id":"5b780083-42df-47ac-8d74-bfff51e6fbaa","type":"Feature","geometry":{"type":"Polygon","coordinates":[[[-122.4010998,37.7898512],[-122.4011275,37.789847],[-122.4011473,37.7899362],[-122.4011185,37.7899402],[-122.4011452,37.7900769],[-122.4013464,37.7900509],[-122.4013174,37.7899129],[-122.4012794,37.7899181],[-122.4012596,37.7898288],[-122.4012993,37.7898229],[-122.4012944,37.7898015],[-122.4012608,37.7896166],[-122.401245,37.7896275],[-122.401232,37.789638],[-122.401218,37.7896488],[-122.401206,37.7896583],[-122.401193,37.7896677],[-122.40118,37.7896781],[-122.401173,37.7896838],[-122.4011695,37.7896866],[-122.401166,37.7896889],[-122.401147,37.7897036],[-122.40113,37.789717],[-122.401115,37.7897282],[-122.401101,37.7897394],[-122.401087,37.7897497],[-122.4010796,37.7897565],[-122.4010998,37.7898512]]]},"properties":{"sources":[{"property":"","dataset":"OpenStreetMap","license":"ODbL-1.0","record_id":"w148712640@5","update_time":"2025-12-25T04:34:54.000Z","confidence":null,"between":null}],"height":32.0,"is_underground":false,"has_parts":false,"version":1}},
{"id":"f5b6e9e9-6ec0-4d17-9397-a3eb0045fcfa","type":"Feature","geometry":{"type":"Polygon","coordinates":[[[-122.4006253,37.7893603],[-122.4007912,37.7894926],[-122.4009599,37.7893605],[-122.401125,37.7892312],[-122.4009617,37.789101],[-122.400792,37.7889657],[-122.4006213,37.7890994],[-122.4004583,37.7892271],[-122.4006253,37.7893603]]]},"properties":{"sources":[{"property":"","dataset":"OpenStreetMap","license":"ODbL-1.0","record_id":"w941649701@2","update_time":"2024-07-07T18:57:07.000Z","confidence":null,"between":null}],"height":125.0,"is_underground":false,"num_floors":28,"has_parts":true,"version":1}},
{"id":"5ac77040-9ccb-4d41-877b-9486803e81c1","type":"Feature","geometry":{"type":"Polygon","coordinates":[[[-122.4003163,37.7893075],[-122.4006706,37.7895905],[-122.4007912,37.7894926],[-122.4006253,37.7893603],[-122.4004583,37.7892271],[-122.4004399,37.7892154],[-122.4003163,37.7893075]]]},"properties":{"sources":[{"property":"","dataset":"OpenStreetMap","license":"ODbL-1.0","record_id":"w260318172@4","update_time":"2021-05-11T01:12:16.000Z","confidence":null,"between":null}],"height":14.0,"is_underground":false,"has_parts":false,"version":1}},
{"id":"c9d3c5dd-ecf8-4f47-bff0-0771d4ea5f79","type":"Feature","geometry":{"type":"Polygon","coordinates":[[[-122.4000799,37.7894923],[-122.400445,37.789784],[-122.4006275,37.7896414],[-122.4006166,37.7896327],[-122.4006706,37.7895905],[-122.4003163,37.7893075],[-122.4000799,37.7894923]]]},"properties":{"names":{"primary":"Chevron Tower","common":null,"rules":[{"variant":"alternate","language":null,"perspectives":null,"value":"575 Market Street","between":null,"side":null}]},"sources":[{"property":"","dataset":"OpenStreetMap","license":"ODbL-1.0","record_id":"w32963382@10","update_time":"2024-07-07T18:57:07.000Z","confidence":null,"between":null}],"height":175.0,"is_underground":false,"num_floors":40,"has_parts":false,"version":1}},
{"id":"b9b65077-2f05-4bdf-8292-ece9fd1c7998","type":"Feature","geometry":{"type":"Polygon","coordinates":[[[-122.4001596,37.7889706],[-122.4003229,37.7890996],[-122.4003424,37.7890844],[-122.4003638,37.7890677],[-122.4001993,37.7889408],[-122.4001596,37.7889706]]]},"properties":{"sources":[{"property":"","dataset":"OpenStreetMap","license":"ODbL-1.0","record_id":"w1010864204@1","update_time":"2021-12-10T05:38:08.000Z","confidence":null,"between":null},{"property":"/properties/height","dataset":"USGS Lidar","license":null,"record_id":null,"update_time":null,"confidence":null,"between":null}],"height":30.2,"is_underground":false,"has_parts":false,"version":1}},
{"id":"471fe608-4368-4ea0-b8a5-e09eef0328db","type":"Feature","geometry":{"type":"Polygon","coordinates":[[[-122.3999859,37.7890927],[-122.400183,37.7892482],[-122.4003469,37.7891185],[-122.4003229,37.7890996],[-122.4001596,37.7889706],[-122.4001499,37.7889629],[-122.4000589,37.7890349],[-122.3999859,37.7890927]]]},"properties":{"sources":[{"property":"","dataset":"OpenStreetMap","license":"ODbL-1.0","record_id":"w149840696@4","update_time":"2021-12-10T05:38:08.000Z","confidence":null,"between":null}],"height":9.0,"is_underground":false,"has_parts":false,"version":1}},
{"id":"f3404e57-4548-4834-9ceb-2696beb28890","type":"Feature","geometry":{"type":"Polygon","coordinates":[[[-122.3998806,37.7891759],[-122.4000779,37.7893304],[-122.400183,37.7892482],[-122.3999859,37.7890927],[-122.3999738,37.7891023],[-122.3998806,37.7891759]]]},"properties":{"sources":[{"property":"","dataset":"OpenStreetMap","license":"ODbL-1.0","record_id":"w149840695@4","update_time":"2020-07-09T04:52:17.000Z","confidence":null,"between":null}],"height":11.0,"is_underground":false,"has_parts":false,"version":1}},
{"id":"acd4d750-342b-4860-bc2a-620cb3cab190","type":"Feature","geometry":{"type":"Polygon","coordinates":[[[-122.3998196,37.7889806],[-122.3999738,37.7891023],[-122.3999859,37.7890927],[-122.4000589,37.7890349],[-122.400034,37.7890153],[-122.4000627,37.7889927],[-122.3999333,37.7888906],[-122.3998196,37.7889806]]]},"properties":{"sources":[{"property":"","dataset":"OpenStreetMap","license":"ODbL-1.0","record_id":"w149840698@4","update_time":"2020-07-09T04:28:11.000Z","confidence":null,"between":null}],"height":14.0,"is_underground":false,"has_parts":false,"version":1}},
{"id":"6bf31866-7e30-4fe9-9a4e-18668123ccfe","type":"Feature","geometry":{"type":"Polygon","coordinates":[[[-122.3997469,37.7895945],[-122.399984,37.7894053],[-122.4000779,37.7893304],[-122.3998806,37.7891759],[-122.3998386,37.7892093],[-122.3997664,37.7891528],[-122.3997143,37.7891942],[-122.399631,37.789129],[-122.3993939,37.7893181],[-122.3995284,37.7894234],[-122.3997469,37.7895945]]]},"properties":{"names":{"primary":"Stevenson Place","common":null,"rules":null},"sources":[{"property":"","dataset":"OpenStreetMap","license":"ODbL-1.0","record_id":"w149840694@6","update_time":"2017-10-04T20:18:57.000Z","confidence":null,"between":null}],"level":1,"height":103.0,"is_underground":false,"has_parts":false,"version":1}},
{"id":"058c772e-2ecf-43e7-a3f8-459323c3e150","type":"Feature","geometry":{"type":"Polygon","coordinates":[[[-122.3996012,37.7900917],[-122.3996473,37.7900551],[-122.39999,37.7897831],[-122.400059,37.7897283],[-122.3999176,37.7896171],[-122.3994598,37.7899804],[-122.3996012,37.7900917]]]},"properties":{"sources":[{"property":"","dataset":"OpenStreetMap","license":"ODbL-1.0","record_id":"w149840697@3","update_time":"2025-06-30T15:25:20.000Z","confidence":null,"between":null},{"property":"/properties/height","dataset":"USGS Lidar","license":null,"record_id":null,"update_time":null,"confidence":null,"between":null}],"height":29.9,"is_underground":false,"num_floors":6,"has_parts":false,"version":2}},
{"id":"0a8b87b6-4eb8-4225-8c56-8936a39b973e","type":"Feature","geometry":{"type":"Polygon","coordinates":[[[-122.3998612,37.7902235],[-122.4002039,37.7899514],[-122.4001454,37.7899054],[-122.39999,37.7897831],[-122.3996473,37.7900551],[-122.3998612,37.7902235]]]},"properties":{"names":{"primary":"555 Market Street","common":null,"rules":null},"sources":[{"property":"","dataset":"OpenStreetMap","license":"ODbL-1.0","record_id":"w32946577@7","update_time":"2026-01-30T21:00:15.000Z","confidence":null,"between":null}],"height":104.0,"is_underground":false,"has_parts":false,"version":1}},
{"id":"b9238be3-f1c5-47ef-ba29-7ce93c1c0e2d","type":"Feature","geometry":{"type":"Polygon","coordinates":[[[-122.3997231,37.7911563],[-122.4004371,37.7910642],[-122.4003965,37.7908674],[-122.4001828,37.7908949],[-122.4001688,37.7908273],[-122.4002005,37.7908232],[-122.4001841,37.7907438],[-122.3999189,37.790778],[-122.3999365,37.7908631],[-122.3999708,37.7908587],[-122.399984,37.7909225],[-122.3996829,37.7909613],[-122.3997231,37.7911563]]]},"properties":{"names":{"primary":"Crown-Zellerbach Building","common":null,"rules":null},"sources":[{"property":"","dataset":"OpenStreetMap","license":"ODbL-1.0","record_id":"w93817367@6","update_time":"2018-01-26T00:18:29.000Z","confidence":null,"between":null}],"height":99.0,"is_underground":false,"has_parts":false,"version":1}},
{"id":"a61d61e0-573b-45dc-9905-b67f495af42d","type":"Feature","geometry":{"type":"Polygon","coordinates":[[[-122.3995962,37.7903583],[-122.3995993,37.7903591],[-122.3996026,37.7903592],[-122.3996058,37.7903584],[-122.3996085,37.790357],[-122.3996105,37.7903549],[-122.3996116,37.7903524],[-122.3996117,37.7903498],[-122.3996108,37.7903473],[-122.3996087,37.790345],[-122.3996057,37.7903433],[-122.3996021,37.7903426],[-122.3995985,37.7903428],[-122.3995952,37.790344],[-122.3995926,37.790346],[-122.399591,37.7903486],[-122.3995906,37.7903515],[-122.3995915,37.7903543],[-122.3995936,37.7903567],[-122.3995962,37.7903583]]]},"properties":{"sources":[{"property":"","dataset":"OpenStreetMap","license":"ODbL-1.0","record_id":"w941650783@2","update_time":"2024-09-04T20:24:01.000Z","confidence":null,"between":null}],"is_underground":false,"facade_material":"metal","has_parts":false,"version":1}},
{"id":"1a57200c-faef-4d19-aae4-ffb92666fb6b","type":"Feature","geometry":{"type":"Polygon","coordinates":[[[-122.3995345,37.7904151],[-122.3995461,37.7904057],[-122.399446,37.7903252],[-122.3994404,37.7903207],[-122.3994128,37.7903422],[-122.3995199,37.790427],[-122.3995345,37.7904151]]]},"properties":{"sources":[{"property":"","dataset":"OpenStreetMap","license":"ODbL-1.0","record_id":"w1313339504@1","update_time":"2024-09-04T20:24:01.000Z","confidence":null,"between":null}],"is_underground":false,"num_floors":1,"facade_material":"glass","roof_shape":"skillion","has_parts":false,"version":1}},
{"id":"501fff86-6388-41b9-962b-b0278fd02bcb","type":"Feature","geometry":{"type":"Polygon","coordinates":[[[-122.3994404,37.7903207],[-122.3994829,37.7902863],[-122.3994699,37.790276],[-122.3994597,37.7902678],[-122.3994455,37.7902566],[-122.3993832,37.790207],[-122.3994327,37.7901681],[-122.3993965,37.7901394],[-122.3992917,37.7902217],[-122.3992685,37.7902032],[-122.3992517,37.7902163],[-122.3993907,37.7903249],[-122.3994128,37.7903422],[-122.3994404,37.7903207]]]},"properties":{"sources":[{"property":"","dataset":"OpenStreetMap","license":"ODbL-1.0","record_id":"w941650784@3","update_time":"2025-04-09T10:42:25.000Z","confidence":null,"between":null},{"property":"/properties/height","dataset":"USGS Lidar","license":null,"record_id":null,"update_time":null,"confidence":null,"between":null}],"height":10.1,"is_underground":false,"has_parts":false,"version":1}},
{"id":"01bee8e8-8bfd-4e66-a9a6-2bb3d55caa19","type":"Feature","geometry":{"type":"Polygon","coordinates":[[[-122.399124,37.7908456],[-122.3995858,37.7904792],[-122.3994128,37.7903422],[-122.3993907,37.7903249],[-122.3992517,37.7902163],[-122.3992122,37.7901852],[-122.399192,37.7901693],[-122.3987302,37.7905357],[-122.399124,37.7908456]]]},"properties":{"names":{"primary":"First Market Tower","common":null,"rules":null},"sources":[{"property":"","dataset":"OpenStreetMap","license":"ODbL-1.0","record_id":"w32946570@10","update_time":"2025-04-09T10:42:25.000Z","confidence":null,"between":null}],"height":169.0,"is_underground":false,"num_floors":39,"has_parts":false,"version":1}},
{"id":"cea509e8-bbde-490f-8880-2cb83355376d","type":"Feature","geometry":{"type":"Polygon","coordinates":[[[-122.3990938,37.789737],[-122.3991237,37.7897604],[-122.3993989,37.7895409],[-122.399257,37.7894298],[-122.3990061,37.78963],[-122.399118,37.7897176],[-122.3990938,37.789737]]]},"properties":{"sources":[{"property":"","dataset":"OpenStreetMap","license":"ODbL-1.0","record_id":"w260298023@5","update_time":"2026-04-21T22:33:03.000Z","confidence":null,"between":null}],"height":24.0,"is_underground":false,"has_parts":false,"version":1}},
{"id":"8206b91d-9a91-4b4a-ae3f-452bcfb73a8a","type":"Feature","geometry":{"type":"Polygon","coordinates":[[[-122.3993753,37.7898892],[-122.399665,37.789658],[-122.3994773,37.7895111],[-122.3994372,37.7895431],[-122.3994165,37.7895269],[-122.3993989,37.7895409],[-122.3991237,37.7897604],[-122.3992865,37.7898878],[-122.3992905,37.7898847],[-122.3993069,37.7898975],[-122.3993218,37.7898855],[-122.3993314,37.7898931],[-122.3993403,37.789886],[-122.3993545,37.7898972],[-122.3993698,37.7898849],[-122.3993753,37.7898892]]]},"properties":{"sources":[{"property":"","dataset":"OpenStreetMap","license":"ODbL-1.0","record_id":"w149837256@6","update_time":"2018-01-25T19:25:16.000Z","confidence":null,"between":null}],"height":60.0,"is_underground":false,"subtype":"commercial","class":"commercial","has_parts":false,"version":1}},
{"id":"3a773608-8e3e-415e-825f-09741a4b45c5","type":"Feature","geometry":{"type":"Polygon","coordinates":[[[-122.3995284,37.7894234],[-122.3993939,37.7893181],[-122.3992637,37.789422],[-122.3993982,37.7895273],[-122.3994476,37.7894878],[-122.3995172,37.7894323],[-122.3995284,37.7894234]]]},"properties":{"sources":[{"property":"","dataset":"OpenStreetMap","license":"ODbL-1.0","record_id":"w260298022@2","update_time":"2017-02-13T12:21:34.000Z","confidence":null,"between":null}],"height":98.0,"is_underground":false,"has_parts":false,"version":1}},
{"id":"79f53be9-c90d-491a-8761-39991a1a19d0","type":"Feature","geometry":{"type":"Polygon","coordinates":[[[-122.3994773,37.7895111],[-122.399665,37.789658],[-122.3997346,37.7896025],[-122.3995172,37.7894323],[-122.3994476,37.7894878],[-122.3994773,37.7895111]]]},"properties":{"sources":[{"property":"","dataset":"OpenStreetMap","license":"ODbL-1.0","record_id":"w149840693@1","update_time":"2014-02-06T15:37:26.000Z","confidence":null,"between":null},{"property":"/properties/height","dataset":"USGS Lidar","license":null,"record_id":null,"update_time":null,"confidence":null,"between":null}],"height":27.0,"is_underground":false,"has_parts":false,"version":1}},
{"id":"d03e050f-89ad-449f-bc33-a606e8100698","type":"Feature","geometry":{"type":"Polygon","coordinates":[[[-122.399555,37.7890731],[-122.3998563,37.788828],[-122.3994002,37.7884923],[-122.3991089,37.7887266],[-122.399555,37.7890731]]]},"properties":{"names":{"primary":"JPMorgan Chase Building","common":null,"rules":null},"sources":[{"property":"","dataset":"OpenStreetMap","license":"ODbL-1.0","record_id":"w79377216@5","update_time":"2023-05-27T00:34:26.000Z","confidence":null,"between":null}],"height":128.0,"is_underground":false,"num_floors":30,"has_parts":false,"version":1}},
{"id":"d5c80005-5984-4732-870d-190160a75e42","type":"Feature","geometry":{"type":"Polygon","coordinates":[[[-122.3995007,37.7880731],[-122.39959,37.7880021],[-122.3993735,37.7878317],[-122.3992826,37.7879019],[-122.3995007,37.7880731]]]},"properties":{"sources":[{"property":"","dataset":"OpenStreetMap","license":"ODbL-1.0","record_id":"w80296724@5","update_time":"2023-05-27T00:34:26.000Z","confidence":null,"between":null}],"height":99.0,"is_underground":false,"has_parts":false,"version":1}},
{"id":"0c8db00e-5f4a-4717-96e8-9fdad7bd9adf","type":"Feature","geometry":{"type":"Polygon","coordinates":[[[-122.3991723,37.7880974],[-122.3993127,37.7882346],[-122.3995007,37.7880731],[-122.3992826,37.7879019],[-122.3991921,37.7879753],[-122.3990394,37.7878585],[-122.3989317,37.7879387],[-122.3990689,37.7880214],[-122.3991723,37.7880974]]]},"properties":{"sources":[{"property":"","dataset":"OpenStreetMap","license":"ODbL-1.0","record_id":"w80296716@5","update_time":"2023-05-27T00:34:26.000Z","confidence":null,"between":null}],"height":99.0,"is_underground":false,"num_floors":24,"has_parts":false,"version":1}},
{"id":"e2599191-7cea-4689-9610-cbf2d5a63bef","type":"Feature","geometry":{"type":"Polygon","coordinates":[[[-122.3993673,37.7878243],[-122.3992198,37.7877062],[-122.399035,37.7878466],[-122.3991908,37.7879645],[-122.3993673,37.7878243]]]},"properties":{"names":{"primary":"The Rapp Building","common":null,"rules":null},"sources":[{"property":"","dataset":"OpenStreetMap","license":"ODbL-1.0","record_id":"w80296751@6","update_time":"2023-05-27T00:34:26.000Z","confidence":null,"between":null}],"height":27.0,"is_underground":false,"has_parts":false,"version":1}},
{"id":"b0e40f1e-a102-4951-9aab-a4ec1fd4852c","type":"Feature","geometry":{"type":"Polygon","coordinates":[[[-122.3993815,37.7871291],[-122.3993015,37.7870653],[-122.3990505,37.7872615],[-122.3991875,37.7873714],[-122.3993695,37.7872295],[-122.3993115,37.7871835],[-122.3993815,37.7871291]]]},"properties":{"sources":[{"property":"","dataset":"OpenStreetMap","license":"ODbL-1.0","record_id":"w80296743@5","update_time":"2023-08-01T20:13:46.000Z","confidence":null,"between":null}],"height":20.0,"is_underground":false,"has_parts":false,"version":1}},
{"id":"f8b0ed1c-ac29-454f-940f-f89ffe6cb6bb","type":"Feature","geometry":{"type":"Polygon","coordinates":[[[-122.3990505,37.7872615],[-122.3993015,37.7870653],[-122.3991865,37.7869731],[-122.3989345,37.7871694],[-122.3990505,37.7872615]]]},"properties":{"names":{"primary":"Startup HQ","common":null,"rules":null},"sources":[{"property":"","dataset":"OpenStreetMap","license":"ODbL-1.0","record_id":"w79377182@6","update_time":"2023-10-01T18:48:10.000Z","confidence":null,"between":null}],"height":25.0,"is_underground":false,"has_parts":false,"version":1}},
{"id":"20dd1992-de37-47fa-946b-1398a0022c6b","type":"Feature","geometry":{"type":"Polygon","coordinates":[[[-122.3991649,37.7868645],[-122.3994076,37.7866729],[-122.3990134,37.786361],[-122.3988595,37.7864824],[-122.3990534,37.7866359],[-122.3990304,37.786654],[-122.3990863,37.7866982],[-122.3990204,37.7867501],[-122.3991649,37.7868645]]]},"properties":{"sources":[{"property":"","dataset":"OpenStreetMap","license":"ODbL-1.0","record_id":"w79377152@6","update_time":"2023-07-02T04:55:16.000Z","confidence":null,"between":null}],"height":46.0,"is_underground":false,"has_parts":false,"version":1}},
{"id":"942355b1-29ab-4d62-affa-d0a23d2253f9","type":"Feature","geometry":{"type":"Polygon","coordinates":[[[-122.3997087,37.7861275],[-122.3996563,37.7860867],[-122.3996238,37.7861128],[-122.3994634,37.7859879],[-122.3991508,37.7862386],[-122.3995445,37.7865452],[-122.3998896,37.7862684],[-122.3998538,37.7862405],[-122.3997563,37.7861646],[-122.3997087,37.7861275]]]},"properties":{"names":{"primary":"Academy of Art University - Game Development","common":null,"rules":null},"sources":[{"property":"","dataset":"OpenStreetMap","license":"ODbL-1.0","record_id":"w80296763@13","update_time":"2026-05-31T16:55:17.000Z","confidence":null,"between":null}],"height":31.0,"is_underground":false,"num_floors":8,"subtype":"education","has_parts":false,"version":1}},
{"id":"e5e0b3ad-b37e-4c9c-b9cc-e3fba51740b2","type":"Feature","geometry":{"type":"Polygon","coordinates":[[[-122.3994845,37.7867396],[-122.3992915,37.7868906],[-122.3996865,37.7872061],[-122.3998795,37.7870551],[-122.3994845,37.7867396]]]},"properties":{"sources":[{"property":"","dataset":"OpenStreetMap","license":"ODbL-1.0","record_id":"w79377160@9","update_time":"2023-08-01T20:13:46.000Z","confidence":null,"between":null}],"height":27.0,"is_underground":false,"num_floors":6,"has_parts":false,"version":1}},
{"id":"b9b8e410-db75-4250-86f4-d0759613676b","type":"Feature","geometry":{"type":"Polygon","coordinates":[[[-122.3993815,37.7871291],[-122.3995805,37.7872887],[-122.3996865,37.7872061],[-122.3992915,37.7868906],[-122.3991865,37.7869731],[-122.3993015,37.7870653],[-122.3993815,37.7871291]]]},"properties":{"sources":[{"property":"","dataset":"OpenStreetMap","license":"ODbL-1.0","record_id":"w149606032@3","update_time":"2023-08-01T20:13:46.000Z","confidence":null,"between":null}],"height":14.0,"is_underground":false,"has_parts":false,"version":1}},
{"id":"b0ca1fc9-9e69-4608-8166-1d00531ca8dc","type":"Feature","geometry":{"type":"Polygon","coordinates":[[[-122.3991875,37.7873714],[-122.3993295,37.7874849],[-122.3995805,37.7872887],[-122.3993815,37.7871291],[-122.3993115,37.7871835],[-122.3993695,37.7872295],[-122.3991875,37.7873714]]]},"properties":{"sources":[{"property":"","dataset":"OpenStreetMap","license":"ODbL-1.0","record_id":"w79377218@5","update_time":"2023-08-01T20:13:46.000Z","confidence":null,"between":null}],"height":25.0,"is_underground":false,"has_parts":false,"version":1}},
{"id":"5e4f4f54-9d51-4759-9091-1510ebc10864","type":"Feature","geometry":{"type":"Polygon","coordinates":[[[-122.3995995,37.7873965],[-122.3994165,37.7875419],[-122.3995606,37.7876558],[-122.399744,37.7875104],[-122.3995995,37.7873965]]]},"properties":{"sources":[{"property":"","dataset":"OpenStreetMap","license":"ODbL-1.0","record_id":"w80296711@5","update_time":"2023-08-01T20:13:46.000Z","confidence":null,"between":null}],"height":18.0,"is_underground":false,"has_parts":false,"version":1}},
{"id":"a7cfe57f-5dfe-4771-982a-7c8a269b59ef","type":"Feature","geometry":{"type":"Polygon","coordinates":[[[-122.4001051,37.7876154],[-122.3997135,37.7873065],[-122.3995995,37.7873965],[-122.399744,37.7875104],[-122.3999916,37.7877054],[-122.4001051,37.7876154]]]},"properties":{"sources":[{"property":"","dataset":"OpenStreetMap","license":"ODbL-1.0","record_id":"w79377180@5","update_time":"2023-08-01T20:13:46.000Z","confidence":null,"between":null}],"height":26.0,"is_underground":false,"has_parts":false,"version":1}},
{"id":"f724852a-9a45-4215-9ba2-7ca545b89299","type":"Feature","geometry":{"type":"Polygon","coordinates":[[[-122.3999803,37.7865397],[-122.3998725,37.7864549],[-122.3998149,37.7865007],[-122.3998101,37.7864969],[-122.3998023,37.7864908],[-122.3996519,37.7866102],[-122.4000448,37.7869194],[-122.4004051,37.7866334],[-122.4002867,37.7865402],[-122.4000329,37.7867416],[-122.4000019,37.7867173],[-122.4000375,37.786689],[-122.4000297,37.7866829],[-122.4000947,37.7866311],[-122.4000148,37.7865685],[-122.399994,37.786585],[-122.3999816,37.7865754],[-122.399919,37.7866253],[-122.399902,37.7866119],[-122.3999292,37.7865903],[-122.3999229,37.7865853],[-122.3999803,37.7865397]]]},"properties":{"names":{"primary":"140 New Montgomery","common":null,"rules":[{"variant":"alternate","language":null,"perspectives":null,"value":"PacBell Building","between":null,"side":null}]},"sources":[{"property":"","dataset":"OpenStreetMap","license":"ODbL-1.0","record_id":"w80296766@8","update_time":"2023-05-01T06:16:36.000Z","confidence":null,"between":null},{"property":"/properties/height","dataset":"USGS Lidar","license":null,"record_id":null,"update_time":null,"confidence":null,"between":null}],"height":126.6,"is_underground":false,"num_floors":26,"subtype":"commercial","class":"commercial","has_parts":true,"version":1}},
{"id":"5d68b95b-1218-4fe9-8a75-71b2ccea79b0","type":"Feature","geometry":{"type":"Polygon","coordinates":[[[-122.4000605,37.787197],[-122.3999555,37.7871141],[-122.3998015,37.7872364],[-122.3999897,37.787385],[-122.4001439,37.7872627],[-122.4000605,37.787197]]]},"properties":{"sources":[{"property":"","dataset":"OpenStreetMap","license":"ODbL-1.0","record_id":"w80296713@6","update_time":"2023-08-01T20:13:46.000Z","confidence":null,"between":null}],"height":27.0,"is_underground":false,"has_parts":false,"version":1}},
{"id":"908ae310-09b8-4a2f-8d61-ef9dd4eb2d3c","type":"Feature","geometry":{"type":"Polygon","coordinates":[[[-122.4001501,37.7875797],[-122.4003476,37.7874231],[-122.4001784,37.7872898],[-122.4001439,37.7872627],[-122.3999897,37.787385],[-122.3998015,37.7872364],[-122.3997135,37.7873065],[-122.4001051,37.7876154],[-122.4001501,37.7875797]]]},"properties":{"sources":[{"property":"","dataset":"OpenStreetMap","license":"ODbL-1.0","record_id":"w79377206@5","update_time":"2023-08-01T20:13:46.000Z","confidence":null,"between":null}],"height":26.0,"is_underground":false,"has_parts":false,"version":1}},
{"id":"18c27cdf-6c4c-4b85-a712-d9d20d4163ff","type":"Feature","geometry":{"type":"Polygon","coordinates":[[[-122.4000215,37.7880232],[-122.4001688,37.7881336],[-122.400228,37.7880873],[-122.400082,37.7879739],[-122.4000215,37.7880232]]]},"properties":{"sources":[{"property":"","dataset":"OpenStreetMap","license":"ODbL-1.0","record_id":"w79377158@5","update_time":"2021-05-05T19:40:14.000Z","confidence":null,"between":null}],"height":9.0,"is_underground":false,"has_parts":false,"version":1}},
{"id":"d68dccb1-8f2d-4a99-be0f-86dcd32e3f28","type":"Feature","geometry":{"type":"Polygon","coordinates":[[[-122.3995606,37.7876558],[-122.3998083,37.7878508],[-122.3998344,37.7878301],[-122.399876,37.7877971],[-122.399923,37.7877598],[-122.3999628,37.7877283],[-122.3999916,37.7877054],[-122.399744,37.7875104],[-122.3995606,37.7876558]]]},"properties":{"sources":[{"property":"","dataset":"OpenStreetMap","license":"ODbL-1.0","record_id":"w79377193@7","update_time":"2018-01-25T18:39:38.000Z","confidence":null,"between":null}],"height":24.0,"is_underground":false,"has_parts":false,"version":1}},
{"id":"6c195cdb-96c9-4f49-921f-a46bf8277818","type":"Feature","geometry":{"type":"Polygon","coordinates":[[[-122.4000139,37.7883324],[-122.3998114,37.7881756],[-122.3995374,37.7883966],[-122.3999424,37.7887102],[-122.4001649,37.7885307],[-122.4002164,37.7884892],[-122.4000139,37.7883324]],[[-122.3997368,37.7883874],[-122.399773,37.7883589],[-122.4000077,37.7885453],[-122.3999715,37.7885738],[-122.3997368,37.7883874]]]},"properties":{"names":{"primary":"Wells Fargo Building;Pacific Telephone Building","common":null,"rules":[{"variant":"alternate","language":null,"perspectives":null,"value":"Wells Fargo Building;Pacific Telephone Building","between":null,"side":null}]},"sources":[{"property":"","dataset":"OpenStreetMap","license":"ODbL-1.0","record_id":"r15336268@1","update_time":"2023-01-19T02:59:00.000Z","confidence":null,"between":null}],"height":38.0,"is_underground":false,"num_floors":8,"subtype":"commercial","class":"commercial","has_parts":false,"version":2}},
{"id":"e8d1c9cd-e46a-4ded-ae78-b0ed1316c762","type":"Feature","geometry":{"type":"Polygon","coordinates":[[[-122.400571,37.7889471],[-122.4006845,37.7888553],[-122.4002744,37.7885387],[-122.4001733,37.7886205],[-122.400181,37.7886264],[-122.4001505,37.7886511],[-122.4001428,37.7886452],[-122.3999834,37.7887742],[-122.4001993,37.7889408],[-122.4003638,37.7890677],[-122.4003936,37.7890907],[-122.4005286,37.7889815],[-122.4005191,37.7889741],[-122.4005615,37.7889398],[-122.400571,37.7889471]]]},"properties":{"sources":[{"property":"","dataset":"OpenStreetMap","license":"ODbL-1.0","record_id":"w79377189@6","update_time":"2021-12-10T05:38:08.000Z","confidence":null,"between":null}],"height":100.0,"is_underground":false,"num_floors":26,"has_parts":false,"version":1}},
{"id":"db93d683-f265-4587-9f15-57aa58a329b9","type":"Feature","geometry":{"type":"Polygon","coordinates":[[[-122.4001688,37.7881336],[-122.4002927,37.7882289],[-122.400441,37.7881117],[-122.4003183,37.7880148],[-122.400228,37.7880873],[-122.4001688,37.7881336]]]},"properties":{"sources":[{"property":"","dataset":"OpenStreetMap","license":"ODbL-1.0","record_id":"w148285590@4","update_time":"2021-05-05T19:40:14.000Z","confidence":null,"between":null}],"height":9.0,"is_underground":false,"has_parts":false,"version":1}},
{"id":"3c2d4956-eafb-4593-bb7f-6f429874d4a7","type":"Feature","geometry":{"type":"Polygon","coordinates":[[[-122.400082,37.7879739],[-122.400228,37.7880873],[-122.4003183,37.7880148],[-122.4003344,37.7880018],[-122.4001911,37.7878864],[-122.400082,37.7879739]]]},"properties":{"sources":[{"property":"","dataset":"OpenStreetMap","license":"ODbL-1.0","record_id":"w79377188@8","update_time":"2021-05-05T19:40:14.000Z","confidence":null,"between":null}],"height":41.0,"is_underground":false,"num_floors":11,"has_parts":false,"version":1}},
{"id":"b80cca94-c12d-4585-a719-4eaf309b455a","type":"Feature","geometry":{"type":"Polygon","coordinates":[[[-122.400441,37.7881117],[-122.4002927,37.7882289],[-122.400344,37.7882685],[-122.4004933,37.788153200000004],[-122.400441,37.7881117]]]},"properties":{"sources":[{"property":"","dataset":"OpenStreetMap","license":"ODbL-1.0","record_id":"w79377177@5","update_time":"2021-05-05T19:40:14.000Z","confidence":null,"between":null}],"height":13.0,"is_underground":false,"has_parts":false,"version":1}},
{"id":"fbec3e86-015e-4041-90ff-070f659f7849","type":"Feature","geometry":{"type":"Polygon","coordinates":[[[-122.400344,37.7882685],[-122.400414,37.7883265],[-122.4005752,37.7881958],[-122.4005067,37.7881406],[-122.4004933,37.788153200000004],[-122.400344,37.7882685]]]},"properties":{"sources":[{"property":"","dataset":"OpenStreetMap","license":"ODbL-1.0","record_id":"w79377224@8","update_time":"2023-10-01T17:08:55.000Z","confidence":null,"between":null}],"height":13.0,"is_underground":false,"has_parts":false,"version":1}},
{"id":"276272f6-e8e7-4e97-b611-568fe350b0d8","type":"Feature","geometry":{"type":"Polygon","coordinates":[[[-122.4009285,37.7879218],[-122.4005445,37.7876124],[-122.4001911,37.7878864],[-122.4003344,37.7880018],[-122.4005067,37.7881406],[-122.4005752,37.7881958],[-122.4009285,37.7879218]],[[-122.4005055,37.7877813],[-122.4006768,37.7879204],[-122.4005634,37.7880076],[-122.4003921,37.7878685],[-122.4005055,37.7877813]]]},"properties":{"names":{"primary":"Academy of Art University - Academy Resource Center","common":null,"rules":null},"sources":[{"property":"","dataset":"OpenStreetMap","license":"ODbL-1.0","record_id":"r3493148@3","update_time":"2021-05-05T19:40:14.000Z","confidence":null,"between":null},{"property":"/properties/height","dataset":"Microsoft ML Buildings","license":"ODbL-1.0","record_id":null,"update_time":"2023-09-01T00:00:00.000Z","confidence":0.9488000273704529,"between":null}],"height":17.479509353637695,"is_underground":false,"has_parts":false,"version":3}},
{"id":"59a7a825-fcdf-40ea-ab09-7ea4a47ba241","type":"Feature","geometry":{"type":"Polygon","coordinates":[[[-122.4006341,37.7882921],[-122.4004903,37.7884029],[-122.4006116,37.7885012],[-122.4007439,37.7883992],[-122.4007554,37.7883904],[-122.4006341,37.7882921]]]},"properties":{"sources":[{"property":"","dataset":"OpenStreetMap","license":"ODbL-1.0","record_id":"w79377153@7","update_time":"2018-01-25T19:25:12.000Z","confidence":null,"between":null}],"height":21.0,"is_underground":false,"has_parts":false,"version":1}},
{"id":"977de540-ee21-4b42-adf6-efaa3e40ed73","type":"Feature","geometry":{"type":"Polygon","coordinates":[[[-122.4007439,37.7883992],[-122.4006116,37.7885012],[-122.4006678,37.7885467],[-122.4008114,37.788436],[-122.4007812,37.7884116],[-122.40077,37.7884203],[-122.4007439,37.7883992]]]},"properties":{"sources":[{"property":"","dataset":"OpenStreetMap","license":"ODbL-1.0","record_id":"w148285584@3","update_time":"2018-01-25T19:25:14.000Z","confidence":null,"between":null}],"height":17.0,"is_underground":false,"has_parts":false,"version":1}},
{"id":"eaa92a14-f4ac-493c-97ba-1517e0847f09","type":"Feature","geometry":{"type":"Polygon","coordinates":[[[-122.4009467,37.7884322],[-122.4008832,37.7883808],[-122.4008114,37.788436],[-122.4006678,37.7885467],[-122.4007313,37.7885981],[-122.4009467,37.7884322]]]},"properties":{"sources":[{"property":"","dataset":"OpenStreetMap","license":"ODbL-1.0","record_id":"w79377203@10","update_time":"2023-05-24T01:19:36.000Z","confidence":null,"between":null}],"height":18.0,"is_underground":false,"has_parts":false,"version":1}},
{"id":"70b1ead7-e10d-45aa-84a1-ca28f4cfde4e","type":"Feature","geometry":{"type":"Polygon","coordinates":[[[-122.4008144,37.7886655],[-122.4010297,37.7884995],[-122.4009467,37.7884322],[-122.4007313,37.7885981],[-122.4008144,37.7886655]]]},"properties":{"sources":[{"property":"","dataset":"OpenStreetMap","license":"ODbL-1.0","record_id":"w79377219@6","update_time":"2018-01-25T19:25:13.000Z","confidence":null,"between":null}],"height":11.0,"is_underground":false,"has_parts":false,"version":1}},
{"id":"06a41feb-34d8-48b5-b2e0-66ef04b3cc68","type":"Feature","geometry":{"type":"Polygon","coordinates":[[[-122.400878,37.788717],[-122.401126,37.7885259],[-122.4010624,37.7884744],[-122.4010297,37.7884995],[-122.4008144,37.7886655],[-122.400878,37.788717]]]},"properties":{"sources":[{"property":"","dataset":"OpenStreetMap","license":"ODbL-1.0","record_id":"w79377209@4","update_time":"2017-02-13T10:35:08.000Z","confidence":null,"between":null}],"height":25.0,"is_underground":false,"has_parts":false,"version":1}},
{"id":"85b50a3a-d12d-4706-b047-04538c410cd2","type":"Feature","geometry":{"type":"Polygon","coordinates":[[[-122.401036,37.7887023],[-122.4009639,37.7887589],[-122.401034,37.7888146],[-122.4011061,37.788758],[-122.401036,37.7887023]]]},"properties":{"sources":[{"property":"","dataset":"OpenStreetMap","license":"ODbL-1.0","record_id":"w148285582@5","update_time":"2023-10-12T03:49:24.000Z","confidence":null,"between":null}],"height":9.0,"is_underground":false,"has_parts":false,"version":1}},
{"id":"a2124d14-55e7-4e57-92ac-7463431995a9","type":"Feature","geometry":{"type":"Polygon","coordinates":[[[-122.401034,37.7888146],[-122.4011375,37.788897],[-122.401259,37.7888015],[-122.4013542,37.7887268],[-122.4012506,37.7886445],[-122.4011061,37.788758],[-122.401034,37.7888146]]]},"properties":{"sources":[{"property":"","dataset":"OpenStreetMap","license":"ODbL-1.0","record_id":"w148285580@6","update_time":"2023-10-01T17:04:17.000Z","confidence":null,"between":null}],"height":27.0,"is_underground":false,"has_parts":false,"version":1}},
{"id":"eef84686-7ae9-45bf-a00b-101df15c9a26","type":"Feature","geometry":{"type":"Polygon","coordinates":[[[-122.401126,37.7885259],[-122.4013399,37.7883611],[-122.4011405,37.7881995],[-122.4010497,37.7882695],[-122.4010004,37.7882296],[-122.4009246,37.788288],[-122.4008447,37.7883496],[-122.4008832,37.7883808],[-122.4009467,37.7884322],[-122.4010297,37.7884995],[-122.4010624,37.7884744],[-122.401126,37.7885259]]]},"properties":{"names":{"primary":"Palace Garage","common":null,"rules":null},"sources":[{"property":"","dataset":"OpenStreetMap","license":"ODbL-1.0","record_id":"w79377168@6","update_time":"2020-07-09T04:28:11.000Z","confidence":null,"between":null},{"property":"/properties/height","dataset":"USGS Lidar","license":null,"record_id":null,"update_time":null,"confidence":null,"between":null}],"height":24.0,"is_underground":false,"subtype":"transportation","class":"parking","has_parts":false,"version":1}},
{"id":"54bb9eb6-b330-44d0-a793-14534409023e","type":"Feature","geometry":{"type":"Polygon","coordinates":[[[-122.4013399,37.7883611],[-122.4014077,37.7883089],[-122.4010199,37.7879947],[-122.4006341,37.7882921],[-122.4007554,37.7883904],[-122.4007731,37.7884047],[-122.4008447,37.7883496],[-122.4009246,37.788288],[-122.4010004,37.7882296],[-122.4010497,37.7882695],[-122.4011405,37.7881995],[-122.4013399,37.7883611]]]},"properties":{"names":{"primary":"Sharon Building","common":null,"rules":null},"sources":[{"property":"","dataset":"OpenStreetMap","license":"ODbL-1.0","record_id":"w79377213@10","update_time":"2018-01-25T18:39:39.000Z","confidence":null,"between":null}],"height":33.0,"is_underground":false,"num_floors":7,"has_parts":false,"version":1}},
{"id":"8e539ae0-88d7-4719-8c2a-37c7f25ebdc1","type":"Feature","geometry":{"type":"Polygon","coordinates":[[[-122.4005847,37.7869468],[-122.4007767,37.7870969],[-122.400837,37.7870488],[-122.4006449,37.7868987],[-122.4005847,37.7869468]]]},"properties":{"sources":[{"property":"","dataset":"OpenStreetMap","license":"ODbL-1.0","record_id":"w1034402299@1","update_time":"2022-02-23T08:05:08.000Z","confidence":null,"between":null},{"property":"/properties/height","dataset":"USGS Lidar","license":null,"record_id":null,"update_time":null,"confidence":null,"between":null}],"height":16.0,"is_underground":false,"has_parts":false,"version":1}},
{"id":"95e8a7ab-df00-48b0-a169-0802625b9ad8","type":"Feature","geometry":{"type":"Polygon","coordinates":[[[-122.4007091,37.78747],[-122.4008914,37.7876143],[-122.4011774,37.7873885],[-122.400995,37.7872442],[-122.4007091,37.78747]]]},"properties":{"sources":[{"property":"","dataset":"OpenStreetMap","license":"ODbL-1.0","record_id":"w79377197@8","update_time":"2018-01-25T18:39:38.000Z","confidence":null,"between":null}],"height":65.0,"is_underground":false,"num_floors":15,"has_parts":false,"version":1}},
{"id":"767a17db-8236-4f09-aceb-e28e67c79407","type":"Feature","geometry":{"type":"Polygon","coordinates":[[[-122.4012865,37.7873102],[-122.4010983,37.7871613],[-122.4010092,37.7872316],[-122.4011974,37.7873805],[-122.4012865,37.7873102]]]},"properties":{"sources":[{"property":"","dataset":"OpenStreetMap","license":"ODbL-1.0","record_id":"w79377208@4","update_time":"2018-01-25T18:39:39.000Z","confidence":null,"between":null}],"height":14.0,"is_underground":false,"has_parts":false,"version":1}},
{"id":"22126beb-8a85-48db-8f8a-7976154ec28e","type":"Feature","geometry":{"type":"Polygon","coordinates":[[[-122.4013871,37.7872307],[-122.4011989,37.7870819],[-122.4010983,37.7871613],[-122.4012865,37.7873102],[-122.4013871,37.7872307]]]},"properties":{"names":{"primary":"SPUR Urban Center","common":null,"rules":null},"sources":[{"property":"","dataset":"OpenStreetMap","license":"ODbL-1.0","record_id":"w79377184@10","update_time":"2025-11-07T19:02:25.000Z","confidence":null,"between":null}],"height":17.0,"is_underground":false,"subtype":"commercial","class":"office","has_parts":false,"version":1}},
{"id":"2f9fc499-30b6-4e66-8cdc-d2eb30f8c3a9","type":"Feature","geometry":{"type":"Polygon","coordinates":[[[-122.4011601,37.7867855],[-122.4013333,37.786649],[-122.401011,37.7863936],[-122.4009367,37.7863348],[-122.4007635,37.7864713],[-122.4011601,37.7867855]]]},"properties":{"names":{"primary":"Presidio Graduate School","common":null,"rules":null},"sources":[{"property":"","dataset":"OpenStreetMap","license":"ODbL-1.0","record_id":"w79377162@9","update_time":"2026-04-29T10:11:54.000Z","confidence":null,"between":null},{"property":"/properties/height","dataset":"USGS Lidar","license":null,"record_id":null,"update_time":null,"confidence":null,"between":null}],"height":19.6,"is_underground":false,"subtype":"education","class":"school","roof_shape":"flat","has_parts":false,"version":2}},
{"id":"438dfb48-e3d6-4ced-b4c8-5929c9dcd7dc","type":"Feature","geometry":{"type":"Polygon","coordinates":[[[-122.4009528,37.7869562],[-122.4011601,37.7867855],[-122.4007635,37.7864713],[-122.4005477,37.7866396],[-122.4009528,37.7869562]]]},"properties":{"sources":[{"property":"","dataset":"OpenStreetMap","license":"ODbL-1.0","record_id":"w79377156@3","update_time":"2022-02-23T08:05:08.000Z","confidence":null,"between":null}],"height":23.0,"is_underground":false,"has_parts":false,"version":1}},
{"id":"62bdc650-fcbc-4b9a-a7ab-305847988abd","type":"Feature","geometry":{"type":"Polygon","coordinates":[[[-122.4006285,37.7868858],[-122.4006596,37.7868609],[-122.400463,37.7867073],[-122.4003638,37.7867866],[-122.4005288,37.7869156],[-122.4005604,37.7869402],[-122.4006285,37.7868858]]]},"properties":{"sources":[{"property":"","dataset":"OpenStreetMap","license":"ODbL-1.0","record_id":"w192137379@4","update_time":"2022-02-23T08:05:08.000Z","confidence":null,"between":null}],"height":11.0,"is_underground":false,"has_parts":false,"version":1}},
{"id":"1acacfc1-0471-4f91-b23a-760b75ce9645","type":"Feature","geometry":{"type":"Polygon","coordinates":[[[-122.400837,37.7870488],[-122.4009528,37.7869562],[-122.4005477,37.7866396],[-122.400463,37.7867073],[-122.4006596,37.7868609],[-122.4006285,37.7868858],[-122.4006449,37.7868987],[-122.400837,37.7870488]]]},"properties":{"sources":[{"property":"","dataset":"OpenStreetMap","license":"ODbL-1.0","record_id":"w79377212@5","update_time":"2022-02-23T08:05:08.000Z","confidence":null,"between":null}],"height":23.0,"is_underground":false,"has_parts":false,"version":1}},
{"id":"74f82563-ba98-422a-9088-44659ae12c76","type":"Feature","geometry":{"type":"Polygon","coordinates":[[[-122.4005071,37.7873124],[-122.4007767,37.7870969],[-122.4005847,37.7869468],[-122.4005355,37.7869862],[-122.4004874,37.7869487],[-122.4005288,37.7869156],[-122.4003638,37.7867866],[-122.4001052,37.7869933],[-122.4002719,37.7871236],[-122.400346,37.7870644],[-122.4004138,37.7871173],[-122.4003365,37.7871791],[-122.4005071,37.7873124]]]},"properties":{"sources":[{"property":"","dataset":"OpenStreetMap","license":"ODbL-1.0","record_id":"w79377215@7","update_time":"2026-04-29T10:11:54.000Z","confidence":null,"between":null}],"height":34.0,"is_underground":false,"roof_shape":"flat","has_parts":false,"version":2}},
{"id":"7441c272-949a-4910-b8a1-f7ab335c4544","type":"Feature","geometry":{"type":"Polygon","coordinates":[[[-122.4005649,37.7863143],[-122.4002918,37.7860997],[-122.4000472,37.786294],[-122.4000132,37.786321],[-122.4001658,37.7864433],[-122.4002867,37.7865402],[-122.4004051,37.7866334],[-122.4004584,37.7865954],[-122.4004953,37.786566],[-122.4006885,37.7864115],[-122.4005649,37.7863143]]]},"properties":{"names":{"primary":"SFMOMA Garage","common":null,"rules":null},"sources":[{"property":"","dataset":"OpenStreetMap","license":"ODbL-1.0","record_id":"w80296754@11","update_time":"2026-04-29T10:11:54.000Z","confidence":null,"between":null}],"height":26.0,"is_underground":false,"num_floors":9,"subtype":"transportation","class":"parking","roof_shape":"flat","has_parts":false,"version":2}},
{"id":"31a64534-1265-4577-adbf-9adf00563d8b","type":"Feature","geometry":{"type":"Polygon","coordinates":[[[-122.4007705,37.7854491],[-122.400799,37.7854272],[-122.4006482,37.7852922],[-122.4006359,37.7853004],[-122.4006136,37.7852856],[-122.4006151,37.7852655],[-122.4005996,37.7852553],[-122.4005331,37.7852027],[-122.4004407,37.7852046],[-122.4003852,37.7852497],[-122.4002317,37.7853743],[-122.4001162,37.7854769],[-122.4001015,37.78549],[-122.4001038,37.7854918],[-122.4004063,37.7857339],[-122.4004622,37.78569],[-122.4006126,37.7855714],[-122.4007705,37.7854491]]]},"properties":{"names":{"primary":"W San Francisco","common":null,"rules":[{"variant":"short","language":null,"perspectives":null,"value":"W","between":null,"side":null}]},"sources":[{"property":"","dataset":"OpenStreetMap","license":"ODbL-1.0","record_id":"w80296747@16","update_time":"2026-02-04T15:05:44.000Z","confidence":null,"between":null}],"height":96.0,"is_underground":false,"num_floors":31,"subtype":"commercial","class":"hotel","has_parts":true,"version":3}},
{"id":"a7f4dc7e-2f13-4cc2-9251-d2afc04ca843","type":"Feature","geometry":{"type":"Polygon","coordinates":[[[-122.4012691,37.7859547],[-122.4013674,37.7858766],[-122.4008469,37.7854595],[-122.4008138,37.7854848],[-122.4004516,37.7857695],[-122.4004283,37.7857515],[-122.4004063,37.7857339],[-122.4001038,37.7854918],[-122.3998915,37.7856629],[-122.3999445,37.7857149],[-122.4000312,37.7857985],[-122.400039,37.7858059],[-122.4001289,37.7858914],[-122.4001765,37.7859386],[-122.4002607,37.786011],[-122.4002847,37.786032],[-122.4002984,37.7860437],[-122.4003303,37.7860696],[-122.4002918,37.7860997],[-122.4005649,37.7863143],[-122.4006885,37.7864115],[-122.400749,37.7863632],[-122.4009706,37.7861859],[-122.4010075,37.7861564],[-122.4011002,37.7860873],[-122.4011903,37.7860154],[-122.4012691,37.7859547]]]},"properties":{"names":{"primary":"San Francisco Museum of Modern Art","common":[["en","San Francisco Museum of Modern Art"],["ko","샌프란시스코 현대미술관"]],"rules":[{"variant":"alternate","language":null,"perspectives":null,"value":"SFMOMA","between":null,"side":null}]},"sources":[{"property":"","dataset":"OpenStreetMap","license":"ODbL-1.0","record_id":"w41692824@33","update_time":"2025-03-07T19:44:53.000Z","confidence":null,"between":null}],"is_underground":false,"num_floors":7,"subtype":"entertainment","has_parts":true,"version":1}},
{"id":"66bba9cd-bb53-44d4-8bcc-360dd0c44604","type":"Feature","geometry":{"type":"Polygon","coordinates":[[[-122.3998784,37.7859367],[-122.4000985,37.786108],[-122.4002006,37.786026],[-122.4001376,37.785977],[-122.4000695,37.785924],[-122.3999808,37.7858547],[-122.3999075,37.7859135],[-122.3998784,37.7859367]]]},"properties":{"sources":[{"property":"","dataset":"OpenStreetMap","license":"ODbL-1.0","record_id":"w80296765@5","update_time":"2023-01-16T21:54:25.000Z","confidence":null,"between":null}],"height":11.0,"is_underground":false,"has_parts":false,"version":1}},
{"id":"94846a26-a216-4669-a7bf-e5ede18316ae","type":"Feature","geometry":{"type":"Polygon","coordinates":[[[-122.3998317,37.7861041],[-122.3999647,37.7862153],[-122.4000579,37.7861405],[-122.3998796,37.7860018],[-122.3997913,37.7860726],[-122.3998317,37.7861041]]]},"properties":{"sources":[{"property":"","dataset":"OpenStreetMap","license":"ODbL-1.0","record_id":"w474342408@4","update_time":"2023-01-16T21:54:25.000Z","confidence":null,"between":null}],"height":16.0,"is_underground":false,"has_parts":false,"version":1}},
{"id":"0e33644e-5ca0-47b2-ad00-dc50b73ea989","type":"Feature","geometry":{"type":"Polygon","coordinates":[[[-122.3999802,37.7857911],[-122.3998413,37.785683],[-122.3997281,37.7857738],[-122.3999075,37.7859135],[-122.3999808,37.7858547],[-122.3999403,37.7858231],[-122.3999802,37.7857911]]]},"properties":{"sources":[{"property":"","dataset":"OpenStreetMap","license":"ODbL-1.0","record_id":"w80296714@4","update_time":"2020-07-09T04:28:11.000Z","confidence":null,"between":null}],"height":13.0,"is_underground":false,"has_parts":false,"version":1}},
{"id":"fad6e32b-3468-41b8-9659-c4f2d6ddf555","type":"Feature","geometry":{"type":"Polygon","coordinates":[[[-122.3999075,37.7859135],[-122.3997281,37.7857738],[-122.3996586,37.7858297],[-122.3998796,37.7860018],[-122.4000579,37.7861405],[-122.4000985,37.786108],[-122.3998784,37.7859367],[-122.3999075,37.7859135]]]},"properties":{"sources":[{"property":"","dataset":"OpenStreetMap","license":"ODbL-1.0","record_id":"w80296742@5","update_time":"2020-07-09T04:28:11.000Z","confidence":null,"between":null}],"height":16.0,"is_underground":false,"has_parts":false,"version":1}},
{"id":"fda048ff-3d4e-4951-be70-704e6e874434","type":"Feature","geometry":{"type":"Polygon","coordinates":[[[-122.3999647,37.7862153],[-122.3998317,37.7861041],[-122.3997563,37.7861646],[-122.3998538,37.7862405],[-122.3998834,37.7862168],[-122.3999237,37.7862482],[-122.3999647,37.7862153]]]},"properties":{"sources":[{"property":"","dataset":"OpenStreetMap","license":"ODbL-1.0","record_id":"w80296725@3","update_time":"2020-07-09T04:28:11.000Z","confidence":null,"between":null}],"height":25.0,"is_underground":false,"has_parts":false,"version":1}},
{"id":"acc190e6-c5d1-4f1a-84a4-1bfad12ddc26","type":"Feature","geometry":{"type":"Polygon","coordinates":[[[-122.3998317,37.7861041],[-122.3997913,37.7860726],[-122.3998796,37.7860018],[-122.3996586,37.7858297],[-122.3995273,37.7859351],[-122.3997411,37.7861015],[-122.3997087,37.7861275],[-122.3997563,37.7861646],[-122.3998317,37.7861041]]]},"properties":{"sources":[{"property":"","dataset":"OpenStreetMap","license":"ODbL-1.0","record_id":"w80296757@4","update_time":"2020-07-09T04:28:11.000Z","confidence":null,"between":null}],"height":7.0,"is_underground":false,"has_parts":false,"version":1}},
{"id":"2d3c22d9-e996-4a31-b58d-0dd64f475d3c","type":"Feature","geometry":{"type":"Polygon","coordinates":[[[-122.3998153,37.7853978],[-122.400283,37.785033],[-122.3999315,37.7847515],[-122.3998061,37.7848494],[-122.3994638,37.7851164],[-122.3998153,37.7853978]]]},"properties":{"names":{"primary":"201 Third Street","common":null,"rules":null},"sources":[{"property":"","dataset":"OpenStreetMap","license":"ODbL-1.0","record_id":"w80296729@7","update_time":"2019-03-02T19:31:55.000Z","confidence":null,"between":null}],"height":46.0,"is_underground":false,"num_floors":12,"subtype":"commercial","class":"commercial","has_parts":false,"version":1}},
{"id":"2f7d2172-68c2-4e2a-bc7a-b45a60b770bd","type":"Feature","geometry":{"type":"Polygon","coordinates":[[[-122.3996259,37.7855589],[-122.3998049,37.7854176],[-122.399413,37.7851044],[-122.3992322,37.7852462],[-122.3996259,37.7855589]]]},"properties":{"sources":[{"property":"","dataset":"OpenStreetMap","license":"ODbL-1.0","record_id":"w260318170@2","update_time":"2023-10-21T22:25:46.000Z","confidence":null,"between":null}],"height":9.0,"is_underground":false,"has_parts":false,"version":1}},
{"id":"898a371e-c4d1-4ec4-ad74-5cbe98640a9a","type":"Feature","geometry":{"type":"Polygon","coordinates":[[[-122.3993584,37.7857698],[-122.399477,37.7856759],[-122.399293,37.7855298],[-122.399174,37.7856234],[-122.3993584,37.7857698]]]},"properties":{"sources":[{"property":"","dataset":"OpenStreetMap","license":"ODbL-1.0","record_id":"w260318173@4","update_time":"2023-10-21T22:25:46.000Z","confidence":null,"between":null}],"height":10.0,"is_underground":false,"has_parts":false,"version":1}},
{"id":"72849ead-8542-47b0-a359-435991c8c28b","type":"Feature","geometry":{"type":"Polygon","coordinates":[[[-122.399477,37.7856759],[-122.3996259,37.7855589],[-122.3992322,37.7852462],[-122.3989643,37.7854568],[-122.399174,37.7856234],[-122.399293,37.7855298],[-122.399477,37.7856759]]]},"properties":{"sources":[{"property":"","dataset":"OpenStreetMap","license":"ODbL-1.0","record_id":"w260318175@4","update_time":"2023-10-21T22:25:46.000Z","confidence":null,"between":null}],"height":11.0,"is_underground":false,"has_parts":false,"version":1}},
{"id":"0555683c-c74b-48b7-a304-e85ef7003232","type":"Feature","geometry":{"type":"Polygon","coordinates":[[[-122.3993471,37.785059],[-122.3998527,37.7846644],[-122.3997678,37.7845964],[-122.3995535,37.784425],[-122.3994835,37.784369],[-122.3994352,37.7843303],[-122.3993887,37.7843666],[-122.3993982,37.7843742],[-122.398942,37.7847302],[-122.3989875,37.7847666],[-122.3989425,37.7848017],[-122.3991442,37.7849631],[-122.3991862,37.7849303],[-122.3993302,37.7850455],[-122.3993471,37.785059]]]},"properties":{"names":{"primary":"Moscone Center Garage","common":null,"rules":null},"sources":[{"property":"","dataset":"OpenStreetMap","license":"ODbL-1.0","record_id":"w24335195@8","update_time":"2026-02-04T15:05:44.000Z","confidence":null,"between":null}],"height":17.0,"is_underground":false,"subtype":"transportation","class":"parking","has_parts":false,"version":2}},
{"id":"eb014dff-190f-46e8-9c97-c431607ffcdf","type":"Feature","geometry":{"type":"Polygon","coordinates":[[[-122.3980099,37.7857546],[-122.3984209,37.7854296],[-122.3983594,37.7853816],[-122.3983292,37.7853576],[-122.3981591,37.7852228],[-122.3981942,37.7851949],[-122.398149,37.7851592],[-122.3979623,37.7853069],[-122.3977029,37.7855121],[-122.3980099,37.7857546]]]},"properties":{"sources":[{"property":"","dataset":"OpenStreetMap","license":"ODbL-1.0","record_id":"w113347427@6","update_time":"2023-10-21T22:25:46.000Z","confidence":null,"between":null}],"height":99.0,"is_underground":false,"num_floors":18,"has_parts":false,"version":1}},
{"id":"d66a1d2c-7dba-4000-9458-ed2d3b95d5d6","type":"Feature","geometry":{"type":"Polygon","coordinates":[[[-122.39862,37.7857124],[-122.3988019,37.7855686],[-122.3987611,37.7855363],[-122.398785,37.7855174],[-122.3985473,37.7853296],[-122.3984209,37.7854296],[-122.3980099,37.7857546],[-122.3980026,37.7857604],[-122.3981811,37.7859014],[-122.3982304,37.7858624],[-122.3982895,37.7859091],[-122.3985791,37.7856801],[-122.39862,37.7857124]]]},"properties":{"sources":[{"property":"","dataset":"OpenStreetMap","license":"ODbL-1.0","record_id":"w80296753@5","update_time":"2020-07-09T04:28:11.000Z","confidence":null,"between":null}],"height":57.0,"is_underground":false,"num_floors":9,"has_parts":false,"version":1}},
{"id":"f9306ca8-9d7c-4aeb-bfba-5f87abc0c1e4","type":"Feature","geometry":{"type":"Polygon","coordinates":[[[-122.3983764,37.7861883],[-122.3984232,37.7861515],[-122.3986408,37.7863244],[-122.3987499,37.7862386],[-122.3983501,37.785921],[-122.3982526,37.7859975],[-122.3981942,37.7860435],[-122.3983764,37.7861883]]]},"properties":{"sources":[{"property":"","dataset":"OpenStreetMap","license":"ODbL-1.0","record_id":"w80296721@3","update_time":"2024-01-23T21:03:06.000Z","confidence":null,"between":null}],"height":93.0,"is_underground":false,"has_parts":false,"version":1}},
{"id":"40573606-22ec-447e-bacc-29e422719fd8","type":"Feature","geometry":{"type":"Polygon","coordinates":[[[-122.3983501,37.785921],[-122.3987499,37.7862386],[-122.398926,37.7861001],[-122.3985262,37.7857825],[-122.3983501,37.785921]]]},"properties":{"names":{"primary":"Optimizely, Inc.","common":null,"rules":null},"sources":[{"property":"","dataset":"OpenStreetMap","license":"ODbL-1.0","record_id":"w260318171@5","update_time":"2024-07-17T13:48:44.000Z","confidence":null,"between":null}],"height":93.0,"is_underground":false,"num_floors":4,"has_parts":false,"version":1}},
{"id":"e7f83f5a-5b55-4b89-b120-fdf8a46a4086","type":"Feature","geometry":{"type":"Polygon","coordinates":[[[-122.3991249,37.7851742],[-122.3986949,37.7848355],[-122.3985999,37.7849113],[-122.3985429,37.7848669],[-122.3984749,37.784921],[-122.3985319,37.7849659],[-122.3984399,37.7850386],[-122.3988699,37.7853769],[-122.3991249,37.7851742]]]},"properties":{"sources":[{"property":"","dataset":"OpenStreetMap","license":"ODbL-1.0","record_id":"w80296706@4","update_time":"2023-08-01T20:13:46.000Z","confidence":null,"between":null}],"height":18.0,"is_underground":false,"has_parts":false,"version":1}},
{"id":"0f62690b-9b8c-496b-8898-e24d0e84dbb8","type":"Feature","geometry":{"type":"Polygon","coordinates":[[[-122.3987831,37.7857906],[-122.399052,37.7860029],[-122.3992237,37.7858671],[-122.3988238,37.7855513],[-122.3988019,37.7855686],[-122.39862,37.7857124],[-122.3985818,37.7857426],[-122.3986893,37.7858276],[-122.3987596,37.785772],[-122.3987831,37.7857906]]]},"properties":{"names":{"primary":"One Hawthorne Street","common":null,"rules":null},"sources":[{"property":"","dataset":"OpenStreetMap","license":"ODbL-1.0","record_id":"w260318176@4","update_time":"2016-08-11T02:34:45.000Z","confidence":null,"between":null}],"height":93.0,"is_underground":false,"num_floors":23,"has_parts":false,"version":1}},
{"id":"0eeb5ea7-6780-4872-8bea-4472a0ce8625","type":"Feature","geometry":{"type":"Polygon","coordinates":[[[-122.3986597,37.7858868],[-122.398926,37.7861001],[-122.399052,37.7860029],[-122.3987831,37.7857906],[-122.3986597,37.7858868]]]},"properties":{"sources":[{"property":"","dataset":"OpenStreetMap","license":"ODbL-1.0","record_id":"w260318174@3","update_time":"2020-07-09T03:46:28.000Z","confidence":null,"between":null}],"height":93.0,"is_underground":false,"has_parts":false,"version":1}},
{"id":"88f7a909-54a9-4892-94bc-3a00a849d229","type":"Feature","geometry":{"type":"Polygon","coordinates":[[[-122.3988595,37.7864824],[-122.3986735,37.7866292],[-122.3988672,37.7867829],[-122.3989889,37.7868794],[-122.399067,37.7869414],[-122.3991649,37.7868645],[-122.3990204,37.7867501],[-122.3989647,37.7867058],[-122.3990304,37.786654],[-122.3990534,37.7866359],[-122.3988595,37.7864824]]]},"properties":{"sources":[{"property":"","dataset":"OpenStreetMap","license":"ODbL-1.0","record_id":"w79377194@6","update_time":"2023-07-02T04:55:16.000Z","confidence":null,"between":null}],"height":26.0,"is_underground":false,"has_parts":false,"version":1}},
{"id":"9923a89e-e41a-46aa-9edf-c070c6dab375","type":"Feature","geometry":{"type":"Polygon","coordinates":[[[-122.3984797,37.7867819],[-122.398673,37.7869355],[-122.3988672,37.7867829],[-122.3986735,37.7866292],[-122.3984797,37.7867819]]]},"properties":{"sources":[{"property":"","dataset":"OpenStreetMap","license":"ODbL-1.0","record_id":"w79377222@5","update_time":"2023-07-02T04:55:16.000Z","confidence":null,"between":null}],"height":23.0,"is_underground":false,"has_parts":false,"version":1}},
{"id":"852657d9-ae83-4565-b44b-6ad5110c577f","type":"Feature","geometry":{"type":"Polygon","coordinates":[[[-122.3984898,37.7874063],[-122.3986696,37.7872632],[-122.398555,37.7871732],[-122.3983752,37.7873162],[-122.3984898,37.7874063]]]},"properties":{"sources":[{"property":"","dataset":"OpenStreetMap","license":"ODbL-1.0","record_id":"w112934097@6","update_time":"2018-01-25T18:43:11.000Z","confidence":null,"between":null}],"height":24.0,"is_underground":false,"has_parts":false,"version":1}},
{"id":"3f9850f9-ba5b-484f-9bdb-ce700f1a0f8c","type":"Feature","geometry":{"type":"Polygon","coordinates":[[[-122.3985793,37.7874811],[-122.3986433,37.7875308],[-122.3988293,37.7873833],[-122.3987653,37.7873336],[-122.3985793,37.7874811]]]},"properties":{"sources":[{"property":"","dataset":"OpenStreetMap","license":"ODbL-1.0","record_id":"w148285589@4","update_time":"2023-08-01T20:13:46.000Z","confidence":null,"between":null}],"height":16.0,"is_underground":false,"has_parts":false,"version":1}},
{"id":"08ffa572-8d54-4c05-9cc6-d3d463043ed1","type":"Feature","geometry":{"type":"Polygon","coordinates":[[[-122.3988293,37.7873833],[-122.3986433,37.7875308],[-122.3985793,37.7874811],[-122.3985333,37.7875177],[-122.3987057,37.7876574],[-122.3987557,37.7876175],[-122.3989377,37.7874733],[-122.3988293,37.7873833]]]},"properties":{"sources":[{"property":"","dataset":"OpenStreetMap","license":"ODbL-1.0","record_id":"w80214915@5","update_time":"2023-08-01T20:13:46.000Z","confidence":null,"between":null}],"height":17.0,"is_underground":false,"has_parts":false,"version":1}},
{"id":"05b8f2c9-d21f-4f03-a778-21574b717066","type":"Feature","geometry":{"type":"Polygon","coordinates":[[[-122.3989889,37.7868794],[-122.3987924,37.787032],[-122.3988698,37.7870942],[-122.399067,37.7869414],[-122.3989889,37.7868794]]]},"properties":{"sources":[{"property":"","dataset":"OpenStreetMap","license":"ODbL-1.0","record_id":"w79377227@5","update_time":"2023-07-02T04:55:16.000Z","confidence":null,"between":null}],"height":14.0,"is_underground":false,"has_parts":false,"version":1}},
{"id":"8b7219f7-d71f-42e7-ba9a-8f17a8bb77e2","type":"Feature","geometry":{"type":"Polygon","coordinates":[[[-122.3988887,37.7877219],[-122.3989667,37.7877833],[-122.3991487,37.7876391],[-122.3990707,37.7875778],[-122.3988887,37.7877219]]]},"properties":{"sources":[{"property":"","dataset":"OpenStreetMap","license":"ODbL-1.0","record_id":"w148285585@3","update_time":"2023-08-01T20:13:46.000Z","confidence":null,"between":null}],"height":17.0,"is_underground":false,"has_parts":false,"version":1}},
{"id":"92100660-64e7-4a3f-8ee8-02440240d6ed","type":"Feature","geometry":{"type":"Polygon","coordinates":[[[-122.3988887,37.7877219],[-122.3990707,37.7875778],[-122.3989377,37.7874733],[-122.3987557,37.7876175],[-122.3988887,37.7877219]]]},"properties":{"sources":[{"property":"","dataset":"OpenStreetMap","license":"ODbL-1.0","record_id":"w80214914@5","update_time":"2023-08-01T20:13:46.000Z","confidence":null,"between":null}],"height":21.0,"is_underground":false,"has_parts":false,"version":1}},
{"id":"192bbd56-1c12-4ff4-96e3-9edbc47d6fed","type":"Feature","geometry":{"type":"Polygon","coordinates":[[[-122.3987057,37.7876574],[-122.3986447,37.7877061],[-122.3988547,37.7878719],[-122.3989667,37.7877833],[-122.3988887,37.7877219],[-122.3987557,37.7876175],[-122.3987057,37.7876574]]]},"properties":{"sources":[{"property":"","dataset":"OpenStreetMap","license":"ODbL-1.0","record_id":"w80214913@4","update_time":"2023-08-01T20:13:46.000Z","confidence":null,"between":null}],"height":7.0,"is_underground":false,"has_parts":false,"version":1}},
{"id":"87e6284c-2774-4ddc-a4f5-958dfd8a1eff","type":"Feature","geometry":{"type":"Polygon","coordinates":[[[-122.3989202,37.7882482],[-122.3991054,37.788396],[-122.3991908,37.7883339],[-122.3990319,37.788255],[-122.39891,37.7881587],[-122.398811,37.7880281],[-122.3987347,37.7880916],[-122.3989202,37.7882482]]]},"properties":{"sources":[{"property":"","dataset":"OpenStreetMap","license":"ODbL-1.0","record_id":"w80296709@2","update_time":"2023-05-27T00:34:26.000Z","confidence":null,"between":null}],"height":99.0,"is_underground":false,"has_parts":false,"version":1}},
{"id":"d91f9682-a7db-405f-ab4e-a661b57a5d20","type":"Feature","geometry":{"type":"Polygon","coordinates":[[[-122.3991908,37.7883339],[-122.3993127,37.7882346],[-122.3991723,37.7880974],[-122.3990689,37.7880214],[-122.3989317,37.7879387],[-122.398811,37.7880281],[-122.39891,37.7881587],[-122.3990319,37.788255],[-122.3991908,37.7883339]]]},"properties":{"sources":[{"property":"","dataset":"OpenStreetMap","license":"ODbL-1.0","record_id":"w80296740@4","update_time":"2023-05-27T00:34:26.000Z","confidence":null,"between":null}],"height":108.0,"is_underground":false,"num_floors":26,"has_parts":false,"version":1}},
{"id":"ffce3226-b88e-446c-9baf-7de08c114cf1","type":"Feature","geometry":{"type":"Polygon","coordinates":[[[-122.3986328,37.7883474],[-122.3985271,37.7882655],[-122.3982757,37.7884533],[-122.3982815,37.7884592],[-122.3982173,37.7885073],[-122.3982108,37.7885014],[-122.3981853,37.7885237],[-122.3983464,37.7886537],[-122.3983659,37.7886383],[-122.3984799,37.7887287],[-122.3984605,37.788744],[-122.3985617,37.7888242],[-122.3989219,37.7885395],[-122.3986556,37.7883283],[-122.3986328,37.7883474]]]},"properties":{"names":{"primary":"555 Mission Street","common":null,"rules":null},"sources":[{"property":"","dataset":"OpenStreetMap","license":"ODbL-1.0","record_id":"w80296761@6","update_time":"2023-05-27T00:34:26.000Z","confidence":null,"between":null}],"height":148.0,"is_underground":false,"num_floors":34,"has_parts":false,"version":1}},
{"id":"6f476589-270a-4261-8078-5d26567f3c19","type":"Feature","geometry":{"type":"Polygon","coordinates":[[[-122.3984773,37.7875619],[-122.3986447,37.7877061],[-122.3987057,37.7876574],[-122.3985333,37.7875177],[-122.3984773,37.7875619]]]},"properties":{"sources":[{"property":"","dataset":"OpenStreetMap","license":"ODbL-1.0","record_id":"w181368882@4","update_time":"2023-08-01T20:13:46.000Z","confidence":null,"between":null}],"height":5.0,"is_underground":false,"has_parts":false,"version":1}},
{"id":"c2b83bdb-8a9f-4cca-a544-7f6c65ad7949","type":"Feature","geometry":{"type":"Polygon","coordinates":[[[-122.3984958,37.7888762],[-122.3985617,37.7888242],[-122.3984605,37.788744],[-122.3983464,37.7886537],[-122.3982804,37.7887057],[-122.3984958,37.7888762]]]},"properties":{"sources":[{"property":"","dataset":"OpenStreetMap","license":"ODbL-1.0","record_id":"w80296710@3","update_time":"2017-02-13T11:57:06.000Z","confidence":null,"between":null}],"height":23.0,"is_underground":false,"has_parts":false,"version":1}},
{"id":"44ded93e-d269-4818-baec-aeede863aadd","type":"Feature","geometry":{"type":"Polygon","coordinates":[[[-122.3983464,37.7886537],[-122.3981853,37.7885237],[-122.3981204,37.7885767],[-122.3982804,37.7887057],[-122.3983464,37.7886537]]]},"properties":{"sources":[{"property":"","dataset":"OpenStreetMap","license":"ODbL-1.0","record_id":"w80296735@2","update_time":"2023-05-27T00:34:26.000Z","confidence":null,"between":null}],"height":23.0,"is_underground":false,"has_parts":false,"version":1}},
{"id":"af818da5-ed07-4842-8226-4151412555d2","type":"Feature","geometry":{"type":"Polygon","coordinates":[[[-122.3982301,37.7891062],[-122.3982941,37.7890602],[-122.398392,37.7889811],[-122.3984516,37.7889337],[-122.3981523,37.7886917],[-122.3980904,37.7886465],[-122.3979294,37.7887717],[-122.3978678,37.7888173],[-122.3978818,37.788827],[-122.3978736,37.7888345],[-122.3979433,37.7888931],[-122.3979551,37.7888837],[-122.3982301,37.7891062]]]},"properties":{"sources":[{"property":"","dataset":"OpenStreetMap","license":"ODbL-1.0","record_id":"w127460048@9","update_time":"2021-09-15T04:45:01.000Z","confidence":null,"between":null}],"height":115.0,"is_underground":false,"num_floors":27,"has_parts":false,"version":1}},
{"id":"0c4e835b-b68a-4e87-8189-6369d802f261","type":"Feature","geometry":{"type":"Polygon","coordinates":[[[-122.3980504,37.7874467],[-122.3982297,37.7873073],[-122.3980236,37.7871417],[-122.3978454,37.7872838],[-122.3980504,37.7874467]]]},"properties":{"sources":[{"property":"","dataset":"OpenStreetMap","license":"ODbL-1.0","record_id":"w148288775@4","update_time":"2023-07-02T06:14:46.000Z","confidence":null,"between":null}],"height":21.0,"is_underground":false,"has_parts":false,"version":1}},
{"id":"f973f4a4-98c9-499f-b8c5-bfac16ddb7cf","type":"Feature","geometry":{"type":"Polygon","coordinates":[[[-122.3982161,37.7871895],[-122.3984025,37.7870427],[-122.3982773,37.7869434],[-122.3980236,37.7871417],[-122.3982297,37.7873073],[-122.3982977,37.7872543],[-122.3982161,37.7871895]]]},"properties":{"sources":[{"property":"","dataset":"OpenStreetMap","license":"ODbL-1.0","record_id":"w112934103@8","update_time":"2023-07-02T06:14:46.000Z","confidence":null,"between":null}],"height":18.0,"is_underground":false,"has_parts":false,"version":1}},
{"id":"83d3ae1a-d2f2-4b9b-bd66-bc567a5baffd","type":"Feature","geometry":{"type":"Polygon","coordinates":[[[-122.3983752,37.7873162],[-122.398555,37.7871732],[-122.3984025,37.7870427],[-122.3982161,37.7871895],[-122.3982977,37.7872543],[-122.3983752,37.7873162]]]},"properties":{"sources":[{"property":"","dataset":"OpenStreetMap","license":"ODbL-1.0","record_id":"w112934098@6","update_time":"2023-07-02T06:14:46.000Z","confidence":null,"between":null}],"height":11.0,"is_underground":false,"has_parts":false,"version":1}},
{"id":"9c2bc79f-23d2-4dec-9468-4f224bc42889","type":"Feature","geometry":{"type":"Polygon","coordinates":[[[-122.3978625,37.7863057],[-122.3982635,37.7866231],[-122.3986408,37.7863244],[-122.3984232,37.7861515],[-122.3983764,37.7861883],[-122.3981942,37.7860435],[-122.3978625,37.7863057]]]},"properties":{"names":{"primary":"LinkedIn","common":null,"rules":null},"sources":[{"property":"","dataset":"OpenStreetMap","license":"ODbL-1.0","record_id":"w80296717@8","update_time":"2020-10-02T21:15:11.000Z","confidence":null,"between":null}],"height":106.0,"is_underground":false,"num_floors":27,"subtype":"commercial","class":"office","has_parts":false,"version":1}},
{"id":"1e580983-bb83-4f50-af43-9782c8f9ed57","type":"Feature","geometry":{"type":"Polygon","coordinates":[[[-122.3977147,37.7868394],[-122.3979273,37.7866719],[-122.3978019,37.7865725],[-122.3975893,37.7867401],[-122.3977147,37.7868394]]]},"properties":{"sources":[{"property":"","dataset":"OpenStreetMap","license":"ODbL-1.0","record_id":"w112994906@5","update_time":"2018-01-25T18:43:12.000Z","confidence":null,"between":null}],"height":14.0,"is_underground":false,"has_parts":false,"version":1}},
{"id":"0ceffa94-fe1a-42bd-845b-d0f416105dfd","type":"Feature","geometry":{"type":"Polygon","coordinates":[[[-122.3975541,37.7868567],[-122.3976245,37.7868006],[-122.397426,37.7866441],[-122.3973537,37.7867027],[-122.3975541,37.7868567]]]},"properties":{"sources":[{"property":"","dataset":"OpenStreetMap","license":"ODbL-1.0","record_id":"w148288771@4","update_time":"2018-01-25T18:43:13.000Z","confidence":null,"between":null}],"height":5.0,"is_underground":false,"has_parts":false,"version":1}},
{"id":"a899475f-28ce-4f98-b811-35f8a4d518cb","type":"Feature","geometry":{"type":"Polygon","coordinates":[[[-122.3978019,37.7865725],[-122.3976613,37.786461],[-122.3974487,37.7866286],[-122.3975893,37.7867401],[-122.3978019,37.7865725]]]},"properties":{"sources":[{"property":"","dataset":"OpenStreetMap","license":"ODbL-1.0","record_id":"w112994905@5","update_time":"2018-01-25T18:43:11.000Z","confidence":null,"between":null}],"height":16.0,"is_underground":false,"has_parts":false,"version":1}},
{"id":"920dd9ed-b2b1-42e6-963f-4f6c66d66072","type":"Feature","geometry":{"type":"Polygon","coordinates":[[[-122.3973745,37.7870195],[-122.3975683,37.7871742],[-122.3976293,37.7871265],[-122.3974355,37.7869717],[-122.3973745,37.7870195]]]},"properties":{"sources":[{"property":"","dataset":"OpenStreetMap","license":"ODbL-1.0","record_id":"w148288774@4","update_time":"2020-07-09T04:28:11.000Z","confidence":null,"between":null}],"height":16.0,"is_underground":false,"has_parts":false,"version":1}},
{"id":"f4e2cd7f-ba43-46ba-830b-c88275129ce7","type":"Feature","geometry":{"type":"Polygon","coordinates":[[[-122.3974355,37.7869717],[-122.3976293,37.7871265],[-122.3977651,37.7870233],[-122.3975541,37.7868567],[-122.3973537,37.7867027],[-122.3972263,37.7868047],[-122.39742,37.7869594],[-122.3974355,37.7869717]]]},"properties":{"sources":[{"property":"","dataset":"OpenStreetMap","license":"ODbL-1.0","record_id":"w148288779@4","update_time":"2020-07-09T04:28:11.000Z","confidence":null,"between":null}],"height":12.0,"is_underground":false,"has_parts":false,"version":1}},
{"id":"aacac1ae-bc42-439a-a5d7-99aa5b7d192b","type":"Feature","geometry":{"type":"Polygon","coordinates":[[[-122.3975174,37.787214],[-122.3975683,37.7871742],[-122.3973745,37.7870195],[-122.39736,37.7870084],[-122.3973098,37.7870483],[-122.3975174,37.787214]]]},"properties":{"names":{"primary":"Southside Spirit House","common":null,"rules":[{"variant":"alternate","language":null,"perspectives":null,"value":"South Side Spirits","between":null,"side":null}]},"sources":[{"property":"","dataset":"OpenStreetMap","license":"ODbL-1.0","record_id":"w148288778@8","update_time":"2025-11-07T19:02:25.000Z","confidence":null,"between":null}],"height":5.0,"is_underground":false,"subtype":"commercial","has_parts":false,"version":1}},
{"id":"21b82e20-5b6e-4920-9fcf-ae019adfa233","type":"Feature","geometry":{"type":"Polygon","coordinates":[[[-122.3977651,37.7870233],[-122.3978364,37.7869667],[-122.3976245,37.7868006],[-122.3975541,37.7868567],[-122.3977651,37.7870233]]]},"properties":{"sources":[{"property":"","dataset":"OpenStreetMap","license":"ODbL-1.0","record_id":"w148288770@4","update_time":"2020-07-09T04:28:11.000Z","confidence":null,"between":null}],"height":21.0,"is_underground":false,"has_parts":false,"version":1}},
{"id":"8cacf91b-b1a5-40a6-9d7f-7e373e21ec0a","type":"Feature","geometry":{"type":"Polygon","coordinates":[[[-122.3970091,37.7879359],[-122.3972879,37.7881569],[-122.3975049,37.7879864],[-122.3972308,37.7877654],[-122.3970091,37.7879359]]]},"properties":{"sources":[{"property":"","dataset":"OpenStreetMap","license":"ODbL-1.0","record_id":"w165097695@5","update_time":"2024-07-07T18:40:12.000Z","confidence":null,"between":null}],"height":13.0,"is_underground":false,"has_parts":false,"version":1}},
{"id":"269408f2-1f70-4a40-8da4-e4775ee3a470","type":"Feature","geometry":{"type":"Polygon","coordinates":[[[-122.3972879,37.7881569],[-122.3970091,37.7879359],[-122.3969144,37.7880052],[-122.3971139,37.788161],[-122.3971395,37.7881409],[-122.3973558,37.7883075],[-122.397416,37.7882585],[-122.3972879,37.7881569]]]},"properties":{"sources":[{"property":"","dataset":"OpenStreetMap","license":"ODbL-1.0","record_id":"w363233146@3","update_time":"2023-07-02T06:14:46.000Z","confidence":null,"between":null}],"height":14.0,"is_underground":false,"has_parts":false,"version":1}},
{"id":"cf24314e-f17d-4cd2-8bba-82337a2696ca","type":"Feature","geometry":{"type":"Polygon","coordinates":[[[-122.3968393,37.7874392],[-122.3967743,37.7874881],[-122.396976,37.7876475],[-122.3970358,37.7875997],[-122.3968393,37.7874392]]]},"properties":{"sources":[{"property":"","dataset":"OpenStreetMap","license":"ODbL-1.0","record_id":"w363213099@4","update_time":"2018-01-25T18:43:17.000Z","confidence":null,"between":null}],"height":10.0,"is_underground":false,"has_parts":false,"version":1}},
{"id":"5509b29d-7d4e-4c32-8309-9c6912a7d8d6","type":"Feature","geometry":{"type":"Polygon","coordinates":[[[-122.3967609,37.7871792],[-122.3971598,37.7875048],[-122.397224,37.7874558],[-122.396825,37.7871301],[-122.3967609,37.7871792]]]},"properties":{"sources":[{"property":"","dataset":"OpenStreetMap","license":"ODbL-1.0","record_id":"w256972183@4","update_time":"2024-07-07T18:40:12.000Z","confidence":null,"between":null}],"height":9.0,"is_underground":false,"has_parts":false,"version":1}},
{"id":"5d96840a-731b-43df-9576-a92dfc6f2cb4","type":"Feature","geometry":{"type":"Polygon","coordinates":[[[-122.3968393,37.7874392],[-122.3970358,37.7875997],[-122.3971598,37.7875048],[-122.3967609,37.7871792],[-122.3966369,37.787274],[-122.3968393,37.7874392]]]},"properties":{"sources":[{"property":"","dataset":"OpenStreetMap","license":"ODbL-1.0","record_id":"w256972184@4","update_time":"2018-01-25T18:43:15.000Z","confidence":null,"between":null}],"height":11.0,"is_underground":false,"has_parts":false,"version":1}},
{"id":"dcd08a52-4f27-40b8-811c-ff2756a3babe","type":"Feature","geometry":{"type":"Polygon","coordinates":[[[-122.3974556,37.7872624],[-122.3975174,37.787214],[-122.3973098,37.7870483],[-122.397248,37.7870966],[-122.3974556,37.7872624]]]},"properties":{"sources":[{"property":"","dataset":"OpenStreetMap","license":"ODbL-1.0","record_id":"w148288773@3","update_time":"2017-02-13T11:57:10.000Z","confidence":null,"between":null}],"height":4.0,"is_underground":false,"has_parts":false,"version":1}},
{"id":"934a735f-e42a-4b82-bbce-e3dda2d0a880","type":"Feature","geometry":{"type":"Polygon","coordinates":[[[-122.3970526,37.7869406],[-122.397248,37.7870966],[-122.3973098,37.7870483],[-122.3972296,37.7869843],[-122.3971144,37.7868923],[-122.3970526,37.7869406]]]},"properties":{"sources":[{"property":"","dataset":"OpenStreetMap","license":"ODbL-1.0","record_id":"w148288776@3","update_time":"2020-07-09T04:28:11.000Z","confidence":null,"between":null}],"height":6.0,"is_underground":false,"has_parts":false,"version":1}},
{"id":"43ace387-1e39-48bc-b912-80d7f0bfcae6","type":"Feature","geometry":{"type":"Polygon","coordinates":[[[-122.3971144,37.7868923],[-122.3972296,37.7869843],[-122.3972853,37.7869407],[-122.3971701,37.7868487],[-122.3971144,37.7868923]]]},"properties":{"sources":[{"property":"","dataset":"OpenStreetMap","license":"ODbL-1.0","record_id":"w148288772@3","update_time":"2020-07-09T04:28:11.000Z","confidence":null,"between":null}],"height":7.0,"is_underground":false,"has_parts":false,"version":1}},
{"id":"31e20add-8420-4eba-a475-9ddd8f6f3a22","type":"Feature","geometry":{"type":"Polygon","coordinates":[[[-122.3972853,37.7869407],[-122.3973638,37.7870034],[-122.39742,37.7869594],[-122.3972263,37.7868047],[-122.3971701,37.7868487],[-122.3972853,37.7869407]]]},"properties":{"sources":[{"property":"","dataset":"OpenStreetMap","license":"ODbL-1.0","record_id":"w148288777@4","update_time":"2020-07-09T04:28:11.000Z","confidence":null,"between":null}],"height":10.0,"is_underground":false,"has_parts":false,"version":1}},
{"id":"615fbc7b-8cff-4111-8dce-8f5bbd73a687","type":"Feature","geometry":{"type":"Polygon","coordinates":[[[-122.396913,37.7869244],[-122.3975972,37.7863934],[-122.3973294,37.7861779],[-122.3973183,37.7861865],[-122.397285,37.7862123],[-122.3972353,37.7862509],[-122.3971275,37.7861642],[-122.3971248,37.786162],[-122.3965347,37.78662],[-122.396913,37.7869244]]]},"properties":{"names":{"primary":"CBS Interactive","common":null,"rules":null},"sources":[{"property":"","dataset":"OpenStreetMap","license":"ODbL-1.0","record_id":"w80296730@9","update_time":"2023-10-01T21:26:25.000Z","confidence":null,"between":null}],"height":27.0,"is_underground":false,"num_floors":5,"subtype":"commercial","class":"commercial","has_parts":false,"version":1}},
{"id":"f935d97b-d077-4846-a1a6-1edcae4dfe31","type":"Feature","geometry":{"type":"Polygon","coordinates":[[[-122.3971597,37.7853707],[-122.3969237,37.7855506],[-122.3971257,37.7857157],[-122.3973617,37.7855358],[-122.3971597,37.7853707]]]},"properties":{"sources":[{"property":"","dataset":"OpenStreetMap","license":"ODbL-1.0","record_id":"w112774496@6","update_time":"2023-08-01T20:13:46.000Z","confidence":null,"between":null}],"height":32.0,"is_underground":false,"subtype":"commercial","class":"retail","has_parts":false,"version":1}},
{"id":"7ddbc8cd-33da-447f-94e7-2480501d458a","type":"Feature","geometry":{"type":"Polygon","coordinates":[[[-122.3974886,37.7856252],[-122.3976105,37.7855287],[-122.3975848,37.7855085],[-122.3972813,37.7852688],[-122.3971594,37.7853652],[-122.3974011,37.7855547],[-122.3974886,37.7856252]]]},"properties":{"sources":[{"property":"","dataset":"OpenStreetMap","license":"ODbL-1.0","record_id":"w113347423@7","update_time":"2023-08-01T20:13:46.000Z","confidence":null,"between":null}],"height":27.0,"is_underground":false,"has_parts":false,"version":1}},
{"id":"1148b679-9629-469d-adad-830dfb0f0edc","type":"Feature","geometry":{"type":"Polygon","coordinates":[[[-122.3976503,37.7857782],[-122.3976458,37.7857488],[-122.3974886,37.7856252],[-122.3974011,37.7855547],[-122.3971727,37.7857275],[-122.3971727,37.7857529],[-122.3974105,37.7859443],[-122.3974475,37.7859443],[-122.3976503,37.7857782]]]},"properties":{"sources":[{"property":"","dataset":"OpenStreetMap","license":"ODbL-1.0","record_id":"w113096845@7","update_time":"2023-08-01T20:13:46.000Z","confidence":null,"between":null}],"height":73.0,"is_underground":false,"num_floors":15,"has_parts":false,"version":1}},
{"id":"8afedd33-68cc-415c-87db-bd9bed97536a","type":"Feature","geometry":{"type":"Polygon","coordinates":[[[-122.397438,37.7859755],[-122.3977621,37.7862334],[-122.3979624,37.7860763],[-122.3979547,37.7860702],[-122.39798,37.7860503],[-122.3979399,37.7860184],[-122.3979161,37.786037],[-122.3978391,37.7859757],[-122.3978102,37.7859984],[-122.397611,37.7858398],[-122.397438,37.7859755]]]},"properties":{"sources":[{"property":"","dataset":"OpenStreetMap","license":"ODbL-1.0","record_id":"w113096847@6","update_time":"2020-02-27T14:55:57.000Z","confidence":null,"between":null}],"height":22.0,"is_underground":false,"subtype":"commercial","class":"office","has_parts":false,"version":1}},
{"id":"971d8d22-b9a3-4b40-9d2f-ecb9a830f0d1","type":"Feature","geometry":{"type":"Polygon","coordinates":[[[-122.398149,37.7851592],[-122.3982372,37.7850895],[-122.3978723,37.7848013],[-122.3975974,37.7850188],[-122.3979009,37.7852585],[-122.3979623,37.7853069],[-122.398149,37.7851592]]]},"properties":{"sources":[{"property":"","dataset":"OpenStreetMap","license":"ODbL-1.0","record_id":"w113347426@7","update_time":"2020-07-09T04:28:11.000Z","confidence":null,"between":null}],"height":39.0,"is_underground":false,"subtype":"commercial","class":"office","has_parts":false,"version":1}},
{"id":"cc26971d-947a-4bcb-8498-1242a9530236","type":"Feature","geometry":{"type":"Polygon","coordinates":[[[-122.3972813,37.7852688],[-122.3975848,37.7855085],[-122.3979009,37.7852585],[-122.3975974,37.7850188],[-122.3972813,37.7852688]]]},"properties":{"sources":[{"property":"","dataset":"OpenStreetMap","license":"ODbL-1.0","record_id":"w113347425@4","update_time":"2015-11-03T21:04:10.000Z","confidence":null,"between":null}],"height":31.0,"is_underground":false,"has_parts":false,"version":1}},
{"id":"2597a65e-7cdb-49ff-8c4c-07e26a323acd","type":"Feature","geometry":{"type":"Polygon","coordinates":[[[-122.3922313,37.7946777],[-122.3919732,37.7943985],[-122.3919259,37.7944258],[-122.392184,37.794705],[-122.3922313,37.7946777]]]},"properties":{"sources":[{"property":"","dataset":"OpenStreetMap","license":"ODbL-1.0","record_id":"w979811987@2","update_time":"2022-08-26T07:55:51.000Z","confidence":null,"between":null},{"property":"/properties/height","dataset":"USGS Lidar","license":null,"record_id":null,"update_time":null,"confidence":null,"between":null}],"level":1,"height":6.9,"is_underground":false,"subtype":"outbuilding","class":"roof","has_parts":false,"version":1}},
{"id":"98232020-ed2b-44ab-af57-44f4f5168621","type":"Feature","geometry":{"type":"Polygon","coordinates":[[[-122.3904989,37.7902537],[-122.3905286,37.7902315],[-122.3905599,37.7902569],[-122.3907927,37.7900775],[-122.3905614,37.7898901],[-122.3905208,37.7899214],[-122.3903927,37.7898156],[-122.3904262,37.7897879],[-122.390392,37.7897584],[-122.3901601,37.7895769],[-122.390151,37.7895667],[-122.3901199,37.7895406],[-122.3900865,37.7895691],[-122.3900844,37.7895728],[-122.3900427,37.7896043],[-122.3900064,37.7896321],[-122.3898973,37.789543],[-122.3897073,37.7896958],[-122.3895964,37.7897849],[-122.3896677,37.7898424],[-122.3895963,37.7899017],[-122.3896666,37.789961],[-122.3895963,37.790019],[-122.3896675,37.7900757],[-122.3895947,37.7901348],[-122.3896669,37.7901931],[-122.3896298,37.7902211],[-122.389787,37.7903481],[-122.3898238,37.7903195],[-122.3898856,37.7903693],[-122.389849,37.7903972],[-122.3901178,37.7906117],[-122.3902743,37.7904873],[-122.3904229,37.7903705],[-122.3903877,37.7903424],[-122.3904164,37.7903204],[-122.3904293,37.7903315],[-122.3904716,37.7902984],[-122.3905138,37.7902655],[-122.3904989,37.7902537]],[[-122.38986,37.7899436],[-122.3899375,37.789881],[-122.3899727,37.7898533],[-122.3902516,37.7900773],[-122.3902211,37.7901026],[-122.3901382,37.7901689],[-122.38986,37.7899436]]]},"properties":{"sources":[{"property":"","dataset":"OpenStreetMap","license":"ODbL-1.0","record_id":"r12734194@2","update_time":"2026-03-10T10:27:45.000Z","confidence":null,"between":null},{"property":"/properties/height","dataset":"Microsoft ML Buildings","license":"ODbL-1.0","record_id":null,"update_time":"2023-09-01T00:00:00.000Z","confidence":0.957099974155426,"between":null}],"height":17.18184471130371,"is_underground":false,"num_floors":5,"has_parts":true,"version":4}},
{"id":"cb1fe858-2002-4755-8275-e93b0ac347e1","type":"Feature","geometry":{"type":"Polygon","coordinates":[[[-122.3903153,37.7893799],[-122.3906265,37.7891359],[-122.389958,37.7886034],[-122.3896469,37.7888474],[-122.3903153,37.7893799]]]},"properties":{"names":{"primary":"360 Spear Street Data Center","common":null,"rules":null},"sources":[{"property":"","dataset":"OpenStreetMap","license":"ODbL-1.0","record_id":"w192307107@5","update_time":"2024-07-07T18:51:40.000Z","confidence":null,"between":null}],"height":34.0,"is_underground":false,"has_parts":false,"version":1}},
{"id":"8c79de1d-c0a2-4706-aeb0-ad84bb718f03","type":"Feature","geometry":{"type":"Polygon","coordinates":[[[-122.3900865,37.7895691],[-122.3897634,37.7893083],[-122.3897193,37.7893452],[-122.3898902,37.7894833],[-122.3900427,37.7896043],[-122.3900844,37.7895728],[-122.3900865,37.7895691]]]},"properties":{"sources":[{"property":"","dataset":"OpenStreetMap","license":"ODbL-1.0","record_id":"w260320988@6","update_time":"2026-03-10T10:27:45.000Z","confidence":null,"between":null},{"property":"/properties/height","dataset":"USGS Lidar","license":null,"record_id":null,"update_time":null,"confidence":null,"between":null}],"level":1,"height":7.2,"is_underground":false,"subtype":"outbuilding","class":"roof","has_parts":false,"version":2}},
{"id":"0e33311a-91d5-456d-935c-62741419876d","type":"Feature","geometry":{"type":"Polygon","coordinates":[[[-122.389634,37.7860573],[-122.3901147,37.7856774],[-122.3899687,37.7855553],[-122.3896941,37.7857792],[-122.3895911,37.7857792],[-122.3894,37.7856284],[-122.3894013,37.7855533],[-122.3894161,37.7855424],[-122.3893742,37.7855093],[-122.3893905,37.7854987],[-122.3893594,37.7854739],[-122.389377,37.7854609],[-122.3892821,37.7853925],[-122.3892157,37.785447],[-122.3892255,37.7854547],[-122.3890504,37.7855892],[-122.389634,37.7860573]]]},"properties":{"names":{"primary":"500 Beale","common":null,"rules":null},"sources":[{"property":"","dataset":"OpenStreetMap","license":"ODbL-1.0","record_id":"w37058283@8","update_time":"2018-01-22T20:17:23.000Z","confidence":null,"between":null}],"height":13.0,"is_underground":false,"subtype":"residential","class":"apartments","has_parts":false,"version":1}},
{"id":"da65c410-4528-46b4-9ca4-e86c52deb290","type":"Feature","geometry":{"type":"Polygon","coordinates":[[[-122.3902053,37.7855699],[-122.3902183,37.785579],[-122.3902404,37.7855793],[-122.3902476,37.7855741],[-122.3902487,37.7855742],[-122.3906334,37.7852707],[-122.3905497,37.785204],[-122.3905419,37.7852096],[-122.3904815,37.7851616],[-122.3904707,37.7851525],[-122.3904618,37.7851592],[-122.3904636,37.7851608],[-122.3903588,37.7852437],[-122.3903567,37.7852419],[-122.3903478,37.7852487],[-122.3903501,37.7852506],[-122.3902845,37.7853025],[-122.3901793,37.7853026],[-122.390113,37.7852504],[-122.3901136,37.7852499],[-122.3901049,37.7852431],[-122.3901043,37.7852436],[-122.3900807,37.785225],[-122.390065,37.7852373],[-122.3900537,37.785228],[-122.3901433,37.7851544],[-122.3901445,37.7851352],[-122.3901316,37.7851254],[-122.3901295,37.7851256],[-122.3901018,37.7851033],[-122.3901042,37.7851015],[-122.3900441,37.7850533],[-122.3900419,37.7850551],[-122.3900091,37.7850287],[-122.3900016,37.7850211],[-122.3899766,37.7850202],[-122.3899703,37.785026],[-122.389965,37.7850218],[-122.3899629,37.7850234],[-122.3899509,37.7850118],[-122.3899521,37.7850065],[-122.3899352,37.7849932],[-122.389909,37.7849935],[-122.3898904,37.7850069],[-122.3898918,37.7850116],[-122.3898771,37.7850231],[-122.3898658,37.785014],[-122.3898026,37.785064],[-122.3898135,37.7850727],[-122.3898016,37.7850819],[-122.3897947,37.785083],[-122.3897761,37.7850977],[-122.3897767,37.7851172],[-122.3897935,37.7851319],[-122.3897986,37.7851314],[-122.3898132,37.7851419],[-122.3898124,37.7851426],[-122.3898172,37.7851463],[-122.3898115,37.7851507],[-122.3898092,37.7851697],[-122.3898233,37.785181],[-122.3898257,37.785181],[-122.3898552,37.7852043],[-122.3898518,37.785207],[-122.3899165,37.7852588],[-122.3899204,37.7852558],[-122.3899467,37.7852766],[-122.3899449,37.7852781],[-122.3899661,37.7852957],[-122.3899722,37.7852913],[-122.3899786,37.7852972],[-122.3899208,37.7853429],[-122.3902053,37.7855663],[-122.3902053,37.7855699]]]},"properties":{"names":{"primary":"3 Bayside Village","common":null,"rules":null},"sources":[{"property":"","dataset":"OpenStreetMap","license":"ODbL-1.0","record_id":"w288714170@4","update_time":"2020-01-27T16:12:06.000Z","confidence":null,"between":null}],"height":13.0,"is_underground":false,"subtype":"residential","class":"apartments","has_parts":false,"version":1}},
{"id":"a54865cd-de34-4667-b4bf-6bd83732b648","type":"Feature","geometry":{"type":"Polygon","coordinates":[[[-122.3903332,37.7874612],[-122.3901609,37.7873259],[-122.3898176,37.787601],[-122.3899874,37.7877348],[-122.3901073,37.7876392],[-122.390244,37.7875296],[-122.3903332,37.7874612]]]},"properties":{"sources":[{"property":"","dataset":"OpenStreetMap","license":"ODbL-1.0","record_id":"w944898355@5","update_time":"2026-06-04T11:00:01.000Z","confidence":null,"between":null},{"property":"/properties/height","dataset":"USGS Lidar","license":null,"record_id":null,"update_time":null,"confidence":null,"between":null}],"height":10.8,"is_underground":false,"num_floors":3,"roof_shape":"flat","has_parts":false,"version":4}},
{"id":"635dee36-74f3-4d28-bf7e-ff5303edc372","type":"Feature","geometry":{"type":"Polygon","coordinates":[[[-122.3900979,37.7870939],[-122.3901778,37.7871597],[-122.3902278,37.7871218],[-122.3901479,37.787056],[-122.3900979,37.7870939]]]},"properties":{"sources":[{"property":"","dataset":"OpenStreetMap","license":"ODbL-1.0","record_id":"w260318798@4","update_time":"2026-03-10T11:41:46.000Z","confidence":null,"between":null}],"height":3.0,"is_underground":false,"roof_shape":"flat","has_parts":false,"version":2}},
{"id":"22d62ea4-a8ad-4484-a1d8-57cb46180127","type":"Feature","geometry":{"type":"Polygon","coordinates":[[[-122.3900672,37.7870659],[-122.390029,37.7870224],[-122.3899493,37.7870661],[-122.3899876,37.7871096],[-122.3900672,37.7870659]]]},"properties":{"sources":[{"property":"","dataset":"Microsoft ML Buildings","license":"ODbL-1.0","record_id":null,"update_time":"2023-09-01T00:00:00.000Z","confidence":0.9092000126838684,"between":null}],"height":5.543743133544922,"is_underground":false,"has_parts":false,"version":3}},
{"id":"5df7d892-8a65-4e7d-b96c-f9a9d30054c3","type":"Feature","geometry":{"type":"Polygon","coordinates":[[[-122.3899234,37.7872867],[-122.389949,37.7873087],[-122.3900478,37.7872338],[-122.3900218,37.7872121],[-122.3899234,37.7872867]]]},"properties":{"sources":[{"property":"","dataset":"OpenStreetMap","license":"ODbL-1.0","record_id":"w1487180546@1","update_time":"2026-03-10T11:41:46.000Z","confidence":null,"between":null}],"height":3.0,"is_underground":false,"roof_shape":"flat","has_parts":false,"version":1}},
{"id":"272e76bf-48b7-4550-8cf7-44c85c3f180e","type":"Feature","geometry":{"type":"Polygon","coordinates":[[[-122.389949,37.7873087],[-122.3897986,37.7874227],[-122.3898944,37.7875017],[-122.3901437,37.7873128],[-122.3900478,37.7872338],[-122.389949,37.7873087]]]},"properties":{"sources":[{"property":"","dataset":"OpenStreetMap","license":"ODbL-1.0","record_id":"w260318797@4","update_time":"2026-03-10T11:41:46.000Z","confidence":null,"between":null}],"height":5.0,"is_underground":false,"roof_shape":"flat","has_parts":false,"version":2}},
{"id":"e1b4b74e-c99b-440a-8296-d2aadd595b5b","type":"Feature","geometry":{"type":"Polygon","coordinates":[[[-122.3897731,37.7879048],[-122.3897701,37.7879073],[-122.3897447,37.7878878],[-122.3897462,37.78786],[-122.3897402,37.7878505],[-122.3895475,37.7876973],[-122.3892696,37.7879156],[-122.3898101,37.7883455],[-122.3898131,37.7883467],[-122.3898225,37.7883468],[-122.3898266,37.7883455],[-122.3898383,37.7883363],[-122.3898411,37.7883385],[-122.3898476,37.7883391],[-122.3898546,37.7883376],[-122.3898818,37.788316],[-122.3898878,37.788311],[-122.3898911,37.7883082],[-122.3898922,37.7883031],[-122.389891,37.7882978],[-122.3898887,37.7882959],[-122.38992,37.7882721],[-122.3899223,37.788274],[-122.389937,37.7882745],[-122.3899422,37.7882725],[-122.3899944,37.788229],[-122.3899999,37.788233],[-122.3900097,37.7882347],[-122.3900151,37.7882343],[-122.3901194,37.788151],[-122.3898911,37.7879726],[-122.3898726,37.7879671],[-122.3898603,37.7879673],[-122.3898496,37.7879706],[-122.3898231,37.7879511],[-122.3898302,37.7879451],[-122.3898335,37.7879385],[-122.3898329,37.7879236],[-122.3898285,37.7879137],[-122.389816,37.7879043],[-122.3897955,37.7878994],[-122.3897794,37.7879019],[-122.3897731,37.7879048]]]},"properties":{"sources":[{"property":"","dataset":"OpenStreetMap","license":"ODbL-1.0","record_id":"w260320986@5","update_time":"2026-03-10T11:34:19.000Z","confidence":null,"between":null},{"property":"/properties/height","dataset":"USGS Lidar","license":null,"record_id":null,"update_time":null,"confidence":null,"between":null}],"height":33.8,"is_underground":false,"has_parts":true,"version":2}},
{"id":"c756aafe-f0a6-427b-bbbd-06479d59fa8b","type":"Feature","geometry":{"type":"Polygon","coordinates":[[[-122.3899977,37.7885722],[-122.389958,37.7886034],[-122.3906265,37.7891359],[-122.3909801,37.7888587],[-122.3903117,37.7883262],[-122.3899977,37.7885722]]]},"properties":{"names":{"primary":"365 Main Street Data Center","common":null,"rules":null},"sources":[{"property":"","dataset":"OpenStreetMap","license":"ODbL-1.0","record_id":"w460085343@5","update_time":"2024-08-25T14:21:49.000Z","confidence":null,"between":null}],"height":34.0,"is_underground":false,"has_parts":false,"version":1}},
{"id":"084687d9-5083-4de8-8b3c-e89dd41eafed","type":"Feature","geometry":{"type":"Polygon","coordinates":[[[-122.3901073,37.7876392],[-122.3899874,37.7877348],[-122.3901665,37.7878745],[-122.390318,37.7879872],[-122.3904745,37.7878562],[-122.3904903,37.7878429],[-122.3905098,37.7878275],[-122.3905832,37.7877696],[-122.3905997,37.7877827],[-122.3907284,37.7876818],[-122.3907168,37.7876725],[-122.3908092,37.7876001],[-122.3908882,37.787537],[-122.3909895,37.7874577],[-122.3908421,37.7873422],[-122.3906623,37.7872011],[-122.3906069,37.7872444],[-122.3905508,37.7872871],[-122.3904064,37.7874006],[-122.3903332,37.7874612],[-122.390244,37.7875296],[-122.3901073,37.7876392]]]},"properties":{"names":{"primary":"BayCrest Towers","common":null,"rules":null},"sources":[{"property":"","dataset":"OpenStreetMap","license":"ODbL-1.0","record_id":"w1474571838@4","update_time":"2026-06-04T11:00:01.000Z","confidence":null,"between":null}],"is_underground":false,"has_parts":true,"version":4}},
{"id":"200d75f7-ad5e-480a-a7b4-f54ef923247b","type":"Feature","geometry":{"type":"Polygon","coordinates":[[[-122.3907236,37.7880029],[-122.3905312,37.7881542],[-122.3911026,37.788608],[-122.3917773,37.7880772],[-122.39131449999999,37.7877097],[-122.391206,37.7876236],[-122.3911052,37.7877029],[-122.3907236,37.7880029]]]},"properties":{"names":{"primary":"The Bay Area Metro Center","common":null,"rules":null},"sources":[{"property":"","dataset":"OpenStreetMap","license":"ODbL-1.0","record_id":"w192328858@11","update_time":"2026-02-06T00:42:07.000Z","confidence":null,"between":null}],"height":43.0,"is_underground":false,"num_floors":7,"has_parts":false,"version":2}},
{"id":"d8abd03f-9f4b-4d1c-ab58-c626e80f1903","type":"Feature","geometry":{"type":"Polygon","coordinates":[[[-122.3915994,37.7864374],[-122.3914894,37.7860389],[-122.391409,37.785899],[-122.391122,37.786094],[-122.3907384,37.7864628],[-122.391181,37.7868062],[-122.3913714,37.78666],[-122.391417,37.7866324],[-122.3916691,37.7865498],[-122.3915994,37.7864374]],[[-122.39122,37.7860709],[-122.3912609,37.7861395],[-122.3913715,37.7865223],[-122.3913229,37.7865371],[-122.3912781,37.7865633],[-122.3912516,37.786584],[-122.390996,37.7863861],[-122.391213,37.7861947],[-122.3911824,37.7861754],[-122.3911957,37.7861606],[-122.3911864,37.7861153],[-122.3911682,37.7861053],[-122.39122,37.7860709]]]},"properties":{"names":{"primary":"Rincon Green","common":null,"rules":null},"sources":[{"property":"","dataset":"OpenStreetMap","license":"ODbL-1.0","record_id":"r19306631@1","update_time":"2025-06-30T12:05:41.000Z","confidence":null,"between":null}],"height":21.0,"is_underground":false,"num_floors":7,"subtype":"residential","class":"apartments","roof_shape":"flat","has_parts":false,"version":3}},
{"id":"7669efc5-62e7-4930-b206-83f204e92d51","type":"Feature","geometry":{"type":"Polygon","coordinates":[[[-122.3913958,37.7871395],[-122.3912492,37.7870251],[-122.391069,37.7868846],[-122.391053,37.7868974],[-122.3909371,37.7868072],[-122.3909251,37.7868168],[-122.3907756,37.7867008],[-122.3908245,37.7866614],[-122.3906483,37.7865198],[-122.3904869,37.7866781],[-122.3906122,37.7867815],[-122.3906067,37.7868488],[-122.390625,37.786863],[-122.3910418,37.7871881],[-122.3911881,37.7873022],[-122.3912488,37.7872546],[-122.3913111,37.7872058],[-122.3913281,37.7871925],[-122.3913958,37.7871395]]]},"properties":{"sources":[{"property":"","dataset":"OpenStreetMap","license":"ODbL-1.0","record_id":"w1474572306@1","update_time":"2026-02-06T00:50:15.000Z","confidence":null,"between":null}],"height":85.0,"is_underground":false,"has_parts":true,"version":2}},
{"id":"befbb8e4-f556-43b5-9323-899b8f8920f7","type":"Feature","geometry":{"type":"Polygon","coordinates":[[[-122.3901609,37.7873259],[-122.3903332,37.7874612],[-122.3904064,37.7874006],[-122.3905508,37.7872871],[-122.3906069,37.7872444],[-122.3904929,37.7871879],[-122.3904026,37.7871455],[-122.3901609,37.7873259]]]},"properties":{"sources":[{"property":"","dataset":"OpenStreetMap","license":"ODbL-1.0","record_id":"w944898356@3","update_time":"2026-06-04T11:00:01.000Z","confidence":null,"between":null},{"property":"/properties/height","dataset":"USGS Lidar","license":null,"record_id":null,"update_time":null,"confidence":null,"between":null}],"height":3.0,"is_underground":false,"num_floors":1,"roof_shape":"flat","has_parts":false,"version":4}},
{"id":"f20b614b-21d0-4d1c-8b6e-f94093985ccd","type":"Feature","geometry":{"type":"Polygon","coordinates":[[[-122.3904108,37.787024099999996],[-122.3901469,37.7872241],[-122.3901972,37.7872655],[-122.3904611,37.7870656],[-122.3904108,37.787024099999996]]]},"properties":{"sources":[{"property":"","dataset":"OpenStreetMap","license":"ODbL-1.0","record_id":"w260318799@4","update_time":"2026-03-10T11:41:46.000Z","confidence":null,"between":null}],"height":4.0,"is_underground":false,"roof_shape":"flat","has_parts":false,"version":2}},
{"id":"d8cb6fb9-42f4-4755-8c9b-3e7c34764380","type":"Feature","geometry":{"type":"Polygon","coordinates":[[[-122.3907286,37.7851804],[-122.3907268,37.7851945],[-122.3907388,37.7852041],[-122.3907569,37.7852007],[-122.390765,37.7851924],[-122.3907624,37.7851787],[-122.3908035,37.785142],[-122.3907982,37.785138],[-122.3908169,37.7851214],[-122.3908222,37.7851249],[-122.3908625,37.7850888],[-122.3908697,37.7850904],[-122.3908834,37.7850787],[-122.3908844,37.785062],[-122.3908728,37.7850521],[-122.3908604,37.7850524],[-122.3908351,37.7850322],[-122.390836,37.7850247],[-122.3908232,37.7850135],[-122.3908146,37.7850142],[-122.3907751,37.7849823],[-122.3907785,37.7849784],[-122.3907857,37.784966],[-122.3907865,37.7849525],[-122.3907817,37.7849385],[-122.3907757,37.7849321],[-122.3907814,37.784928],[-122.3907827,37.784929],[-122.3908163,37.7849028],[-122.3908235,37.7849038],[-122.3908394,37.7848913],[-122.3908378,37.7848837],[-122.3908524,37.7848723],[-122.3908632,37.7848721],[-122.3908756,37.7848624],[-122.3908766,37.7848541],[-122.3908849,37.7848476],[-122.3908792,37.784843],[-122.3909099,37.7848191],[-122.3909155,37.7848236],[-122.3909247,37.7848234],[-122.3909378,37.7848131],[-122.3909384,37.7848057],[-122.390956,37.784792],[-122.3909641,37.7847919],[-122.3909787,37.7847805],[-122.39098,37.7847733],[-122.3909919,37.784764],[-122.3910007,37.7847637],[-122.3910139,37.7847535],[-122.3910146,37.7847464],[-122.3910138,37.7847457],[-122.3910222,37.7847391],[-122.3910174,37.7847353],[-122.3910193,37.7847339],[-122.3910367,37.7847341],[-122.3910491,37.7847239],[-122.3910486,37.7847059],[-122.3910383,37.7846974],[-122.3910277,37.784696],[-122.3909832,37.7846592],[-122.3909799,37.7846617],[-122.390967,37.7846514],[-122.3909673,37.7846382],[-122.3909525,37.7846262],[-122.3909371,37.7846264],[-122.3909215,37.7846139],[-122.3909225,37.7846046],[-122.3909104,37.7845969],[-122.3908886,37.7845966],[-122.3908762,37.7846041],[-122.3908752,37.7846144],[-122.3908243,37.7846558],[-122.3908148,37.7846544],[-122.3908,37.784666],[-122.3908016,37.7846737],[-122.3907873,37.7846849],[-122.3907778,37.7846842],[-122.390763,37.7846959],[-122.3907643,37.7847029],[-122.3907486,37.7847153],[-122.3907379,37.7847141],[-122.3907238,37.7847251],[-122.3907252,37.7847325],[-122.3907224,37.7847303],[-122.3907117,37.7847389],[-122.3907211,37.7847464],[-122.3906788,37.7847796],[-122.3906696,37.7847722],[-122.390659,37.7847809],[-122.3906548,37.7847809],[-122.3906398,37.7847927],[-122.3906409,37.7847999],[-122.3906256,37.7848119],[-122.3906164,37.7848107],[-122.3906034,37.7848209],[-122.3906036,37.7848271],[-122.3906017,37.7848256],[-122.3905909,37.7848341],[-122.3905941,37.7848367],[-122.3905855,37.7848434],[-122.3905871,37.7848545],[-122.390576,37.7848628],[-122.3905593,37.7848487],[-122.3905603,37.7848431],[-122.3905466,37.7848312],[-122.3905205,37.7848295],[-122.3905063,37.7848424],[-122.3905079,37.7848501],[-122.3904837,37.7848692],[-122.3904558,37.7848459],[-122.3904542,37.7848471],[-122.3904464,37.7848406],[-122.3903857,37.7848879],[-122.3903937,37.7848941],[-122.3903904,37.7848967],[-122.3903963,37.7849026],[-122.3903659,37.7849276],[-122.390357,37.7849211],[-122.390337,37.7849386],[-122.3903362,37.7849764],[-122.3903569,37.7849931],[-122.3903649,37.7849869],[-122.3903968,37.7850127],[-122.3903917,37.7850172],[-122.3903804,37.7850255],[-122.3904429,37.7850774],[-122.3904529,37.78507],[-122.390454,37.7850709],[-122.3904792,37.7850512],[-122.3904844,37.7850471],[-122.3905079,37.7850657],[-122.3905078,37.7850744],[-122.3905204,37.7850844],[-122.3905459,37.7850834],[-122.3905566,37.7850739],[-122.3905566,37.7850698],[-122.390575,37.7850553],[-122.3905974,37.7850734],[-122.3905903,37.785079],[-122.390601,37.7850875],[-122.3906016,37.7850871],[-122.3906017,37.7850951],[-122.3906146,37.7851055],[-122.3906221,37.785105],[-122.3906375,37.7851179],[-122.3906374,37.7851254],[-122.390652,37.7851365],[-122.390661,37.7851367],[-122.3906618,37.785136],[-122.3906688,37.7851416],[-122.3906758,37.7851361],[-122.3907192,37.7851708],[-122.3907115,37.7851768],[-122.3907222,37.7851854],[-122.3907286,37.7851804]]]},"properties":{"names":{"primary":"501 Delancey","common":null,"rules":null},"sources":[{"property":"","dataset":"OpenStreetMap","license":"ODbL-1.0","record_id":"w288714171@4","update_time":"2026-06-08T14:15:55.000Z","confidence":null,"between":null}],"height":18.0,"is_underground":false,"subtype":"residential","class":"apartments","has_parts":false,"version":3}},
{"id":"d77f9066-bc97-45da-9508-fa6bd3cb5dd9","type":"Feature","geometry":{"type":"Polygon","coordinates":[[[-122.3921163,37.7856194],[-122.3920938,37.7856156],[-122.3920452,37.785576],[-122.3917468,37.7858091],[-122.3920898,37.7860725],[-122.3919706,37.7861645],[-122.3920391,37.7862168],[-122.3920219,37.7862307],[-122.3919989,37.7862129],[-122.3918041,37.7863699],[-122.3918409,37.7863985],[-122.3918265,37.78641],[-122.391881,37.7864525],[-122.391909,37.7864743],[-122.3919531,37.7865086],[-122.3920569,37.7865522],[-122.3921113,37.7865751],[-122.3922476,37.7864673],[-122.3923232,37.786408],[-122.3923007,37.7863956],[-122.3924756,37.7862589],[-122.3926341,37.7861351],[-122.392648,37.7861455],[-122.3927386,37.786074],[-122.392652,37.7860056],[-122.392624,37.7860277],[-122.392503,37.7859319],[-122.392494,37.785939],[-122.3924622,37.7859138],[-122.392401,37.7858653],[-122.392393,37.7858716],[-122.3923592,37.7858447],[-122.3923827,37.7858263],[-122.3923449,37.7857962],[-122.3923576,37.7857867],[-122.3923534,37.7857755],[-122.3923209,37.7857513],[-122.392293,37.7857302],[-122.3922531,37.7857],[-122.3922098,37.7856673],[-122.3921714,37.7856383],[-122.3921463,37.7856289],[-122.3921163,37.7856194]]]},"properties":{"names":{"primary":"One Rincon Hill","common":null,"rules":null},"sources":[{"property":"","dataset":"OpenStreetMap","license":"ODbL-1.0","record_id":"w260320982@9","update_time":"2023-09-12T13:52:23.000Z","confidence":null,"between":null},{"property":"/properties/height","dataset":"Microsoft ML Buildings","license":"ODbL-1.0","record_id":null,"update_time":"2023-09-01T00:00:00.000Z","confidence":0.991100013256073,"between":null}],"height":21.34747314453125,"is_underground":false,"num_floors":5,"has_parts":true,"version":2}},
{"id":"976d921c-0388-4162-a55e-c49d3fc53aa6","type":"Feature","geometry":{"type":"Polygon","coordinates":[[[-122.3922861,37.786769],[-122.3924169,37.7868749],[-122.392633,37.7867082],[-122.3925022,37.7866023],[-122.3922861,37.786769]]]},"properties":{"sources":[{"property":"","dataset":"OpenStreetMap","license":"ODbL-1.0","record_id":"w118229927@4","update_time":"2026-02-06T00:52:05.000Z","confidence":null,"between":null}],"height":8.0,"is_underground":false,"has_parts":false,"version":2}},
{"id":"2f052cc5-50c6-4989-a802-a8affe79a73c","type":"Feature","geometry":{"type":"Polygon","coordinates":[[[-122.3917504,37.7872084],[-122.392411,37.7877273],[-122.3927385,37.7874669],[-122.3926978,37.787435],[-122.3923608,37.7871702],[-122.3922744,37.7871023],[-122.392078,37.786948],[-122.3919297,37.7870659],[-122.3917504,37.7872084]]]},"properties":{"names":{"primary":"399 Fremont","common":null,"rules":null},"sources":[{"property":"","dataset":"OpenStreetMap","license":"ODbL-1.0","record_id":"w251587650@10","update_time":"2025-11-01T12:18:06.000Z","confidence":null,"between":null}],"height":134.0,"is_underground":false,"num_floors":42,"subtype":"residential","class":"apartments","has_parts":true,"version":1}},
{"id":"663e559f-b908-485f-86d1-5d9fce82c3b6","type":"Feature","geometry":{"type":"Polygon","coordinates":[[[-122.3915211,37.7870506],[-122.3915665,37.7870152],[-122.3915006,37.7869623],[-122.3914055,37.7870363],[-122.3914714,37.7870892],[-122.3915211,37.7870506]]]},"properties":{"sources":[{"property":"","dataset":"OpenStreetMap","license":"ODbL-1.0","record_id":"w1186664676@1","update_time":"2025-07-28T07:58:15.000Z","confidence":null,"between":null}],"is_underground":false,"num_floors":1,"has_parts":false,"version":1}},
{"id":"b9236038-602d-46da-86d2-cd1b00ee3fbb","type":"Feature","geometry":{"type":"Polygon","coordinates":[[[-122.3919166,37.7878685],[-122.3920836,37.7880001],[-122.3923886,37.7877596],[-122.3923366,37.7877207],[-122.3923426,37.7877135],[-122.3923056,37.7876847],[-122.3923006,37.7876888],[-122.3922876,37.7876786],[-122.3922936,37.7876726],[-122.3922786,37.7876614],[-122.3922696,37.78767],[-122.3922106,37.7876254],[-122.3922216,37.7876164],[-122.3921846,37.7875872],[-122.3921796,37.7875908],[-122.3921546,37.7875714],[-122.3921606,37.7875674],[-122.3921186,37.7875338],[-122.3921126,37.7875385],[-122.3920956,37.7875264],[-122.3920286,37.7875783],[-122.3920006,37.7875552],[-122.3919946,37.7875602],[-122.3919736,37.7875431],[-122.3919906,37.7875286],[-122.3919776,37.787517],[-122.3920216,37.7874818],[-122.3920376,37.7874939],[-122.3920456,37.7874859],[-122.3920076,37.7874557],[-122.3919606,37.7874927],[-122.3919487,37.7874843],[-122.3919636,37.7874712],[-122.3919386,37.7874514],[-122.3919346,37.7874514],[-122.3919146,37.7874364],[-122.3919176,37.7874341],[-122.3918366,37.7873701],[-122.3918376,37.7873696],[-122.3918366,37.7873695],[-122.3918356,37.7873695],[-122.3918126,37.787351],[-122.3917896,37.7873692],[-122.3917866,37.7873692],[-122.3917656,37.7873517],[-122.3917436,37.787369],[-122.3917416,37.787369],[-122.3917396,37.7873678],[-122.3917386,37.787369],[-122.3917356,37.7873689],[-122.3917146,37.787353],[-122.3916956,37.7873687],[-122.3916926,37.7873687],[-122.3916696,37.7873526],[-122.3916496,37.7873685],[-122.3916446,37.7873684],[-122.3916416,37.7873684],[-122.3916196,37.7873496],[-122.3915966,37.7873682],[-122.3915936,37.7873681],[-122.3915726,37.7873513],[-122.3915506,37.7873679],[-122.3915466,37.7873679],[-122.3915476,37.7873693],[-122.3915379,37.7873771],[-122.391522,37.78739],[-122.3914676,37.7874339],[-122.3914706,37.7874359],[-122.3914486,37.7874543],[-122.3914416,37.7874543],[-122.3914216,37.7874705],[-122.3915856,37.7876029],[-122.3915876,37.7876018],[-122.3915876,37.7876025],[-122.3915886,37.7876026],[-122.3916136,37.7876219],[-122.3916216,37.7876156],[-122.3916386,37.7876285],[-122.39165560000001,37.7876152],[-122.3916616,37.7876203],[-122.3916666,37.7876337],[-122.3916866,37.7876614],[-122.3917106,37.7876883],[-122.3917106,37.7876891],[-122.3917086,37.7876911],[-122.3917346,37.7877118],[-122.3917276,37.7877173],[-122.3917806,37.7877581],[-122.3917856,37.787754],[-122.3917916,37.7877584],[-122.3918076,37.7877712],[-122.3918106,37.7877693],[-122.3918266,37.7877779],[-122.3918666,37.7877981],[-122.3918896,37.7878062],[-122.3918646,37.7878231],[-122.3918946,37.7878454],[-122.3918926,37.7878473],[-122.3919186,37.7878669],[-122.3919166,37.7878685]]]},"properties":{"names":{"primary":"388 Beale","common":null,"rules":null},"sources":[{"property":"","dataset":"OpenStreetMap","license":"ODbL-1.0","record_id":"w288645692@8","update_time":"2026-02-06T00:50:15.000Z","confidence":null,"between":null}],"height":75.0,"is_underground":false,"num_floors":20,"has_parts":false,"version":3}},
{"id":"07f88666-609a-4350-bb83-192be87c422a","type":"Feature","geometry":{"type":"Polygon","coordinates":[[[-122.3915711,37.7889785],[-122.391834,37.7891929],[-122.3921733,37.7889391],[-122.3922491,37.7888871],[-122.3922821,37.7888669],[-122.3923041,37.7888314],[-122.3923641,37.7888041],[-122.3924121,37.7887535],[-122.3924501,37.7886899],[-122.3924471,37.788663],[-122.3924351,37.7886399],[-122.3923971,37.7886252],[-122.3923631,37.7885829],[-122.3923151,37.7885389],[-122.3922601,37.7885052],[-122.3922098,37.788461],[-122.3919269,37.7882337],[-122.3918748,37.7881919],[-122.3915748,37.7884065],[-122.3914677,37.7884996],[-122.3914337,37.7885173],[-122.3914217,37.7885446],[-122.3913287,37.7886005],[-122.3912677,37.7886691],[-122.3912597,37.7887077],[-122.3912737,37.7887463],[-122.3913067,37.7887588],[-122.3913337,37.7887838],[-122.3913687,37.7888274],[-122.3914127,37.7888617],[-122.3914587,37.788888],[-122.3915711,37.7889785]]]},"properties":{"sources":[{"property":"","dataset":"OpenStreetMap","license":"ODbL-1.0","record_id":"w1328554757@3","update_time":"2024-12-27T12:37:28.000Z","confidence":null,"between":null}],"is_underground":false,"subtype":"residential","class":"residential","has_parts":true,"version":1}},
{"id":"a47c4afc-82a6-4a97-9d34-a090aaa4b646","type":"Feature","geometry":{"type":"Polygon","coordinates":[[[-122.392095,37.7893857],[-122.3924192,37.7896558],[-122.3927033,37.789443],[-122.3926475,37.7893965],[-122.3925452,37.7894732],[-122.3924505,37.7893942],[-122.3925543,37.7893164],[-122.3923806,37.7891717],[-122.392095,37.7893857]]]},"properties":{"sources":[{"property":"","dataset":"OpenStreetMap","license":"ODbL-1.0","record_id":"w1389914425@3","update_time":"2025-08-07T07:41:34.000Z","confidence":null,"between":null}],"is_underground":false,"num_floors":17,"has_parts":false,"version":2}},
{"id":"f19c3b62-c329-4857-8893-c60215479edc","type":"Feature","geometry":{"type":"Polygon","coordinates":[[[-122.3923047,37.7908029],[-122.3921995,37.7908871],[-122.3923106,37.7909761],[-122.3926559,37.7907049],[-122.3925419,37.7906129],[-122.3924022,37.7907248],[-122.392354,37.7906872],[-122.3922565,37.7907653],[-122.3922775,37.7907818],[-122.3923047,37.7908029]]]},"properties":{"sources":[{"property":"","dataset":"OpenStreetMap","license":"ODbL-1.0","record_id":"w192305907@5","update_time":"2023-09-13T18:16:34.000Z","confidence":null,"between":null}],"height":85.0,"is_underground":false,"has_parts":false,"version":1}},
{"id":"2834f6fe-37b7-48c1-86d6-2cff75658d79","type":"Feature","geometry":{"type":"Polygon","coordinates":[[[-122.3920533,37.7914773],[-122.3920598,37.7914985],[-122.3920756,37.7915108],[-122.3920893,37.7915086],[-122.3920854,37.7914939],[-122.3921141,37.7914891],[-122.3921105,37.7914754],[-122.3921384,37.7914708],[-122.3921347,37.7914568],[-122.3921615,37.7914528],[-122.3921581,37.79144],[-122.392185,37.7914364],[-122.3921807,37.7914221],[-122.3922083,37.7914175],[-122.3922047,37.7914037],[-122.3922325,37.7913995],[-122.3922301,37.7913852],[-122.392253,37.7913801],[-122.3922491,37.7913651],[-122.3922769,37.7913604],[-122.3922733,37.7913463],[-122.392303,37.7913415],[-122.3923144,37.7913307],[-122.39231,37.7913181],[-122.3922976,37.7913208],[-122.3922897,37.7912986],[-122.3922756,37.7913017],[-122.3922675,37.791279],[-122.3922514,37.7912826],[-122.3922437,37.791261],[-122.39223,37.7912641],[-122.392222,37.7912419],[-122.3922056,37.7912455],[-122.392198,37.7912242],[-122.3921815,37.7912279],[-122.3921736,37.7912058],[-122.3921575,37.7912093],[-122.3921522,37.7911945],[-122.3921498,37.7911879],[-122.3921355,37.791191],[-122.3921276,37.7911689],[-122.3921127,37.7911722],[-122.3921047,37.7911499],[-122.3920884,37.7911535],[-122.3920806,37.7911316],[-122.3920668,37.7911346],[-122.3920596,37.7911143],[-122.3920442,37.7911177],[-122.3920358,37.7910943],[-122.3920183,37.7910982],[-122.3920115,37.7910766],[-122.3919965,37.7910797],[-122.3919899,37.7910584],[-122.3919729,37.7910614],[-122.3919665,37.7910409],[-122.3919493,37.7910442],[-122.3919482,37.7910409],[-122.3919419,37.7910224],[-122.3919276,37.7910255],[-122.3919184,37.7910042],[-122.3919033,37.7910068],[-122.3918963,37.7909859],[-122.3918804,37.7909725],[-122.391866,37.7909761],[-122.3918699,37.7909887],[-122.391842,37.7909944],[-122.3918468,37.7910069],[-122.3918186,37.7910123],[-122.3918232,37.7910259],[-122.3917956,37.7910312],[-122.3917993,37.7910436],[-122.3917722,37.7910493],[-122.3917771,37.7910614],[-122.3917487,37.7910681],[-122.3917535,37.7910805],[-122.3917257,37.7910868],[-122.3917302,37.7910984],[-122.3917026,37.7911052],[-122.3917069,37.7911175],[-122.3916795,37.7911232],[-122.3916829,37.7911355],[-122.3916565,37.7911418],[-122.3916399,37.7911545],[-122.3916448,37.7911664],[-122.3916606,37.7911626],[-122.3916672,37.7911847],[-122.3916835,37.7911811],[-122.3916902,37.791203],[-122.3917069,37.7911998],[-122.3917139,37.791217],[-122.3917247,37.791214],[-122.3917264,37.791219],[-122.3917304,37.7912183],[-122.3917372,37.7912396],[-122.3917521,37.7912367],[-122.3917591,37.791259],[-122.3917765,37.7912555],[-122.3917823,37.7912761],[-122.3917999,37.7912726],[-122.3918069,37.7912951],[-122.3918216,37.7912923],[-122.3918283,37.791314],[-122.3918453,37.7913107],[-122.3918518,37.791332],[-122.391868,37.7913289],[-122.3918749,37.7913515],[-122.3918898,37.7913486],[-122.3918966,37.7913708],[-122.3919151,37.7913672],[-122.3919176,37.7913752],[-122.3919216,37.7913883],[-122.3919376,37.7913852],[-122.391944,37.791406],[-122.3919611,37.7914027],[-122.3919681,37.7914255],[-122.3919845,37.7914224],[-122.3919907,37.7914423],[-122.3920069,37.7914393],[-122.3920139,37.7914618],[-122.39203,37.7914587],[-122.3920367,37.7914805],[-122.3920533,37.7914773]]]},"properties":{"names":{"primary":"201 Spear","common":null,"rules":null},"sources":[{"property":"","dataset":"OpenStreetMap","license":"ODbL-1.0","record_id":"w288645263@12","update_time":"2025-04-29T03:17:33.000Z","confidence":null,"between":null}],"height":81.0,"is_underground":false,"num_floors":18,"subtype":"commercial","class":"office","roof_shape":"flat","has_parts":false,"version":1}},
{"id":"a32fa60e-aefa-4522-bafb-82e81ef6e554","type":"Feature","geometry":{"type":"Polygon","coordinates":[[[-122.3920107,37.7907527],[-122.3920492,37.7907226],[-122.3920937,37.7907582],[-122.3924335,37.7904914],[-122.3923855,37.7904529],[-122.3925929,37.7902909],[-122.392272,37.7900368],[-122.3922411,37.7900607],[-122.3921909,37.7900177],[-122.3919758,37.7901828],[-122.3920505,37.7902397],[-122.3917434,37.7904808],[-122.3917893,37.7905176],[-122.391753,37.7905461],[-122.3920107,37.7907527]]]},"properties":{"sources":[{"property":"","dataset":"OpenStreetMap","license":"ODbL-1.0","record_id":"w288714525@5","update_time":"2024-07-07T19:17:06.000Z","confidence":null,"between":null}],"height":76.0,"is_underground":false,"has_parts":false,"version":1}},
{"id":"db8c7536-201a-49a0-92a6-48f9118e05fe","type":"Feature","geometry":{"type":"Polygon","coordinates":[[[-122.3915213,37.7898233],[-122.3911965,37.7900808],[-122.3915814,37.7903838],[-122.3918896,37.7901393],[-122.3915213,37.7898233]]]},"properties":{"sources":[{"property":"","dataset":"OpenStreetMap","license":"ODbL-1.0","record_id":"w693630796@2","update_time":"2026-02-20T05:24:47.000Z","confidence":null,"between":null}],"height":129.0,"is_underground":false,"num_floors":39,"has_parts":false,"version":1}},
{"id":"64d865ae-54ab-42fa-91e4-e594ca1aeb38","type":"Feature","geometry":{"type":"Polygon","coordinates":[[[-122.3911965,37.7900808],[-122.3915814,37.7903838],[-122.3918896,37.7901393],[-122.3922497,37.7898537],[-122.391865,37.7895507],[-122.3915213,37.7898233],[-122.3911965,37.7900808]]]},"properties":{"names":{"primary":"MIRA","common":null,"rules":[{"variant":"alternate","language":null,"perspectives":null,"value":"Folsom Bay Tower","between":null,"side":null}]},"sources":[{"property":"","dataset":"OpenStreetMap","license":"ODbL-1.0","record_id":"w939499092@2","update_time":"2024-10-27T12:40:25.000Z","confidence":null,"between":null}],"height":129.0,"is_underground":false,"num_floors":39,"subtype":"residential","class":"apartments","has_parts":true,"version":1}},
{"id":"da57f761-5e86-4b01-b18d-754c2e9b9931","type":"Feature","geometry":{"type":"Polygon","coordinates":[[[-122.391282,37.7892681],[-122.3912649,37.7892883],[-122.39124,37.7893025],[-122.3912076,37.7893111],[-122.3911828,37.7893254],[-122.3911629,37.7893478],[-122.3911528,37.789374],[-122.3911535,37.7894013],[-122.3911647,37.7894271],[-122.3911856,37.789449],[-122.3912111,37.7894625],[-122.3912438,37.7894702],[-122.3912694,37.7894837],[-122.3912873,37.7895034],[-122.3912983,37.789529],[-122.3913163,37.7895486],[-122.3913447,37.7895643],[-122.3913778,37.7895723],[-122.3914124,37.7895718],[-122.3914451,37.7895629],[-122.3914727,37.7895464],[-122.3914898,37.7895263],[-122.3914996,37.7895004],[-122.3915167,37.7894802],[-122.3915416,37.789466],[-122.391574,37.7894574],[-122.3915988,37.7894431],[-122.3916187,37.7894207],[-122.3916287,37.7893945],[-122.3916281,37.7893672],[-122.3916168,37.7893414],[-122.391596,37.7893195],[-122.3915705,37.789306],[-122.3915378,37.7892983],[-122.3915122,37.7892848],[-122.3914943,37.7892651],[-122.3914833,37.7892395],[-122.3914652,37.7892199],[-122.3914369,37.7892042],[-122.3914038,37.7891962],[-122.3913692,37.7891967],[-122.3913365,37.7892056],[-122.3913089,37.7892221],[-122.3912918,37.7892422],[-122.391282,37.7892681]]]},"properties":{"names":{"primary":"The Infinity I","common":null,"rules":null},"sources":[{"property":"","dataset":"OpenStreetMap","license":"ODbL-1.0","record_id":"w421816062@1","update_time":"2016-05-30T14:01:56.000Z","confidence":null,"between":null}],"height":117.0,"is_underground":false,"num_floors":37,"subtype":"residential","class":"apartments","has_parts":false,"version":1}},
{"id":"37d8bc31-83fb-4b71-9ac6-b8592c160ca9","type":"Feature","geometry":{"type":"Polygon","coordinates":[[[-122.3909587,37.7898915],[-122.3909849,37.7898709],[-122.391011,37.7898917],[-122.3913209,37.7896487],[-122.3912949,37.7896279],[-122.3913503,37.7895845],[-122.3912024,37.7894667],[-122.3911427,37.7895135],[-122.3911216,37.7894967],[-122.3909703,37.7896153],[-122.3909247,37.789579],[-122.3907441,37.7897206],[-122.3909587,37.7898915]]]},"properties":{"sources":[{"property":"","dataset":"OpenStreetMap","license":"ODbL-1.0","record_id":"w191861045@5","update_time":"2021-05-20T06:57:00.000Z","confidence":null,"between":null},{"property":"/properties/height","dataset":"USGS Lidar","license":null,"record_id":null,"update_time":null,"confidence":null,"between":null}],"height":26.0,"is_underground":false,"num_floors":6,"has_parts":false,"version":1}},
{"id":"1066a873-35a3-4602-82f6-5994dd0575f2","type":"Feature","geometry":{"type":"Polygon","coordinates":[[[-122.3910597,37.7889188],[-122.3910335,37.7889394],[-122.3910074,37.7889186],[-122.3906974,37.7891616],[-122.3908967,37.7893136],[-122.3910481,37.789195],[-122.3911133,37.789247],[-122.3911514,37.7892171],[-122.3911657,37.7892285],[-122.3912037,37.7891986],[-122.3912186,37.7892105],[-122.3913231,37.7891286],[-122.3910597,37.7889188]]]},"properties":{"sources":[{"property":"","dataset":"OpenStreetMap","license":"ODbL-1.0","record_id":"w421816058@2","update_time":"2021-05-20T06:57:00.000Z","confidence":null,"between":null}],"height":35.0,"is_underground":false,"num_floors":8,"has_parts":false,"version":1}},
{"id":"f708b706-0896-4308-9dde-01f6a61ae6ec","type":"Feature","geometry":{"type":"Polygon","coordinates":[[[-122.3905399,37.7893066],[-122.3905229,37.7893267],[-122.390498,37.7893409],[-122.3904656,37.7893496],[-122.3904407,37.7893639],[-122.3904209,37.7893863],[-122.3904108,37.7894124],[-122.3904114,37.7894398],[-122.3904227,37.7894656],[-122.3904435,37.7894874],[-122.390469,37.789501],[-122.3905018,37.7895087],[-122.3905273,37.7895222],[-122.3905453,37.7895419],[-122.3905562,37.7895675],[-122.3905743,37.7895871],[-122.3906026,37.7896028],[-122.3906357,37.7896108],[-122.3906703,37.7896103],[-122.390703,37.7896013],[-122.3907306,37.7895849],[-122.3907478,37.7895647],[-122.3907576,37.7895389],[-122.3907746,37.7895187],[-122.3907995,37.7895045],[-122.3908319,37.7894958],[-122.3908568,37.7894815],[-122.3908766,37.7894591],[-122.3908867,37.789433],[-122.3908861,37.7894057],[-122.3908748,37.7893798],[-122.390854,37.789358],[-122.3908285,37.7893444],[-122.3907957,37.7893367],[-122.3907702,37.7893232],[-122.3907522,37.7893035],[-122.3907413,37.789278],[-122.3907232,37.7892583],[-122.3906949,37.7892426],[-122.3906618,37.7892347],[-122.3906272,37.7892352],[-122.3905945,37.7892441],[-122.3905669,37.7892605],[-122.3905497,37.7892807],[-122.3905399,37.7893066]]]},"properties":{"names":{"primary":"The Infinity II","common":null,"rules":null},"sources":[{"property":"","dataset":"OpenStreetMap","license":"ODbL-1.0","record_id":"w421816061@1","update_time":"2016-05-30T14:01:55.000Z","confidence":null,"between":null}],"height":132.0,"is_underground":false,"num_floors":41,"subtype":"residential","class":"apartments","has_parts":false,"version":1}},
{"id":"d31f359f-d8de-40ac-89a0-022dfe7fd688","type":"Feature","geometry":{"type":"Polygon","coordinates":[[[-122.3916169,37.7907303],[-122.3910635,37.7902926],[-122.3910275,37.7903209],[-122.3909939,37.7902943],[-122.3907273,37.7905047],[-122.3907526,37.7905247],[-122.3906435,37.7906109],[-122.3906165,37.7905895],[-122.3903505,37.7907997],[-122.3909719,37.7912909],[-122.3912347,37.7910833],[-122.3912087,37.7910627],[-122.3913187,37.7909758],[-122.3913467,37.7909979],[-122.3915567,37.790832],[-122.3915834,37.7908109],[-122.3916126,37.7907879],[-122.3915913,37.7907711],[-122.3915783,37.7907608],[-122.3916169,37.7907303]]]},"properties":{"sources":[{"property":"","dataset":"OpenStreetMap","license":"ODbL-1.0","record_id":"w93817368@6","update_time":"2024-06-23T17:44:42.000Z","confidence":null,"between":null}],"height":91.0,"is_underground":false,"num_floors":15,"subtype":"commercial","class":"office","has_parts":true,"version":1}},
{"id":"f73c43c9-d469-4943-8852-e7f5541481f8","type":"Feature","geometry":{"type":"Polygon","coordinates":[[[-122.3918444,37.7943387],[-122.3918909,37.7943118],[-122.3916329,37.7940337],[-122.3915865,37.7940606],[-122.3918444,37.7943387]]]},"properties":{"sources":[{"property":"","dataset":"OpenStreetMap","license":"ODbL-1.0","record_id":"w979811981@2","update_time":"2022-08-26T07:55:51.000Z","confidence":null,"between":null},{"property":"/properties/height","dataset":"USGS Lidar","license":null,"record_id":null,"update_time":null,"confidence":null,"between":null}],"level":1,"height":8.7,"is_underground":false,"subtype":"outbuilding","class":"roof","has_parts":false,"version":1}},
{"id":"c0d5da1a-7dae-4858-94d6-6a3f80e0f981","type":"Feature","geometry":{"type":"Polygon","coordinates":[[[-122.391336,37.7915873],[-122.3916659,37.7918431],[-122.3919993,37.791577],[-122.3920417,37.7915431],[-122.3917124,37.7912854],[-122.391336,37.7915873]]]},"properties":{"names":{"primary":"One Steuart Lane","common":null,"rules":null},"sources":[{"property":"","dataset":"OpenStreetMap","license":"ODbL-1.0","record_id":"w667097308@8","update_time":"2025-04-29T03:17:02.000Z","confidence":null,"between":null},{"property":"/properties/height","dataset":"Microsoft ML Buildings","license":"ODbL-1.0","record_id":null,"update_time":"2023-09-01T00:00:00.000Z","confidence":0.9879999756813049,"between":null}],"height":25.155969619750977,"is_underground":false,"subtype":"residential","class":"apartments","roof_shape":"flat","has_parts":false,"version":2}},
{"id":"67104b83-3645-46c8-95c8-94e011423e5e","type":"Feature","geometry":{"type":"Polygon","coordinates":[[[-122.3915353,37.7923704],[-122.3916989,37.7926628],[-122.3917286,37.7926391],[-122.3918792,37.7925169],[-122.3919885,37.7924295],[-122.3918376,37.7923096],[-122.3916974,37.7921958],[-122.3916796,37.7921902],[-122.3916612,37.792189],[-122.3916379,37.7921951],[-122.3915454,37.7922679],[-122.3915338,37.7922841],[-122.3915243,37.7923019],[-122.3915265,37.7923349],[-122.3915353,37.7923704]]]},"properties":{"names":{"primary":"Google Community Space","common":null,"rules":[{"variant":"alternate","language":null,"perspectives":null,"value":"Bayside Plaza","between":null,"side":null}]},"sources":[{"property":"","dataset":"OpenStreetMap","license":"ODbL-1.0","record_id":"w32862467@10","update_time":"2025-04-29T03:22:26.000Z","confidence":null,"between":null},{"property":"/properties/height","dataset":"USGS Lidar","license":null,"record_id":null,"update_time":null,"confidence":null,"between":null}],"height":29.7,"is_underground":false,"num_floors":8,"subtype":"commercial","class":"commercial","roof_shape":"flat","has_parts":false,"version":1}},
{"id":"362f295b-6ef8-433b-a7bc-6506b022172c","type":"Feature","geometry":{"type":"Polygon","coordinates":[[[-122.3916492,37.7927026],[-122.3919889,37.792968],[-122.3920674,37.7929052],[-122.3920354,37.7928802],[-122.3921226,37.7928105],[-122.3921678,37.7927743],[-122.3921441,37.7927558],[-122.3919993,37.7926427],[-122.3919673,37.7926177],[-122.391922,37.7925823],[-122.3918746,37.7925452],[-122.3918012,37.7926039],[-122.3920217,37.7927761],[-122.3919635,37.7928226],[-122.3917286,37.7926391],[-122.3916989,37.7926628],[-122.3916492,37.7927026]]]},"properties":{"names":{"primary":"Army and Navy Y.M.C.A. Building","common":null,"rules":null},"sources":[{"property":"","dataset":"OpenStreetMap","license":"ODbL-1.0","record_id":"w32862485@7","update_time":"2025-04-29T03:22:16.000Z","confidence":null,"between":null},{"property":"/properties/height","dataset":"USGS Lidar","license":null,"record_id":null,"update_time":null,"confidence":null,"between":null}],"height":38.7,"is_underground":false,"num_floors":10,"subtype":"commercial","class":"hotel","roof_shape":"pyramidal","has_parts":false,"version":1}},
{"id":"cbee15c1-9298-4c43-9800-8738d9643172","type":"Feature","geometry":{"type":"Polygon","coordinates":[[[-122.3922139,37.7927887],[-122.3923293,37.7927003],[-122.3921004,37.7925184],[-122.3919673,37.7926177],[-122.3919993,37.7926427],[-122.3920129,37.7926336],[-122.3921543,37.7927486],[-122.3921441,37.7927558],[-122.3921678,37.7927743],[-122.3921226,37.7928105],[-122.3921549,37.7928359],[-122.3922139,37.7927887]]]},"properties":{"names":{"primary":"Harbor Court Hotel","common":null,"rules":null},"sources":[{"property":"","dataset":"OpenStreetMap","license":"ODbL-1.0","record_id":"w193054138@11","update_time":"2025-03-14T02:30:31.000Z","confidence":null,"between":null}],"is_underground":false,"num_floors":8,"has_parts":false,"version":1}},
{"id":"70261e58-f911-4cb4-8399-ed77ce50a5a4","type":"Feature","geometry":{"type":"Polygon","coordinates":[[[-122.3919673,37.7926177],[-122.3921004,37.7925184],[-122.3919885,37.7924295],[-122.3918792,37.7925169],[-122.3919423,37.7925662],[-122.391922,37.7925823],[-122.3919673,37.7926177]]]},"properties":{"names":{"primary":"YMCA","common":null,"rules":null},"sources":[{"property":"","dataset":"OpenStreetMap","license":"ODbL-1.0","record_id":"w193054131@9","update_time":"2024-05-03T23:40:28.000Z","confidence":null,"between":null}],"is_underground":false,"num_floors":3,"has_parts":false,"version":1}},
{"id":"5d51e5b1-1280-4b98-8a15-f6d60a1e975c","type":"Feature","geometry":{"type":"Polygon","coordinates":[[[-122.391971,37.7919234],[-122.3918635,37.7920063],[-122.3919949,37.792114],[-122.3920486,37.7921574],[-122.3921719,37.792258],[-122.3923886,37.7924168],[-122.392432,37.7923821],[-122.392469,37.7923524],[-122.3925218,37.7923101],[-122.3925705,37.7922711],[-122.3925752,37.7922673],[-122.3925932,37.7922509],[-122.392581,37.7922219],[-122.3925758,37.7921925],[-122.3925756,37.7921649],[-122.392536,37.7921543],[-122.3925069,37.792131],[-122.3924898,37.7920997],[-122.3924866,37.7920625],[-122.3924097,37.792002599999996],[-122.3924706,37.7919538],[-122.3925314,37.7919049],[-122.392607,37.7919638],[-122.3926621,37.791968],[-122.3926953,37.7919813],[-122.3927228,37.7920019],[-122.3927446,37.7920295],[-122.3927829,37.7920293],[-122.3928303,37.7920376],[-122.3928546,37.7920511],[-122.3928722,37.7920419],[-122.3928765,37.7920386],[-122.3930293,37.7919188],[-122.3930547,37.7918989],[-122.3928552,37.791736],[-122.392732,37.7916355],[-122.3925401,37.7914789],[-122.3923721,37.7916074],[-122.3923985,37.7916289],[-122.392267,37.7917295],[-122.392257,37.7917213],[-122.39224,37.7917343],[-122.3922204,37.7917183],[-122.392202,37.7917033],[-122.3921172,37.7917681],[-122.3921361,37.7917835],[-122.3921571,37.7918006],[-122.3921398,37.7918138],[-122.3921499,37.791822],[-122.3920159,37.7919245],[-122.3919939,37.7919065],[-122.391971,37.7919234]]]},"properties":{"names":{"primary":"The Towers at Rincon","common":null,"rules":null},"sources":[{"property":"","dataset":"OpenStreetMap","license":"ODbL-1.0","record_id":"w32862406@14","update_time":"2024-08-25T14:14:22.000Z","confidence":null,"between":null}],"height":93.0,"is_underground":false,"num_floors":24,"has_parts":true,"version":1}},
{"id":"ec8ce51c-da8f-4ba7-b080-b581557a5487","type":"Feature","geometry":{"type":"Polygon","coordinates":[[[-122.3923291,37.7932374],[-122.3926647,37.7929668],[-122.3925508,37.7928763],[-122.3922125,37.7931452],[-122.3923291,37.7932374]]]},"properties":{"names":{"primary":"Steuart Place","common":null,"rules":null},"sources":[{"property":"","dataset":"OpenStreetMap","license":"ODbL-1.0","record_id":"w193054132@6","update_time":"2025-04-29T03:22:11.000Z","confidence":null,"between":null},{"property":"/properties/height","dataset":"USGS Lidar","license":null,"record_id":null,"update_time":null,"confidence":null,"between":null}],"height":24.8,"is_underground":false,"num_floors":7,"subtype":"commercial","class":"commercial","roof_shape":"gabled","has_parts":false,"version":1}},
{"id":"4e589a94-6414-4ac1-97f1-c1602ab71fb1","type":"Feature","geometry":{"type":"Polygon","coordinates":[[[-122.3922125,37.7931452],[-122.3925508,37.7928763],[-122.3924399,37.7927882],[-122.3921,37.7930551],[-122.3922125,37.7931452]]]},"properties":{"sources":[{"property":"","dataset":"OpenStreetMap","license":"ODbL-1.0","record_id":"w193054137@5","update_time":"2025-04-29T03:22:13.000Z","confidence":null,"between":null},{"property":"/properties/height","dataset":"USGS Lidar","license":null,"record_id":null,"update_time":null,"confidence":null,"between":null}],"height":19.4,"is_underground":false,"num_floors":3,"subtype":"commercial","class":"office","roof_shape":"flat","has_parts":false,"version":1}},
{"id":"184bd5a9-42f8-4688-b3d6-c167827677c1","type":"Feature","geometry":{"type":"Polygon","coordinates":[[[-122.3924399,37.7927882],[-122.3923293,37.7927003],[-122.3921549,37.7928359],[-122.3920674,37.7929052],[-122.3919889,37.792968],[-122.3921,37.7930551],[-122.3924399,37.7927882]]]},"properties":{"names":{"primary":"Hotel Griffon","common":null,"rules":null},"sources":[{"property":"","dataset":"OpenStreetMap","license":"ODbL-1.0","record_id":"w193054133@10","update_time":"2025-04-29T03:22:14.000Z","confidence":null,"between":null}],"is_underground":false,"num_floors":5,"subtype":"commercial","class":"hotel","roof_shape":"flat","has_parts":false,"version":1}},
{"id":"4cc2e472-0e8f-4703-8efa-40ac9e5fd007","type":"Feature","geometry":{"type":"Polygon","coordinates":[[[-122.3919138,37.7941359],[-122.3921782,37.7944251],[-122.3925381,37.7942196],[-122.3921988,37.7938485],[-122.391763,37.7940974],[-122.3918379,37.7941793],[-122.3919138,37.7941359]]]},"properties":{"names":{"primary":"Ferry Station Post Office Building","common":null,"rules":[{"variant":"alternate","language":null,"perspectives":null,"value":"AG Building","between":null,"side":null}]},"sources":[{"property":"","dataset":"OpenStreetMap","license":"ODbL-1.0","record_id":"w104599975@6","update_time":"2025-08-08T06:12:44.000Z","confidence":null,"between":null}],"height":15.0,"is_underground":false,"subtype":"commercial","class":"commercial","roof_shape":"flat","has_parts":false,"version":2}},
{"id":"c335cf0c-94db-4b1d-a489-9fe545219239","type":"Feature","geometry":{"type":"Polygon","coordinates":[[[-122.3925496,37.7934101],[-122.3926625,37.7934994],[-122.3929998,37.7932331],[-122.3928872,37.7931436],[-122.3925496,37.7934101]]]},"properties":{"names":{"primary":"The Audiffred Building","common":null,"rules":null},"sources":[{"property":"","dataset":"OpenStreetMap","license":"ODbL-1.0","record_id":"w193054136@8","update_time":"2025-04-29T03:22:08.000Z","confidence":null,"between":null},{"property":"/properties/height","dataset":"USGS Lidar","license":null,"record_id":null,"update_time":null,"confidence":null,"between":null}],"height":17.4,"is_underground":false,"num_floors":3,"subtype":"commercial","class":"retail","roof_shape":"mansard","has_parts":false,"version":1}},
{"id":"7cbb762f-5c63-43c2-bf6e-f872aafd2ac7","type":"Feature","geometry":{"type":"Polygon","coordinates":[[[-122.3927753,37.7930547],[-122.3924375,37.7933214],[-122.3925496,37.7934101],[-122.3928872,37.7931436],[-122.3927753,37.7930547]]]},"properties":{"sources":[{"property":"","dataset":"OpenStreetMap","license":"ODbL-1.0","record_id":"w256969674@8","update_time":"2025-04-29T03:16:16.000Z","confidence":null,"between":null},{"property":"/properties/height","dataset":"USGS Lidar","license":null,"record_id":null,"update_time":null,"confidence":null,"between":null}],"height":20.3,"is_underground":false,"num_floors":4,"subtype":"commercial","class":"commercial","roof_shape":"flat","has_parts":false,"version":1}},
{"id":"22092901-da54-4d10-88bf-47f1301101f4","type":"Feature","geometry":{"type":"Polygon","coordinates":[[[-122.3924375,37.7933214],[-122.3927753,37.7930547],[-122.3926647,37.7929668],[-122.3923291,37.7932374],[-122.3923239,37.7932421],[-122.3924284,37.793328],[-122.3924375,37.7933214]]]},"properties":{"sources":[{"property":"","dataset":"OpenStreetMap","license":"ODbL-1.0","record_id":"w193054135@6","update_time":"2025-04-29T03:22:10.000Z","confidence":null,"between":null},{"property":"/properties/height","dataset":"USGS Lidar","license":null,"record_id":null,"update_time":null,"confidence":null,"between":null}],"height":28.7,"is_underground":false,"num_floors":7,"subtype":"commercial","class":"office","roof_shape":"flat","has_parts":false,"version":1}},
{"id":"314281a1-5bc8-4024-b6f4-eabc905a497e","type":"Feature","geometry":{"type":"Polygon","coordinates":[[[-122.3925425,37.7924111],[-122.3926496,37.7923253],[-122.3926119,37.7922959],[-122.3925752,37.7922673],[-122.3925705,37.7922711],[-122.3925218,37.7923101],[-122.392469,37.7923524],[-122.392432,37.7923821],[-122.3923886,37.7924168],[-122.3923706,37.7924312],[-122.3923618,37.7924384],[-122.3924361,37.7924963],[-122.3924438,37.7924901],[-122.3924687,37.7924702],[-122.3925425,37.7924111]]]},"properties":{"sources":[{"property":"","dataset":"OpenStreetMap","license":"ODbL-1.0","record_id":"w1301393953@1","update_time":"2024-07-14T23:08:46.000Z","confidence":null,"between":null}],"level":1,"is_underground":false,"subtype":"outbuilding","class":"roof","has_parts":false,"version":1}},
{"id":"f5e0c8be-fef1-4d39-b39e-f223e4807148","type":"Feature","geometry":{"type":"Polygon","coordinates":[[[-122.3929038,37.7920671],[-122.3929412,37.7920968],[-122.3930902,37.79198],[-122.3931232,37.7919541],[-122.3931282,37.7919502],[-122.3931432,37.7919384],[-122.3931563,37.7919282],[-122.3930874,37.7918733],[-122.3930748,37.7918832],[-122.3930547,37.7918989],[-122.3930293,37.7919188],[-122.3928765,37.7920386],[-122.3928722,37.7920419],[-122.3929038,37.7920671]]]},"properties":{"sources":[{"property":"","dataset":"OpenStreetMap","license":"ODbL-1.0","record_id":"w1301393957@1","update_time":"2024-07-14T23:08:46.000Z","confidence":null,"between":null}],"level":1,"is_underground":false,"subtype":"outbuilding","class":"roof","has_parts":false,"version":1}},
{"id":"a075fb47-b558-48dd-b492-7203ea8b7ee6","type":"Feature","geometry":{"type":"Polygon","coordinates":[[[-122.3924687,37.7924702],[-122.3931723,37.7930575],[-122.3938452,37.7925358],[-122.3931232,37.7919541],[-122.3930902,37.79198],[-122.3929412,37.7920968],[-122.3929563,37.7921103],[-122.3928834,37.7921655],[-122.3928588,37.7921459],[-122.3927852,37.7922025],[-122.3927226,37.7922507],[-122.3927542,37.7922744],[-122.3926656,37.7923393],[-122.3926496,37.7923253],[-122.3925425,37.7924111],[-122.3924687,37.7924702]]]},"properties":{"names":{"primary":"Rincon Annex","common":null,"rules":null},"sources":[{"property":"","dataset":"OpenStreetMap","license":"ODbL-1.0","record_id":"w44106213@17","update_time":"2025-04-29T03:17:41.000Z","confidence":null,"between":null}],"height":33.0,"is_underground":false,"subtype":"civic","class":"government","has_parts":false,"version":1}},
{"id":"34d12e07-615c-4704-8b9d-1169ec3744f7","type":"Feature","geometry":{"type":"Polygon","coordinates":[[[-122.3931627,37.7934433],[-122.393149,37.7934363],[-122.392934,37.7936022],[-122.3929565,37.7936213],[-122.3929511,37.7936253],[-122.3929383,37.7936224],[-122.3929241,37.7936227],[-122.3929036,37.793627],[-122.3928857,37.793639400000004],[-122.3928792,37.7936542],[-122.392877,37.7936715],[-122.3928872,37.7936902],[-122.3929047,37.7936997],[-122.3929248,37.7937035],[-122.3929412,37.7937026],[-122.3929503,37.7937],[-122.3929544,37.7937032],[-122.3929311,37.7937213],[-122.3930521,37.7938193],[-122.3931274,37.7938802],[-122.3932022,37.7939408],[-122.3932879,37.7938747],[-122.3933988,37.7937891],[-122.3934355,37.7938188],[-122.3935615,37.7939208],[-122.3937063,37.7938091],[-122.3935787,37.7937062],[-122.3934491,37.7936017],[-122.3932974,37.7934793],[-122.3932404,37.7934333],[-122.3932303,37.7934393],[-122.3932145,37.7934452],[-122.3931978,37.7934472],[-122.3931962,37.7934474],[-122.3931815,37.7934482],[-122.3931717,37.7934466],[-122.3931627,37.7934433]]]},"properties":{"names":{"primary":"1 Hotel San Francisco","common":null,"rules":null},"sources":[{"property":"","dataset":"OpenStreetMap","license":"ODbL-1.0","record_id":"w193054134@10","update_time":"2026-03-10T13:42:18.000Z","confidence":null,"between":null},{"property":"/properties/height","dataset":"USGS Lidar","license":null,"record_id":null,"update_time":null,"confidence":null,"between":null}],"height":27.4,"is_underground":false,"has_parts":true,"version":2}},
{"id":"a6c15ad2-39d0-4b58-9384-85c3726ced67","type":"Feature","geometry":{"type":"Polygon","coordinates":[[[-122.393492,37.7938965],[-122.3934254,37.7938422],[-122.3933426,37.7939091],[-122.3932926,37.7939651],[-122.3932885,37.7939747],[-122.3932875,37.7939832],[-122.3932896,37.7939903],[-122.3932943,37.7939984],[-122.3933008,37.7940067],[-122.3933781,37.7940665],[-122.3934769,37.7939903],[-122.393425,37.7939483],[-122.393492,37.7938965]]]},"properties":{"sources":[{"property":"","dataset":"OpenStreetMap","license":"ODbL-1.0","record_id":"w260290226@4","update_time":"2026-03-10T13:42:18.000Z","confidence":null,"between":null}],"height":4.0,"is_underground":false,"roof_shape":"flat","has_parts":false,"version":2}},
{"id":"59132154-27d6-4536-8b6c-ad85063b082b","type":"Feature","geometry":{"type":"Polygon","coordinates":[[[-122.3939959,37.7936929],[-122.3942108,37.7938644],[-122.3945972,37.7935615],[-122.3948763,37.7933433],[-122.3944906,37.7930363],[-122.3944583,37.7930102],[-122.3941212,37.7927413],[-122.3938348,37.7929655],[-122.393911,37.7930263],[-122.3938624,37.7930643],[-122.3935322,37.7933229],[-122.393879,37.7936002],[-122.3939959,37.7936929]]]},"properties":{"names":{"primary":"One Market Plaza","common":null,"rules":null},"sources":[{"property":"","dataset":"OpenStreetMap","license":"ODbL-1.0","record_id":"w132238424@9","update_time":"2025-06-30T15:33:54.000Z","confidence":null,"between":null}],"height":28.0,"is_underground":false,"has_parts":true,"version":2}},
{"id":"b6f110b1-eb13-4ff5-b327-3191a8baf51e","type":"Feature","geometry":{"type":"Polygon","coordinates":[[[-122.3942958,37.7925384],[-122.3946199,37.7927944],[-122.394875,37.7925927],[-122.3945509,37.7923367],[-122.3942958,37.7925384]]]},"properties":{"sources":[{"property":"","dataset":"OpenStreetMap","license":"ODbL-1.0","record_id":"w32863010@9","update_time":"2024-07-07T19:17:06.000Z","confidence":null,"between":null}],"height":60.0,"is_underground":false,"has_parts":false,"version":1}},
{"id":"4a2222a3-8a1b-46b2-b4cb-5279a9813423","type":"Feature","geometry":{"type":"Polygon","coordinates":[[[-122.3944775,37.7920641],[-122.3947517,37.791845],[-122.3944766,37.7916301],[-122.3944318,37.7916658],[-122.3944025,37.7916429],[-122.3943722,37.7916192],[-122.3941913,37.7917624],[-122.394251,37.7918091],[-122.3942017,37.7918485],[-122.3944775,37.7920641]]]},"properties":{"sources":[{"property":"","dataset":"OpenStreetMap","license":"ODbL-1.0","record_id":"w192026933@11","update_time":"2025-04-29T03:18:28.000Z","confidence":null,"between":null}],"height":133.0,"is_underground":false,"num_floors":29,"subtype":"commercial","class":"office","roof_shape":"flat","has_parts":false,"version":1}},
{"id":"d50ae49f-26a0-4da3-8053-8ad57722a0d3","type":"Feature","geometry":{"type":"Polygon","coordinates":[[[-122.3943722,37.7916192],[-122.39442,37.7915814],[-122.3941384,37.7913592],[-122.3941134,37.7913395],[-122.3938449,37.791552],[-122.3941515,37.7917939],[-122.3941913,37.7917624],[-122.3943722,37.7916192]]]},"properties":{"sources":[{"property":"","dataset":"OpenStreetMap","license":"ODbL-1.0","record_id":"w192026935@7","update_time":"2024-07-07T19:17:06.000Z","confidence":null,"between":null}],"height":104.0,"is_underground":false,"has_parts":false,"version":1}},
{"id":"cf67a3f4-0967-4cc6-bb05-0c11a19a60b6","type":"Feature","geometry":{"type":"Polygon","coordinates":[[[-122.393639,37.7920246],[-122.3937523,37.7921151],[-122.3940895,37.7918516],[-122.3939762,37.7917611],[-122.393639,37.7920246]]]},"properties":{"sources":[{"property":"","dataset":"OpenStreetMap","license":"ODbL-1.0","record_id":"w192026932@4","update_time":"2023-07-03T12:28:40.000Z","confidence":null,"between":null}],"height":17.0,"is_underground":false,"has_parts":false,"version":1}},
{"id":"df4c24b8-4fad-4cce-b3fe-1a87f484d157","type":"Feature","geometry":{"type":"Polygon","coordinates":[[[-122.394265,37.7922128],[-122.3942878,37.7921951],[-122.3941203,37.7920628],[-122.3940843,37.7920349],[-122.3940322,37.7919933],[-122.3940168,37.7919811],[-122.3939453,37.7919794],[-122.3937887,37.7921024],[-122.3937894,37.7921405],[-122.3940718,37.7923634],[-122.3941033,37.7923633],[-122.3942627,37.7922396],[-122.394265,37.7922128]]]},"properties":{"sources":[{"property":"","dataset":"OpenStreetMap","license":"ODbL-1.0","record_id":"w192026938@9","update_time":"2024-07-07T19:17:06.000Z","confidence":null,"between":null}],"height":94.0,"is_underground":false,"has_parts":false,"version":1}},
{"id":"d0032cb9-ac5e-4f0c-9ff2-27bee450559e","type":"Feature","geometry":{"type":"Polygon","coordinates":[[[-122.3933176,37.7917615],[-122.3936168,37.7920032],[-122.393918,37.7917704],[-122.393711,37.7916033],[-122.3936187,37.7915287],[-122.3933176,37.7917615]]]},"properties":{"sources":[{"property":"","dataset":"OpenStreetMap","license":"ODbL-1.0","record_id":"w192026939@5","update_time":"2024-07-07T19:17:06.000Z","confidence":null,"between":null}],"height":80.0,"is_underground":false,"has_parts":false,"version":1}},
{"id":"a85bf239-4dca-4a7c-a6f3-2545dca4218c","type":"Feature","geometry":{"type":"Polygon","coordinates":[[[-122.3935693,37.7914533],[-122.3936039,37.7914817],[-122.3936466,37.791482],[-122.3936463,37.7914904],[-122.3936558,37.791498],[-122.3937175,37.7915463],[-122.3937525,37.7915465],[-122.3937886,37.7915176],[-122.3938037,37.7915296],[-122.3939235,37.7914352],[-122.3939118,37.7914259],[-122.3939015,37.7914177],[-122.3940016,37.7913384],[-122.3940085,37.7913445],[-122.3940429,37.791317],[-122.3940432,37.7912891],[-122.3940232,37.7912733],[-122.3940244,37.7912626],[-122.3940175,37.7912569],[-122.3940175,37.7912563],[-122.3939955,37.7912387],[-122.3939819,37.7912408],[-122.3939716,37.7912327],[-122.3939665,37.7912325],[-122.3939701,37.7912313],[-122.3939562,37.7912203],[-122.3939566,37.7912075],[-122.3939342,37.7911896],[-122.3939184,37.7911903],[-122.3939142,37.791187],[-122.3939148,37.7911737],[-122.3938927,37.7911571],[-122.3938771,37.7911576],[-122.3938602,37.7911442],[-122.393854,37.7911394],[-122.3938541,37.7911328],[-122.3938549,37.7911258],[-122.3938304,37.7911072],[-122.3938289,37.7911073],[-122.3938228,37.7911029],[-122.3938091,37.7911037],[-122.3937891,37.7910878],[-122.3937543,37.7910874],[-122.3937207,37.7911154],[-122.3937283,37.7911209],[-122.3935077,37.7912954],[-122.3935004,37.7912896],[-122.3934649,37.7913173],[-122.3934656,37.7913452],[-122.3935338,37.7914015],[-122.393545,37.7914017],[-122.3935454,37.7914336],[-122.3935693,37.7914533]]]},"properties":{"sources":[{"property":"","dataset":"OpenStreetMap","license":"ODbL-1.0","record_id":"w288645261@7","update_time":"2024-06-23T17:44:42.000Z","confidence":null,"between":null}],"height":83.0,"is_underground":false,"has_parts":true,"version":1}},
{"id":"12091a18-a39f-4280-a713-53f625e0db0b","type":"Feature","geometry":{"type":"Polygon","coordinates":[[[-122.393693,37.7901861],[-122.393671,37.7902088],[-122.3936444,37.7902244],[-122.3936244,37.790246],[-122.3935961,37.7902621],[-122.3935719,37.7902863],[-122.3935473,37.7903005],[-122.3935874,37.7903323],[-122.3937329,37.7902178],[-122.393693,37.7901861]]]},"properties":{"sources":[{"property":"","dataset":"OpenStreetMap","license":"ODbL-1.0","record_id":"w288645273@6","update_time":"2022-08-26T07:55:51.000Z","confidence":null,"between":null}],"level":1,"height":5.0,"is_underground":false,"subtype":"outbuilding","class":"roof","has_parts":false,"version":1}},
{"id":"444aef3d-f176-4237-b7ae-bd5e00e0ee79","type":"Feature","geometry":{"type":"Polygon","coordinates":[[[-122.3944398,37.790659],[-122.3947261,37.7904324],[-122.3946284,37.7903517],[-122.3942877,37.7900841],[-122.3941801,37.7901697],[-122.3940169,37.7902983],[-122.393831,37.7904419],[-122.3939721,37.7905283],[-122.3941193,37.7906038],[-122.3943939,37.7906961],[-122.3944398,37.790659]]]},"properties":{"names":{"primary":"Park Tower at Transbay","common":null,"rules":null},"sources":[{"property":"","dataset":"OpenStreetMap","license":"ODbL-1.0","record_id":"w611390934@6","update_time":"2022-12-21T04:47:35.000Z","confidence":null,"between":null}],"height":183.0,"is_underground":false,"num_floors":43,"subtype":"commercial","class":"office","has_parts":true,"version":1}},
{"id":"c3f3af95-832f-45a3-8cd3-cc6690a5bb38","type":"Feature","geometry":{"type":"Polygon","coordinates":[[[-122.394624,37.7894833],[-122.3946318,37.78949],[-122.3949649,37.7892279],[-122.3944145,37.7887911],[-122.3944062,37.7887977],[-122.3937497,37.7893143],[-122.3937464,37.7893169],[-122.3939607,37.7894869],[-122.3939799,37.7894718],[-122.3941907,37.7893059],[-122.3942138,37.7893243],[-122.3942598,37.7892881],[-122.3942946,37.7893157],[-122.3943228,37.7892935],[-122.394345,37.7893111],[-122.3943759,37.7892868],[-122.394624,37.7894833]]]},"properties":{"sources":[{"property":"","dataset":"OpenStreetMap","license":"ODbL-1.0","record_id":"w192883909@6","update_time":"2024-08-21T00:44:16.000Z","confidence":null,"between":null},{"property":"/properties/height","dataset":"Microsoft ML Buildings","license":"ODbL-1.0","record_id":null,"update_time":"2023-09-01T00:00:00.000Z","confidence":0.9886000156402588,"between":null}],"height":24.186304092407227,"is_underground":false,"num_floors":9,"has_parts":false,"version":2}},
{"id":"ae0f110f-6605-440c-b7fc-fe54a75dc2e7","type":"Feature","geometry":{"type":"Polygon","coordinates":[[[-122.3939899,37.7895197],[-122.3942431,37.7897177],[-122.394339,37.7897102],[-122.3945896,37.7895107],[-122.394624,37.7894833],[-122.3943759,37.7892868],[-122.394345,37.7893111],[-122.3943228,37.7892935],[-122.3942946,37.7893157],[-122.3942598,37.7892881],[-122.3942138,37.7893243],[-122.3941907,37.7893059],[-122.3939799,37.7894718],[-122.394014,37.7894987],[-122.3939899,37.7895197]]]},"properties":{"sources":[{"property":"","dataset":"OpenStreetMap","license":"ODbL-1.0","record_id":"w1309156966@1","update_time":"2024-08-21T00:44:16.000Z","confidence":null,"between":null}],"height":97.0,"is_underground":false,"has_parts":true,"version":1}},
{"id":"448879a5-60a2-4447-81ff-d3d26ea0414d","type":"Feature","geometry":{"type":"Polygon","coordinates":[[[-122.3938583,37.7897986],[-122.3939009,37.7897655],[-122.3937531,37.7896465],[-122.3937104,37.7896796],[-122.3937412,37.7896979],[-122.3937617,37.7897209],[-122.3937907,37.7897356],[-122.3938102,37.7897599],[-122.3938412,37.789777],[-122.3938583,37.7897986]]]},"properties":{"sources":[{"property":"","dataset":"OpenStreetMap","license":"ODbL-1.0","record_id":"w392257153@5","update_time":"2022-08-26T07:55:51.000Z","confidence":null,"between":null}],"level":1,"height":5.0,"is_underground":false,"subtype":"outbuilding","class":"roof","has_parts":false,"version":1}},
{"id":"29a51167-3d84-4565-963a-f1a21af6c76c","type":"Feature","geometry":{"type":"Polygon","coordinates":[[[-122.3938886,37.7900299],[-122.3938659,37.7900533],[-122.3938393,37.7900689],[-122.3938193,37.7900905],[-122.3937911,37.7901066],[-122.3937668,37.7901308],[-122.3937412,37.7901457],[-122.3937832,37.790179],[-122.3939305,37.7900631],[-122.3938886,37.7900299]]]},"properties":{"sources":[{"property":"","dataset":"OpenStreetMap","license":"ODbL-1.0","record_id":"w392257146@6","update_time":"2022-08-26T07:55:51.000Z","confidence":null,"between":null}],"level":1,"height":5.0,"is_underground":false,"subtype":"outbuilding","class":"roof","has_parts":false,"version":1}},
{"id":"d67b649e-359b-4cd4-845a-c55f3cb18069","type":"Feature","geometry":{"type":"Polygon","coordinates":[[[-122.3936854,37.7899372],[-122.3936436,37.7899019],[-122.3935415,37.7899774],[-122.3935833,37.7900127],[-122.3936049,37.7899877],[-122.3936335,37.7899756],[-122.3936526,37.7899525],[-122.3936854,37.7899372]]]},"properties":{"sources":[{"property":"","dataset":"OpenStreetMap","license":"ODbL-1.0","record_id":"w392257148@5","update_time":"2019-04-15T22:22:55.000Z","confidence":null,"between":null}],"level":1,"height":5.0,"is_underground":false,"subtype":"outbuilding","class":"roof","has_parts":false,"version":1}},
{"id":"75d37f80-8714-478e-939d-73a1604e07ca","type":"Feature","geometry":{"type":"Polygon","coordinates":[[[-122.3935645,37.78978],[-122.39352,37.7898099],[-122.3936128,37.7898961],[-122.3936573,37.7898661],[-122.3936304,37.7898477],[-122.3936117,37.7898237],[-122.3935847,37.7898043],[-122.3935645,37.78978]]]},"properties":{"sources":[{"property":"","dataset":"OpenStreetMap","license":"ODbL-1.0","record_id":"w392257144@6","update_time":"2019-04-15T22:22:55.000Z","confidence":null,"between":null}],"level":1,"height":5.0,"is_underground":false,"subtype":"outbuilding","class":"roof","has_parts":false,"version":1}},
{"id":"4ca466dd-c7a8-4406-aa90-c3d99f00a6d5","type":"Feature","geometry":{"type":"Polygon","coordinates":[[[-122.393414,37.789066],[-122.3937047,37.7892947],[-122.3937118,37.7892864],[-122.3939716,37.788984],[-122.3942995,37.7887125],[-122.3940936,37.7885364],[-122.393588,37.7889251],[-122.393414,37.789066]]]},"properties":{"sources":[{"property":"","dataset":"OpenStreetMap","license":"ODbL-1.0","record_id":"w939460954@2","update_time":"2024-08-21T00:44:16.000Z","confidence":null,"between":null},{"property":"/properties/height","dataset":"Microsoft ML Buildings","license":"ODbL-1.0","record_id":null,"update_time":"2023-09-01T00:00:00.000Z","confidence":0.9266999959945679,"between":null}],"height":16.71078109741211,"is_underground":false,"num_floors":7,"has_parts":false,"version":2}},
{"id":"1b2ce64e-fb43-4e15-9812-efaa4b076038","type":"Feature","geometry":{"type":"Polygon","coordinates":[[[-122.3936402,37.7896249],[-122.3936857,37.7895896],[-122.3935354,37.7894686],[-122.39349,37.7895038],[-122.3935222,37.789523],[-122.3935428,37.789546],[-122.3935717,37.7895607],[-122.3935912,37.789585],[-122.3936221,37.7896021],[-122.3936402,37.7896249]]]},"properties":{"sources":[{"property":"","dataset":"OpenStreetMap","license":"ODbL-1.0","record_id":"w392257152@6","update_time":"2022-08-26T07:55:51.000Z","confidence":null,"between":null}],"level":1,"height":5.0,"is_underground":false,"subtype":"outbuilding","class":"roof","has_parts":false,"version":1}},
{"id":"1129d20c-bca1-4add-85e1-45323eec3a94","type":"Feature","geometry":{"type":"Polygon","coordinates":[[[-122.393073,37.789605],[-122.3931834,37.7895412],[-122.3931489,37.7895039],[-122.3931247,37.7895222],[-122.393094,37.7895356],[-122.3930683,37.7895549],[-122.3930386,37.7895678],[-122.393073,37.789605]]]},"properties":{"sources":[{"property":"","dataset":"OpenStreetMap","license":"ODbL-1.0","record_id":"w392257140@5","update_time":"2019-04-15T22:22:54.000Z","confidence":null,"between":null}],"level":1,"height":5.0,"is_underground":false,"subtype":"outbuilding","class":"roof","has_parts":false,"version":1}},
{"id":"16418f2b-305c-4604-a470-b83d08d99a1a","type":"Feature","geometry":{"type":"Polygon","coordinates":[[[-122.3931892,37.7895235],[-122.3932551,37.7896172],[-122.3933055,37.789595],[-122.3932816,37.7895728],[-122.3932713,37.7895464],[-122.393251,37.7895259],[-122.3932397,37.7895014],[-122.3931892,37.7895235]]]},"properties":{"sources":[{"property":"","dataset":"OpenStreetMap","license":"ODbL-1.0","record_id":"w392257143@5","update_time":"2019-04-15T22:22:54.000Z","confidence":null,"between":null}],"level":1,"height":5.0,"is_underground":false,"subtype":"outbuilding","class":"roof","has_parts":false,"version":1}},
{"id":"93375e10-6891-47b6-82ec-08876ca04dcd","type":"Feature","geometry":{"type":"Polygon","coordinates":[[[-122.3931601,37.7896188],[-122.393059,37.7896648],[-122.3931081,37.7897322],[-122.3932093,37.7896861],[-122.3931601,37.7896188]]]},"properties":{"sources":[{"property":"","dataset":"OpenStreetMap","license":"ODbL-1.0","record_id":"w288645264@5","update_time":"2022-08-16T09:47:02.000Z","confidence":null,"between":null}],"height":4.0,"is_underground":false,"subtype":"transportation","class":"transportation","has_parts":false,"version":1}},
{"id":"e323ee54-2b38-43bb-bbf6-d1f1456a1578","type":"Feature","geometry":{"type":"Polygon","coordinates":[[[-122.3931535,37.7898541],[-122.3931015,37.789877],[-122.3931247,37.7899],[-122.393137,37.7899258],[-122.3931589,37.7899464],[-122.3931693,37.7899746],[-122.393222,37.789951],[-122.3931535,37.7898541]]]},"properties":{"sources":[{"property":"","dataset":"OpenStreetMap","license":"ODbL-1.0","record_id":"w288645267@6","update_time":"2019-04-15T22:22:53.000Z","confidence":null,"between":null}],"level":1,"height":5.0,"is_underground":false,"subtype":"outbuilding","class":"roof","has_parts":false,"version":1}},
{"id":"fa4db6a9-5d2c-403c-8235-f40a45824b27","type":"Feature","geometry":{"type":"Polygon","coordinates":[[[-122.3933136,37.7900206],[-122.3932604,37.7900404],[-122.3932819,37.7900645],[-122.3932923,37.7900909],[-122.3933127,37.7901126],[-122.3933211,37.7901413],[-122.393375,37.7901209],[-122.3933136,37.7900206]]]},"properties":{"sources":[{"property":"","dataset":"OpenStreetMap","license":"ODbL-1.0","record_id":"w288645268@6","update_time":"2019-04-15T22:22:53.000Z","confidence":null,"between":null}],"level":1,"height":5.0,"is_underground":false,"subtype":"outbuilding","class":"roof","has_parts":false,"version":1}},
{"id":"3db575fd-22fb-4a74-907b-9427a3cbd5ef","type":"Feature","geometry":{"type":"Polygon","coordinates":[[[-122.3934111,37.7899087],[-122.3933479,37.7899366],[-122.3934119,37.790025],[-122.3934745,37.7899965],[-122.3934111,37.7899087]]]},"properties":{"sources":[{"property":"","dataset":"OpenStreetMap","license":"ODbL-1.0","record_id":"w288645265@3","update_time":"2018-08-12T04:09:23.000Z","confidence":null,"between":null}],"height":4.0,"is_underground":false,"subtype":"transportation","class":"transportation","has_parts":false,"version":1}},
{"id":"59f70eba-7d52-4658-ab45-b947d85214c5","type":"Feature","geometry":{"type":"Polygon","coordinates":[[[-122.393371,37.7898403],[-122.3932953,37.7898738],[-122.3933302,37.7899237],[-122.3933413,37.7899395],[-122.3933479,37.7899366],[-122.3934111,37.7899087],[-122.3934171,37.789906],[-122.3934061,37.7898903],[-122.393371,37.7898403]]]},"properties":{"sources":[{"property":"","dataset":"OpenStreetMap","license":"ODbL-1.0","record_id":"w288645266@6","update_time":"2018-09-26T09:42:36.000Z","confidence":null,"between":null}],"level":1,"height":4.0,"is_underground":false,"subtype":"outbuilding","class":"roof","has_parts":false,"version":1}},
{"id":"23052f10-7e0f-4025-aab9-7a19ac22aed3","type":"Feature","geometry":{"type":"Polygon","coordinates":[[[-122.3933444,37.7896646],[-122.3934192,37.7897584],[-122.3934678,37.7897342],[-122.3934427,37.7897138],[-122.3934296,37.7896863],[-122.3934072,37.7896669],[-122.3933931,37.7896404],[-122.3933444,37.7896646]]]},"properties":{"sources":[{"property":"","dataset":"OpenStreetMap","license":"ODbL-1.0","record_id":"w392257150@5","update_time":"2019-04-15T22:22:55.000Z","confidence":null,"between":null}],"level":1,"height":5.0,"is_underground":false,"subtype":"outbuilding","class":"roof","has_parts":false,"version":1}},
{"id":"f51e046d-adfd-4985-bd44-f1db6bcc7763","type":"Feature","geometry":{"type":"Polygon","coordinates":[[[-122.3934895,37.7900356],[-122.3933748,37.7901033],[-122.3933898,37.7901195],[-122.3934107,37.7901422],[-122.3934368,37.7901207],[-122.3934671,37.7901072],[-122.3934956,37.7900858],[-122.3935255,37.790076],[-122.3935135,37.7900625],[-122.3934895,37.7900356]]]},"properties":{"sources":[{"property":"","dataset":"OpenStreetMap","license":"ODbL-1.0","record_id":"w288645270@6","update_time":"2019-04-15T22:22:54.000Z","confidence":null,"between":null}],"level":1,"height":5.0,"is_underground":false,"subtype":"outbuilding","class":"roof","has_parts":false,"version":1}},
{"id":"b83f4774-15f7-4f1a-b7e0-ad84576fcc90","type":"Feature","geometry":{"type":"Polygon","coordinates":[[[-122.3934077,37.7913005],[-122.3937334,37.7910425],[-122.3934107,37.7907879],[-122.3930849,37.7910459],[-122.3934077,37.7913005]]]},"properties":{"sources":[{"property":"","dataset":"OpenStreetMap","license":"ODbL-1.0","record_id":"w192026934@5","update_time":"2024-07-07T19:17:06.000Z","confidence":null,"between":null}],"height":57.0,"is_underground":false,"has_parts":false,"version":1}},
{"id":"d19b5b53-35c0-4387-8acc-6922aa32592d","type":"Feature","geometry":{"type":"Polygon","coordinates":[[[-122.39275,37.7913135],[-122.393125,37.7916119],[-122.3933568,37.7914315],[-122.3934077,37.79139],[-122.3930327,37.7910916],[-122.39275,37.7913135]]]},"properties":{"sources":[{"property":"","dataset":"OpenStreetMap","license":"ODbL-1.0","record_id":"w192026937@11","update_time":"2025-04-29T03:17:37.000Z","confidence":null,"between":null}],"height":44.0,"is_underground":false,"subtype":"commercial","class":"office","roof_shape":"flat","has_parts":false,"version":1}},
{"id":"e24d7162-c71b-43a5-9d1e-297f59acb316","type":"Feature","geometry":{"type":"Polygon","coordinates":[[[-122.3930931,37.7901527],[-122.3930503,37.7901865],[-122.3931983,37.7903049],[-122.3932414,37.7902715],[-122.3932136,37.7902562],[-122.3931905,37.7902334],[-122.3931639,37.7902183],[-122.3931416,37.7901952],[-122.3931125,37.7901767],[-122.3930931,37.7901527]]]},"properties":{"sources":[{"property":"","dataset":"OpenStreetMap","license":"ODbL-1.0","record_id":"w288645272@6","update_time":"2022-08-26T07:55:51.000Z","confidence":null,"between":null}],"level":1,"height":5.0,"is_underground":false,"subtype":"outbuilding","class":"roof","has_parts":false,"version":1}},
{"id":"eb34fe64-732c-49a5-a15f-f44ddb8d4f94","type":"Feature","geometry":{"type":"Polygon","coordinates":[[[-122.3929002,37.7908746],[-122.3932233,37.7906207],[-122.392824,37.7903027],[-122.3925012,37.7905558],[-122.3924846,37.7905688],[-122.3925419,37.7906129],[-122.3926559,37.7907049],[-122.3928846,37.7908868],[-122.3929002,37.7908746]]]},"properties":{"names":{"primary":"The Charles Schwab Building","common":null,"rules":[{"variant":"alternate","language":null,"perspectives":null,"value":"211 Main","between":null,"side":null}]},"sources":[{"property":"","dataset":"OpenStreetMap","license":"ODbL-1.0","record_id":"w154217696@11","update_time":"2024-07-07T19:17:06.000Z","confidence":null,"between":null}],"height":85.0,"is_underground":false,"subtype":"commercial","class":"office","has_parts":false,"version":1}},
{"id":"59bce75f-6bd5-4b2d-8e85-b2b53eae578c","type":"Feature","geometry":{"type":"Polygon","coordinates":[[[-122.3923106,37.7909761],[-122.3925392,37.7911579],[-122.3928846,37.7908868],[-122.3926559,37.7907049],[-122.3923106,37.7909761]]]},"properties":{"names":{"primary":"The Folger Coffee Company Building","common":null,"rules":null},"sources":[{"property":"","dataset":"OpenStreetMap","license":"ODbL-1.0","record_id":"w192305909@7","update_time":"2023-07-02T06:14:46.000Z","confidence":null,"between":null}],"height":85.0,"is_underground":false,"has_parts":false,"version":1}},
{"id":"bcf5f4c2-7a22-411d-a6df-b1f5e070d76d","type":"Feature","geometry":{"type":"Polygon","coordinates":[[[-122.3926663,37.7898147],[-122.3926234,37.7898485],[-122.3927714,37.7899669],[-122.3928146,37.7899335],[-122.3927867,37.7899182],[-122.3927636,37.7898954],[-122.392737,37.7898802],[-122.3927147,37.7898572],[-122.3926856,37.7898387],[-122.3926663,37.7898147]]]},"properties":{"sources":[{"property":"","dataset":"OpenStreetMap","license":"ODbL-1.0","record_id":"w288645275@7","update_time":"2022-08-26T07:55:51.000Z","confidence":null,"between":null}],"level":1,"height":5.0,"is_underground":false,"subtype":"outbuilding","class":"roof","has_parts":false,"version":1}},
{"id":"b2d50be7-d367-4a46-8724-1d74c4db24f0","type":"Feature","geometry":{"type":"Polygon","coordinates":[[[-122.3928617,37.78997],[-122.3928189,37.7900038],[-122.3929669,37.7901222],[-122.39301,37.7900888],[-122.3929822,37.7900735],[-122.3929591,37.7900507],[-122.3929325,37.7900355],[-122.3929102,37.7900125],[-122.3928811,37.789994],[-122.3928617,37.78997]]]},"properties":{"sources":[{"property":"","dataset":"OpenStreetMap","license":"ODbL-1.0","record_id":"w288645274@6","update_time":"2022-08-26T07:55:51.000Z","confidence":null,"between":null}],"level":1,"height":5.0,"is_underground":false,"subtype":"outbuilding","class":"roof","has_parts":false,"version":1}},
{"id":"542cb0e9-4fcd-41ba-94c5-acc1a2370789","type":"Feature","geometry":{"type":"Polygon","coordinates":[[[-122.392982,37.7897377],[-122.3929341,37.7897657],[-122.392961,37.789786],[-122.3929769,37.7898103],[-122.3930013,37.7898285],[-122.3930169,37.7898542],[-122.3930648,37.7898262],[-122.392982,37.7897377]]]},"properties":{"sources":[{"property":"","dataset":"OpenStreetMap","license":"ODbL-1.0","record_id":"w288645269@6","update_time":"2019-04-15T22:22:54.000Z","confidence":null,"between":null}],"level":1,"height":5.0,"is_underground":false,"subtype":"outbuilding","class":"roof","has_parts":false,"version":1}},
{"id":"54103c87-8852-4373-bbac-93f6f40e8086","type":"Feature","geometry":{"type":"Polygon","coordinates":[[[-122.3929254,37.7897232],[-122.3930366,37.7896589],[-122.3930014,37.789621],[-122.3929769,37.7896395],[-122.3929462,37.7896529],[-122.3929205,37.7896722],[-122.3928903,37.7896853],[-122.3929254,37.7897232]]]},"properties":{"sources":[{"property":"","dataset":"OpenStreetMap","license":"ODbL-1.0","record_id":"w288645271@5","update_time":"2019-04-15T22:22:54.000Z","confidence":null,"between":null}],"level":1,"height":5.0,"is_underground":false,"subtype":"outbuilding","class":"roof","has_parts":false,"version":1}},
{"id":"e9d49c41-ac8d-4e52-9ba5-482ee78c8fdf","type":"Feature","geometry":{"type":"Polygon","coordinates":[[[-122.3927302,37.7893331],[-122.3927802,37.7893739],[-122.3930613,37.7891587],[-122.3927345,37.7888921],[-122.3924522,37.7891081],[-122.3926375,37.7892593],[-122.3927181,37.7891976],[-122.3928096,37.7892723],[-122.3927302,37.7893331]]]},"properties":{"sources":[{"property":"","dataset":"OpenStreetMap","license":"ODbL-1.0","record_id":"w1389915136@2","update_time":"2025-08-07T07:41:34.000Z","confidence":null,"between":null}],"is_underground":false,"num_floors":9,"has_parts":false,"version":2}},
{"id":"96a7e717-a14d-4e9d-ac0f-d9b5710a3aab","type":"Feature","geometry":{"type":"Polygon","coordinates":[[[-122.392567,37.7878678],[-122.392614,37.7878307],[-122.392667,37.7878727],[-122.3927587,37.7878004],[-122.3927055,37.7877582],[-122.3927259,37.7877421],[-122.3928349,37.7878285],[-122.3928593,37.7878093],[-122.3930155,37.7876862],[-122.3928981,37.7875931],[-122.3929004,37.7875913],[-122.39286800000001,37.7875656],[-122.392867,37.7875664],[-122.39275,37.7874738],[-122.3924091,37.7877427],[-122.392567,37.7878678]]]},"properties":{"sources":[{"property":"","dataset":"OpenStreetMap","license":"ODbL-1.0","record_id":"w256062978@5","update_time":"2024-07-07T18:51:40.000Z","confidence":null,"between":null}],"height":28.0,"is_underground":false,"has_parts":false,"version":1}},
{"id":"ad7c8931-d083-472e-a03d-c2dcd3661a90","type":"Feature","geometry":{"type":"Polygon","coordinates":[[[-122.392315,37.7881875],[-122.3927515,37.7885285],[-122.3930909,37.7882571],[-122.3926093,37.787881],[-122.3925663,37.7879153],[-122.3924486,37.7878233],[-122.3923116,37.7879329],[-122.3924744,37.7880601],[-122.392315,37.7881875]]]},"properties":{"sources":[{"property":"","dataset":"OpenStreetMap","license":"ODbL-1.0","record_id":"w192883910@5","update_time":"2024-07-07T18:51:40.000Z","confidence":null,"between":null}],"height":20.0,"is_underground":false,"num_floors":5,"has_parts":false,"version":1}},
{"id":"654fb276-9a56-4eb0-96bc-d4c5e8864fcd","type":"Feature","geometry":{"type":"Polygon","coordinates":[[[-122.3931629,37.7888349],[-122.3932621,37.7889134],[-122.3934304,37.7887882],[-122.3932532,37.7886588],[-122.3931481,37.7885821],[-122.3930055,37.7887091],[-122.3930239,37.7887274],[-122.3930106,37.788743],[-122.3931629,37.7888349]]]},"properties":{"names":{"primary":"280 Beale","common":null,"rules":null},"sources":[{"property":"","dataset":"OpenStreetMap","license":"ODbL-1.0","record_id":"w320721968@7","update_time":"2024-08-21T00:44:16.000Z","confidence":null,"between":null}],"height":25.0,"is_underground":false,"num_floors":8,"subtype":"residential","class":"apartments","has_parts":false,"version":1}},
{"id":"3a096734-df52-4b29-b5a9-5b7d960f021a","type":"Feature","geometry":{"type":"Polygon","coordinates":[[[-122.393443,37.7888194],[-122.3932932,37.7889341],[-122.3933374,37.7889701],[-122.3934872,37.7888554],[-122.393443,37.7888194]]]},"properties":{"sources":[{"property":"","dataset":"OpenStreetMap","license":"ODbL-1.0","record_id":"w1309156961@1","update_time":"2024-08-21T00:44:16.000Z","confidence":null,"between":null},{"property":"/properties/height","dataset":"Microsoft ML Buildings","license":"ODbL-1.0","record_id":null,"update_time":"2023-09-01T00:00:00.000Z","confidence":0.9815999865531921,"between":null}],"height":10.785945892333984,"is_underground":false,"num_floors":2,"has_parts":false,"version":2}},
{"id":"e65b2c8d-c40a-466b-b9c2-72be3ff16eb1","type":"Feature","geometry":{"type":"Polygon","coordinates":[[[-122.3939209,37.7884327],[-122.3939398,37.7884164],[-122.393642,37.7881854],[-122.3934193,37.7883646],[-122.3932022,37.7885403],[-122.3933022,37.7886177],[-122.3933852,37.7886819],[-122.3936024,37.7885067],[-122.3937156,37.7885945],[-122.3939209,37.7884327]]]},"properties":{"sources":[{"property":"","dataset":"OpenStreetMap","license":"ODbL-1.0","record_id":"w320721969@8","update_time":"2024-08-21T00:44:16.000Z","confidence":null,"between":null},{"property":"/properties/height","dataset":"Microsoft ML Buildings","license":"ODbL-1.0","record_id":null,"update_time":"2023-09-01T00:00:00.000Z","confidence":0.9684000015258789,"between":null}],"height":21.612102508544922,"is_underground":false,"subtype":"residential","class":"apartments","has_parts":true,"version":2}},
{"id":"e1a7e590-af58-4ab8-ae6d-a51a1f29381d","type":"Feature","geometry":{"type":"Polygon","coordinates":[[[-122.3931065,37.7880059],[-122.3932669,37.7881232],[-122.3934078,37.7880038],[-122.3932597,37.7878857],[-122.3931065,37.7880059]]]},"properties":{"sources":[{"property":"","dataset":"OpenStreetMap","license":"ODbL-1.0","record_id":"w192883918@4","update_time":"2021-05-05T19:55:30.000Z","confidence":null,"between":null}],"height":12.0,"is_underground":false,"subtype":"commercial","class":"office","has_parts":false,"version":1}},
{"id":"4a20eabf-864f-4e24-bfd6-fcade132d5ce","type":"Feature","geometry":{"type":"Polygon","coordinates":[[[-122.3931362,37.7881958],[-122.3931492,37.7882067],[-122.3932032,37.7881648],[-122.3930492,37.7880414],[-122.3929952,37.7880833],[-122.3931362,37.7881958]]]},"properties":{"sources":[{"property":"","dataset":"OpenStreetMap","license":"ODbL-1.0","record_id":"w192883920@3","update_time":"2021-05-05T19:55:30.000Z","confidence":null,"between":null}],"height":15.0,"is_underground":false,"has_parts":false,"version":1}},
{"id":"0d372e4f-2b5c-4646-9ce5-648fa9924323","type":"Feature","geometry":{"type":"Polygon","coordinates":[[[-122.3930627,37.7874006],[-122.3936161,37.7878322],[-122.3938618,37.7876354],[-122.3933084,37.7872038],[-122.3930627,37.7874006]]]},"properties":{"names":{"primary":"Embarcadero Substation","common":null,"rules":null},"sources":[{"property":"","dataset":"OpenStreetMap","license":"ODbL-1.0","record_id":"w192883977@7","update_time":"2024-07-23T15:09:04.000Z","confidence":null,"between":null}],"height":51.0,"is_underground":false,"subtype":"industrial","class":"industrial","has_parts":false,"version":1}},
{"id":"01a8d869-93a5-4003-b9ae-9314af718d91","type":"Feature","geometry":{"type":"Polygon","coordinates":[[[-122.3929949,37.7863291],[-122.3929462,37.786367],[-122.3929421,37.7863625],[-122.3929238,37.7863674],[-122.3928945,37.7863844],[-122.3928674,37.7864042],[-122.3928439,37.7864256],[-122.3928183,37.7864574],[-122.3928173,37.7864674],[-122.3927652,37.786508],[-122.3927441,37.7864911],[-122.3926739,37.7865458],[-122.3927376,37.7865969],[-122.3927302,37.7866026],[-122.3927863,37.7866475],[-122.3927456,37.7866792],[-122.3928893,37.7867945],[-122.3929373,37.786757],[-122.3930082,37.7868138],[-122.3933484,37.7865489],[-122.3930471,37.7863073],[-122.3930068,37.7863387],[-122.3929949,37.7863291]]]},"properties":{"names":{"primary":"Sailors' Union of the Pacific","common":null,"rules":null},"sources":[{"property":"","dataset":"OpenStreetMap","license":"ODbL-1.0","record_id":"w260320985@6","update_time":"2024-07-07T18:51:40.000Z","confidence":null,"between":null}],"height":54.0,"is_underground":false,"has_parts":false,"version":1}},
{"id":"b3c5e6af-1d38-499e-95c4-bd47647fe9c6","type":"Feature","geometry":{"type":"Polygon","coordinates":[[[-122.3928588,37.7872206],[-122.3930254,37.7873531],[-122.3931763,37.7872348],[-122.3933348,37.7871104],[-122.3929361,37.7867931],[-122.3928411,37.7868677],[-122.3927931,37.7868295],[-122.3927376,37.7867853],[-122.3925233,37.7869536],[-122.392582,37.7870003],[-122.3928588,37.7872206]]]},"properties":{"names":{"primary":"340 Fremont Street","common":null,"rules":null},"sources":[{"property":"","dataset":"OpenStreetMap","license":"ODbL-1.0","record_id":"w359267373@6","update_time":"2024-07-07T18:51:40.000Z","confidence":null,"between":null}],"height":134.0,"is_underground":false,"num_floors":40,"has_parts":true,"version":1}},
{"id":"f9ddfe8c-96d9-45a4-89fb-ce9701b9fcca","type":"Feature","geometry":{"type":"Polygon","coordinates":[[[-122.392762,37.7854795],[-122.393136,37.7857732],[-122.393284,37.7856559],[-122.393192,37.7855832],[-122.393194,37.7855815],[-122.392915,37.7853621],[-122.392895,37.7853783],[-122.392855,37.7853472],[-122.392726,37.7854501],[-122.392731,37.7854541],[-122.392701,37.7854776],[-122.392733,37.7855025],[-122.392762,37.7854795]]]},"properties":{"sources":[{"property":"","dataset":"OpenStreetMap","license":"ODbL-1.0","record_id":"w288647263@5","update_time":"2023-07-03T05:17:50.000Z","confidence":null,"between":null}],"height":10.0,"is_underground":false,"has_parts":false,"version":1}},
{"id":"ea4711ec-58ec-4906-b686-33364d71cfbe","type":"Feature","geometry":{"type":"Polygon","coordinates":[[[-122.3933892,37.7855103],[-122.3934052,37.7855235],[-122.3934052,37.7855609],[-122.3937002,37.785327],[-122.3936212,37.7852638],[-122.3933862,37.7852804],[-122.3933812,37.7852804],[-122.3933802,37.7852634],[-122.3933332,37.7852736],[-122.3932752,37.7852794],[-122.3932352,37.7852735],[-122.3932362,37.7852802],[-122.3932182,37.7852802],[-122.3931212,37.7852889],[-122.3931322,37.7853771],[-122.3933432,37.7855482],[-122.3933892,37.7855103]]]},"properties":{"sources":[{"property":"","dataset":"OpenStreetMap","license":"ODbL-1.0","record_id":"w288647264@4","update_time":"2023-07-03T05:17:50.000Z","confidence":null,"between":null}],"height":8.0,"is_underground":false,"has_parts":false,"version":1}},
{"id":"749e10ad-3fc1-42da-8491-bb8d63b84ffc","type":"Feature","geometry":{"type":"Polygon","coordinates":[[[-122.3931637,37.7860842],[-122.3935207,37.7863592],[-122.3938269,37.7861149],[-122.3934708,37.7858318],[-122.3931637,37.7860842]]]},"properties":{"names":{"primary":"Modera Rincon Hill","common":null,"rules":null},"sources":[{"property":"","dataset":"OpenStreetMap","license":"ODbL-1.0","record_id":"w939497446@1","update_time":"2023-07-03T05:17:50.000Z","confidence":null,"between":null},{"property":"/properties/height","dataset":"USGS Lidar","license":null,"record_id":null,"update_time":null,"confidence":null,"between":null}],"height":46.2,"is_underground":false,"num_floors":12,"subtype":"residential","class":"apartments","has_parts":false,"version":1}},
{"id":"99549afc-dc4a-40c4-a02a-b22f1617290b","type":"Feature","geometry":{"type":"Polygon","coordinates":[[[-122.3934708,37.7858318],[-122.3938269,37.7861149],[-122.3940684,37.7859251],[-122.3937878,37.785702],[-122.3937123,37.7856421],[-122.3936857,37.785663],[-122.3935965,37.7857331],[-122.3934708,37.7858318]]]},"properties":{"names":{"primary":"Jasper","common":null,"rules":null},"sources":[{"property":"","dataset":"OpenStreetMap","license":"ODbL-1.0","record_id":"w227689990@6","update_time":"2023-07-03T05:17:50.000Z","confidence":null,"between":null}],"height":131.0,"is_underground":false,"num_floors":39,"subtype":"residential","class":"apartments","has_parts":false,"version":1}},
{"id":"37198846-a79b-4dc8-ae53-bce970e22cb6","type":"Feature","geometry":{"type":"Polygon","coordinates":[[[-122.3937892,37.7856336],[-122.3938318,37.7856671],[-122.3938072,37.7856866],[-122.3937878,37.785702],[-122.3940684,37.7859251],[-122.3943871,37.785673],[-122.3941046,37.7854509],[-122.3940646,37.7854827],[-122.3940215,37.7854489],[-122.3937892,37.7856336]],[[-122.3941981,37.7856248],[-122.3940082,37.7857719],[-122.3939578,37.7857309],[-122.3941477,37.7855838],[-122.3941981,37.7856248]]]},"properties":{"sources":[{"property":"","dataset":"OpenStreetMap","license":"ODbL-1.0","record_id":"r3492945@2","update_time":"2023-07-03T05:17:50.000Z","confidence":null,"between":null}],"is_underground":false,"has_parts":false,"version":2}},
{"id":"3dc72bb2-2ec6-4913-bc45-b40704ef8116","type":"Feature","geometry":{"type":"Polygon","coordinates":[[[-122.3939126,37.7861897],[-122.3940813,37.7863239],[-122.3943106,37.786144],[-122.3944347,37.7862427],[-122.3943933,37.7862752],[-122.3944871,37.7863484],[-122.3946244,37.7862403],[-122.3946593,37.7861972],[-122.3946737,37.786147],[-122.3946747,37.786131],[-122.3946715,37.7860827],[-122.3946681,37.7860718],[-122.3946494,37.7860357],[-122.3946388,37.7860227],[-122.3945306,37.7861077],[-122.3944369,37.7860332],[-122.3942785,37.7859072],[-122.3941893,37.7859772],[-122.3941863,37.7859749],[-122.3939126,37.7861897]]]},"properties":{"sources":[{"property":"","dataset":"OpenStreetMap","license":"ODbL-1.0","record_id":"w260323193@4","update_time":"2021-05-05T19:46:31.000Z","confidence":null,"between":null}],"height":26.0,"is_underground":false,"has_parts":false,"version":1}},
{"id":"1310094f-1106-4b7a-940d-c7093980b4af","type":"Feature","geometry":{"type":"Polygon","coordinates":[[[-122.3942733,37.785903],[-122.3942785,37.7859072],[-122.3944369,37.7860332],[-122.394473,37.7860049],[-122.394521,37.7860431],[-122.3945676,37.7860065],[-122.3945196,37.7859683],[-122.3945536,37.7859415],[-122.394486,37.7858877],[-122.3944695,37.7859007],[-122.3944476,37.7858833],[-122.3944641,37.7858703],[-122.39439,37.7858113],[-122.3942733,37.785903]]]},"properties":{"sources":[{"property":"","dataset":"OpenStreetMap","license":"ODbL-1.0","record_id":"w260323189@4","update_time":"2020-07-09T04:28:12.000Z","confidence":null,"between":null}],"height":11.0,"is_underground":false,"has_parts":false,"version":1}},
{"id":"9af22f12-2c79-4c65-82d5-e80e4da96deb","type":"Feature","geometry":{"type":"Polygon","coordinates":[[[-122.3946152,37.7863739],[-122.3945526,37.7864234],[-122.3946489,37.7864996],[-122.3947046,37.7865436],[-122.3947673,37.7864942],[-122.3947415,37.7864732],[-122.394634,37.7863887],[-122.3946152,37.7863739]]]},"properties":{"sources":[{"property":"","dataset":"OpenStreetMap","license":"ODbL-1.0","record_id":"w256063001@4","update_time":"2020-07-09T04:28:12.000Z","confidence":null,"between":null}],"height":9.0,"is_underground":false,"has_parts":false,"version":1}},
{"id":"0b01a5eb-1d4e-4245-bcb9-00b5988b2434","type":"Feature","geometry":{"type":"Polygon","coordinates":[[[-122.3945526,37.7864234],[-122.3944941,37.7864696],[-122.3945904,37.7865458],[-122.3946489,37.7864996],[-122.3945526,37.7864234]]]},"properties":{"sources":[{"property":"","dataset":"OpenStreetMap","license":"ODbL-1.0","record_id":"w256062992@4","update_time":"2020-07-09T04:28:12.000Z","confidence":null,"between":null}],"height":6.0,"is_underground":false,"has_parts":false,"version":1}},
{"id":"3f5f4aae-35be-4e3c-bed6-7bbd98675798","type":"Feature","geometry":{"type":"Polygon","coordinates":[[[-122.3944941,37.7864696],[-122.3944333,37.7865176],[-122.3945788,37.7866326],[-122.3946395,37.7865846],[-122.3945904,37.7865458],[-122.3944941,37.7864696]]]},"properties":{"sources":[{"property":"","dataset":"OpenStreetMap","license":"ODbL-1.0","record_id":"w256062999@4","update_time":"2020-07-09T04:50:56.000Z","confidence":null,"between":null}],"height":16.0,"is_underground":false,"has_parts":false,"version":1}},
{"id":"8fe286a5-5869-4bfa-9c8a-aae5e8a2cac4","type":"Feature","geometry":{"type":"Polygon","coordinates":[[[-122.3943669,37.7865701],[-122.3945123,37.7866851],[-122.3945788,37.7866326],[-122.3944333,37.7865176],[-122.3943669,37.7865701]]]},"properties":{"sources":[{"property":"","dataset":"OpenStreetMap","license":"ODbL-1.0","record_id":"w256062981@3","update_time":"2020-07-09T04:28:12.000Z","confidence":null,"between":null}],"height":11.0,"is_underground":false,"has_parts":false,"version":1}},
{"id":"bf52d47e-2cf4-4fad-a45d-25a9b3a09225","type":"Feature","geometry":{"type":"Polygon","coordinates":[[[-122.3945113,37.7871366],[-122.3946706,37.7870068],[-122.3945938,37.7869494],[-122.3944285,37.7868186],[-122.3944253,37.7868252],[-122.3942702,37.7869517],[-122.3945113,37.7871366]]]},"properties":{"sources":[{"property":"","dataset":"OpenStreetMap","license":"ODbL-1.0","record_id":"w114709397@8","update_time":"2024-07-07T18:51:40.000Z","confidence":null,"between":null}],"height":17.0,"is_underground":false,"subtype":"commercial","class":"commercial","has_parts":false,"version":1}},
{"id":"7b2ba461-efc8-4a1f-b91a-714d7ec09292","type":"Feature","geometry":{"type":"Polygon","coordinates":[[[-122.3940903,37.7868144],[-122.3942118,37.7869071],[-122.3943667,37.7867803],[-122.3943775,37.7867715],[-122.394256,37.7866787],[-122.3940903,37.7868144]]]},"properties":{"sources":[{"property":"","dataset":"OpenStreetMap","license":"ODbL-1.0","record_id":"w118229928@6","update_time":"2024-07-07T18:51:40.000Z","confidence":null,"between":null}],"height":7.0,"is_underground":false,"has_parts":false,"version":1}},
{"id":"319db309-27b0-4a6a-9609-72f8125ba5bf","type":"Feature","geometry":{"type":"Polygon","coordinates":[[[-122.3942118,37.7869071],[-122.3942702,37.7869517],[-122.3944253,37.7868252],[-122.3943667,37.7867803],[-122.3942118,37.7869071]]]},"properties":{"sources":[{"property":"","dataset":"OpenStreetMap","license":"ODbL-1.0","record_id":"w939497444@2","update_time":"2024-07-07T18:51:40.000Z","confidence":null,"between":null},{"property":"/properties/height","dataset":"USGS Lidar","license":null,"record_id":null,"update_time":null,"confidence":null,"between":null}],"height":7.5,"is_underground":false,"has_parts":false,"version":1}},
{"id":"1830de6d-eef8-49b9-a1f0-b0a25f097372","type":"Feature","geometry":{"type":"Polygon","coordinates":[[[-122.394177,37.786442],[-122.394274,37.7865185],[-122.394296,37.7865011],[-122.394311,37.7865129],[-122.3944337,37.7864157],[-122.3944182,37.7864035],[-122.3943812,37.7863743],[-122.394373,37.7863809],[-122.3943556,37.7863671],[-122.3943629,37.7863613],[-122.3943208,37.786328],[-122.394288,37.786354],[-122.394264,37.786335],[-122.3942098,37.7863779],[-122.3942339,37.7863969],[-122.394177,37.786442]]]},"properties":{"sources":[{"property":"","dataset":"OpenStreetMap","license":"ODbL-1.0","record_id":"w260323191@5","update_time":"2021-05-05T19:46:31.000Z","confidence":null,"between":null}],"height":13.0,"is_underground":false,"has_parts":false,"version":1}},
{"id":"98cc7d82-6940-4eb2-bf84-267484778f77","type":"Feature","geometry":{"type":"Polygon","coordinates":[[[-122.3944182,37.7864035],[-122.3944871,37.7863484],[-122.3943933,37.7862752],[-122.3943234,37.7862206],[-122.394254,37.7862761],[-122.3943208,37.786328],[-122.3943629,37.7863613],[-122.3943812,37.7863743],[-122.3944182,37.7864035]]]},"properties":{"sources":[{"property":"","dataset":"OpenStreetMap","license":"ODbL-1.0","record_id":"w939497443@1","update_time":"2021-05-05T19:46:31.000Z","confidence":null,"between":null},{"property":"/properties/height","dataset":"USGS Lidar","license":null,"record_id":null,"update_time":null,"confidence":null,"between":null}],"height":21.8,"is_underground":false,"has_parts":false,"version":1}},
{"id":"3fbd7eac-da85-4d8e-9ab7-048c5237f2ee","type":"Feature","geometry":{"type":"Polygon","coordinates":[[[-122.3937857,37.786583],[-122.3939886,37.7867443],[-122.394274,37.7865185],[-122.394177,37.786442],[-122.3940713,37.7863586],[-122.3937901,37.7865795],[-122.3937857,37.786583]]]},"properties":{"sources":[{"property":"","dataset":"OpenStreetMap","license":"ODbL-1.0","record_id":"w260323197@4","update_time":"2021-05-05T19:46:31.000Z","confidence":null,"between":null}],"height":20.0,"is_underground":false,"has_parts":false,"version":1}},
{"id":"5cd476ef-2b3f-44ac-817c-fe575c81f381","type":"Feature","geometry":{"type":"Polygon","coordinates":[[[-122.3937901,37.7865795],[-122.3940713,37.7863586],[-122.3939837,37.786289],[-122.3940082,37.7862697],[-122.3939073,37.7861895],[-122.3936016,37.7864296],[-122.3937901,37.7865795]]]},"properties":{"sources":[{"property":"","dataset":"OpenStreetMap","license":"ODbL-1.0","record_id":"w260323196@4","update_time":"2020-07-09T04:50:38.000Z","confidence":null,"between":null}],"height":22.0,"is_underground":false,"has_parts":false,"version":1}},
{"id":"655077b8-fcc4-4075-8474-974b3d77f88e","type":"Feature","geometry":{"type":"Polygon","coordinates":[[[-122.3939321,37.7872523],[-122.3941456,37.7874179],[-122.3941749,37.787394],[-122.3941807,37.7873985],[-122.3942321,37.7873564],[-122.394226,37.7873527],[-122.3942858,37.7873042],[-122.3941904,37.7872341],[-122.3942029,37.787224],[-122.3941748,37.7871998],[-122.3941606,37.7872105],[-122.3939733,37.7870624],[-122.3939867,37.7870518],[-122.393959,37.7870297],[-122.3939451,37.78704],[-122.393885,37.7869924],[-122.393827,37.7870374],[-122.3937943,37.787012],[-122.3938419,37.7869737],[-122.3937708,37.786919],[-122.3937237,37.7869558],[-122.3936877,37.7869284],[-122.393737,37.7868904],[-122.3937145,37.7868718],[-122.3937154,37.7868648],[-122.393709,37.7868553],[-122.3937009,37.7868487],[-122.3936911,37.7868468],[-122.3936821,37.7868454],[-122.393652,37.7868196],[-122.393659,37.786813],[-122.3936341,37.786794],[-122.3936268,37.7868],[-122.3935688,37.7867538],[-122.3935765,37.7867464],[-122.3935513,37.7867275],[-122.3935436,37.7867346],[-122.3935092,37.7867062],[-122.3935086,37.7866964],[-122.393502,37.7866891],[-122.3934904,37.786683],[-122.3934773,37.7866825],[-122.3934632,37.7866878],[-122.3934558,37.786703],[-122.393457,37.7867052],[-122.3934451,37.7867163],[-122.3934441,37.7867154],[-122.3934052,37.7867453],[-122.3933975,37.7867396],[-122.3933733,37.7867594],[-122.3933636,37.7867625],[-122.3933376,37.7867742],[-122.3933178,37.7867903],[-122.3933013,37.7868101],[-122.393296,37.7868201],[-122.393269,37.7868396],[-122.3932771,37.7868451],[-122.39324,37.7868752],[-122.3932411,37.7868755],[-122.3932304,37.7868842],[-122.3932173,37.7868869],[-122.3932092,37.7868896],[-122.3932038,37.7868937],[-122.3931981,37.7869034],[-122.393199,37.7869151],[-122.3932091,37.7869243],[-122.3932171,37.786928],[-122.3932283,37.7869281],[-122.3932328,37.7869282],[-122.3932636,37.7869546],[-122.3932553,37.7869619],[-122.3932795,37.7869815],[-122.3932877,37.7869745],[-122.3933463,37.7870211],[-122.393339,37.7870276],[-122.3933629,37.7870465],[-122.3933712,37.7870397],[-122.3934047,37.7870667],[-122.3934045,37.7870762],[-122.393409,37.7870839],[-122.3934187,37.7870907],[-122.3934303,37.7870924],[-122.3934435,37.7870904],[-122.3934537,37.7870843],[-122.3934589,37.7870747],[-122.3934629,37.787065],[-122.3934709,37.7870583],[-122.3934717,37.787059],[-122.3935082,37.7870288],[-122.393516,37.7870347],[-122.3935363,37.7870471],[-122.393557,37.7870623],[-122.3934456,37.7871486],[-122.3935554,37.7872418],[-122.3935599,37.787238],[-122.3935885,37.7872592],[-122.3936833,37.7871753],[-122.3937206,37.7872005],[-122.3937608,37.7872335],[-122.3938381,37.7872942],[-122.3938968,37.7872493],[-122.3939166,37.7872656],[-122.3939321,37.7872523]]]},"properties":{"names":{"primary":"The Metropolitan","common":null,"rules":null},"sources":[{"property":"","dataset":"OpenStreetMap","license":"ODbL-1.0","record_id":"w945361247@4","update_time":"2024-07-07T18:51:40.000Z","confidence":null,"between":null}],"is_underground":false,"subtype":"residential","class":"residential","roof_shape":"flat","has_parts":true,"version":1}},
{"id":"65789b94-6352-4dc8-9bf6-e12e4b448e06","type":"Feature","geometry":{"type":"Polygon","coordinates":[[[-122.3936168,37.7873487],[-122.3938732,37.7875484],[-122.3939908,37.7874562],[-122.3940185,37.7874359],[-122.3938381,37.7872942],[-122.3937608,37.7872335],[-122.3936168,37.7873487]]]},"properties":{"names":{"primary":"Embarcadero Substation","common":null,"rules":null},"sources":[{"property":"","dataset":"OpenStreetMap","license":"ODbL-1.0","record_id":"w1154710859@3","update_time":"2024-07-23T15:09:11.000Z","confidence":null,"between":null}],"is_underground":false,"subtype":"industrial","class":"industrial","has_parts":false,"version":1}},
{"id":"5d87f040-206a-48ca-b0ff-11663c364a69","type":"Feature","geometry":{"type":"Polygon","coordinates":[[[-122.3940242,37.78743],[-122.3940824,37.7874767],[-122.3941359,37.7874353],[-122.3939418,37.7872785],[-122.3938884,37.7873198],[-122.3940242,37.78743]]]},"properties":{"names":{"primary":"Edwin Klockars Blacksmithing","common":null,"rules":null},"sources":[{"property":"","dataset":"OpenStreetMap","license":"ODbL-1.0","record_id":"w288647267@5","update_time":"2023-03-16T10:24:23.000Z","confidence":null,"between":null}],"height":6.0,"is_underground":false,"has_parts":false,"version":1}},
{"id":"d7d5b06a-4d98-4120-aa2d-9dabbff82ad8","type":"Feature","geometry":{"type":"Polygon","coordinates":[[[-122.3939661,37.7884685],[-122.3939209,37.7884327],[-122.3937156,37.7885945],[-122.3935066,37.7887592],[-122.3935517,37.7887949],[-122.3939661,37.7884685]]]},"properties":{"sources":[{"property":"","dataset":"OpenStreetMap","license":"ODbL-1.0","record_id":"w1309156963@1","update_time":"2024-08-21T00:44:16.000Z","confidence":null,"between":null}],"is_underground":false,"num_floors":2,"has_parts":false,"version":1}},
{"id":"b917b939-4b23-42ae-826b-e5b5772f8f91","type":"Feature","geometry":{"type":"Polygon","coordinates":[[[-122.3942208,37.7882914],[-122.3945673,37.788016],[-122.3944139,37.7879982],[-122.3943279,37.7880657],[-122.3942234,37.7879826],[-122.3939549,37.7879679],[-122.3938825,37.7880255],[-122.3942208,37.7882914]]]},"properties":{"sources":[{"property":"","dataset":"OpenStreetMap","license":"ODbL-1.0","record_id":"w945194181@2","update_time":"2024-02-07T15:43:53.000Z","confidence":null,"between":null}],"is_underground":false,"num_floors":7,"subtype":"residential","class":"apartments","has_parts":false,"version":1}},
{"id":"640f58b5-06e8-41eb-b32d-af9bab281848","type":"Feature","geometry":{"type":"Polygon","coordinates":[[[-122.3945448,37.787947],[-122.3945996,37.7879916],[-122.3948662,37.7877748],[-122.3945474,37.7875293],[-122.394399,37.7875969],[-122.3942567,37.7877321],[-122.3940782,37.7878843],[-122.3942929,37.7879082],[-122.3943032,37.7879248],[-122.3944069,37.7878396],[-122.3945448,37.787947]]]},"properties":{"sources":[{"property":"","dataset":"OpenStreetMap","license":"ODbL-1.0","record_id":"w693629257@5","update_time":"2024-02-07T15:43:53.000Z","confidence":null,"between":null}],"height":188.0,"is_underground":false,"num_floors":56,"subtype":"residential","class":"apartments","has_parts":true,"version":1}},
{"id":"1566bdff-53fc-463f-82ae-4a938abbcd02","type":"Feature","geometry":{"type":"Polygon","coordinates":[[[-122.3952879,37.7881002],[-122.3951695,37.7880067],[-122.3949959,37.7881438],[-122.3951143,37.7882374],[-122.3952879,37.7881002]]]},"properties":{"names":{"primary":"Orrick Building","common":null,"rules":null},"sources":[{"property":"","dataset":"OpenStreetMap","license":"ODbL-1.0","record_id":"w136104346@2","update_time":"2018-08-12T09:01:15.000Z","confidence":null,"between":null},{"property":"/properties/height","dataset":"USGS Lidar","license":null,"record_id":null,"update_time":null,"confidence":null,"between":null}],"height":22.1,"is_underground":false,"has_parts":false,"version":1}},
{"id":"84210736-2edf-43f9-9962-d104876bb08f","type":"Feature","geometry":{"type":"Polygon","coordinates":[[[-122.3949959,37.7881438],[-122.3944962,37.7885347],[-122.3951621,37.7890669],[-122.395649,37.7886866],[-122.3954612,37.7885357],[-122.3956516,37.7883876],[-122.3954563,37.7882312],[-122.3952792,37.7883697],[-122.3951823,37.7882923],[-122.3951143,37.7882374],[-122.3949959,37.7881438]]]},"properties":{"names":{"primary":"Foundry Square II","common":null,"rules":[{"variant":"alternate","language":null,"perspectives":null,"value":"Orrick Building","between":null,"side":null}]},"sources":[{"property":"","dataset":"OpenStreetMap","license":"ODbL-1.0","record_id":"w136104349@10","update_time":"2024-07-07T18:40:12.000Z","confidence":null,"between":null}],"height":55.0,"is_underground":false,"subtype":"commercial","class":"office","has_parts":false,"version":1}},
{"id":"b5439e72-363b-4c37-89ba-44fc372cde89","type":"Feature","geometry":{"type":"Polygon","coordinates":[[[-122.3954563,37.7882312],[-122.3953594,37.7881538],[-122.3951823,37.7882923],[-122.3952792,37.7883697],[-122.3954563,37.7882312]]]},"properties":{"sources":[{"property":"","dataset":"OpenStreetMap","license":"ODbL-1.0","record_id":"w136104345@1","update_time":"2018-08-12T09:01:15.000Z","confidence":null,"between":null},{"property":"/properties/height","dataset":"USGS Lidar","license":null,"record_id":null,"update_time":null,"confidence":null,"between":null}],"height":12.3,"is_underground":false,"has_parts":false,"version":1}},
{"id":"2ee3beff-7eff-464b-880e-ff3189223ae4","type":"Feature","geometry":{"type":"Polygon","coordinates":[[[-122.3955662,37.7879802],[-122.3960082,37.7876258],[-122.3958222,37.7874812],[-122.3953812,37.7878356],[-122.3955662,37.7879802]]]},"properties":{"sources":[{"property":"","dataset":"OpenStreetMap","license":"ODbL-1.0","record_id":"w114709398@3","update_time":"2023-08-01T20:13:46.000Z","confidence":null,"between":null}],"height":24.0,"is_underground":false,"has_parts":false,"version":1}},
{"id":"78f00367-3ce7-4c6b-8e44-d1ec06b28b86","type":"Feature","geometry":{"type":"Polygon","coordinates":[[[-122.3954143,37.7873468],[-122.3956951,37.7871259],[-122.3954358,37.786932],[-122.395411,37.7870035],[-122.3954372,37.7870083],[-122.3954224,37.7870676],[-122.3953915,37.7870617],[-122.3953742,37.7871131],[-122.395413,37.7871355],[-122.3953609,37.7871527],[-122.3953392,37.7872175],[-122.3953198,37.7872754],[-122.3953025,37.7873283],[-122.3952773,37.7874037],[-122.3952659,37.7874406],[-122.3952858,37.7874495],[-122.3954143,37.7873468]]]},"properties":{"sources":[{"property":"","dataset":"OpenStreetMap","license":"ODbL-1.0","record_id":"w136694409@6","update_time":"2024-07-07T18:40:12.000Z","confidence":null,"between":null}],"height":21.0,"is_underground":false,"has_parts":false,"version":1}},
{"id":"958ca2fc-d680-49d3-a078-6b32eb28458e","type":"Feature","geometry":{"type":"Polygon","coordinates":[[[-122.3954532,37.7868481],[-122.3954465,37.7869255],[-122.3956946,37.7871216],[-122.3957442,37.7870792],[-122.3954532,37.7868481]]]},"properties":{"sources":[{"property":"","dataset":"OpenStreetMap","license":"ODbL-1.0","record_id":"w324914570@5","update_time":"2024-07-07T18:40:12.000Z","confidence":null,"between":null}],"height":10.0,"is_underground":false,"has_parts":false,"version":1}},
{"id":"0f192c80-b785-41fc-a216-8123546db3c8","type":"Feature","geometry":{"type":"Polygon","coordinates":[[[-122.3955971,37.7866079],[-122.3953887,37.7867631],[-122.3957722,37.7870589],[-122.3959705,37.7868996],[-122.3955971,37.7866079]]]},"properties":{"names":{"primary":"Consulate General of Mexico, San Francisco","common":[["en","Consulate General of Mexico, San Francisco"],["es","Consulado General de México en San Francisco"]],"rules":null},"sources":[{"property":"","dataset":"OpenStreetMap","license":"ODbL-1.0","record_id":"w114709401@11","update_time":"2024-07-07T18:40:12.000Z","confidence":null,"between":null}],"height":21.0,"is_underground":false,"subtype":"civic","class":"public","has_parts":false,"version":1}},
{"id":"c2087297-9d14-4db2-8054-4dc81247853b","type":"Feature","geometry":{"type":"Polygon","coordinates":[[[-122.3954599,37.7863842],[-122.3953037,37.7862631],[-122.3949507,37.7865474],[-122.395107,37.7866686],[-122.3954599,37.7863842]]]},"properties":{"sources":[{"property":"","dataset":"OpenStreetMap","license":"ODbL-1.0","record_id":"w256974932@3","update_time":"2018-01-25T18:43:16.000Z","confidence":null,"between":null}],"height":29.0,"is_underground":false,"has_parts":false,"version":1}},
{"id":"0d06ccfb-c190-4f3a-a804-8f321aba23f1","type":"Feature","geometry":{"type":"Polygon","coordinates":[[[-122.3954358,37.786932],[-122.39535,37.786864],[-122.3951173,37.7870456],[-122.3948191,37.7872635],[-122.3947237,37.7873378],[-122.395067,37.7876127],[-122.3952382,37.7874791],[-122.3951743,37.7874279],[-122.3953025,37.7873283],[-122.3953198,37.7872754],[-122.3953392,37.7872175],[-122.3953609,37.7871527],[-122.3953742,37.7871131],[-122.3953915,37.7870617],[-122.395411,37.7870035],[-122.3954358,37.786932]]]},"properties":{"names":{"primary":"500 Folsom","common":null,"rules":null},"sources":[{"property":"","dataset":"OpenStreetMap","license":"ODbL-1.0","record_id":"w438098525@6","update_time":"2024-07-07T18:40:12.000Z","confidence":null,"between":null}],"height":134.0,"is_underground":false,"num_floors":43,"has_parts":true,"version":1}},
{"id":"a2b345be-51e1-496d-93c7-a05d4ff0ad3f","type":"Feature","geometry":{"type":"Polygon","coordinates":[[[-122.3944285,37.7868186],[-122.3945938,37.7869494],[-122.3946529,37.7869027],[-122.394736,37.7869685],[-122.394897,37.7868414],[-122.3948702,37.7868287],[-122.3949049,37.7868011],[-122.39492,37.7868131],[-122.3949788,37.7867667],[-122.394757,37.7865911],[-122.3945006,37.7867935],[-122.3944805,37.7867775],[-122.3944285,37.7868186]]]},"properties":{"sources":[{"property":"","dataset":"OpenStreetMap","license":"ODbL-1.0","record_id":"w118229930@7","update_time":"2024-07-07T18:51:40.000Z","confidence":null,"between":null}],"height":12.0,"is_underground":false,"subtype":"commercial","class":"office","has_parts":false,"version":1}},
{"id":"79a08be6-3a2d-4a24-b3e8-4f74b01fae9c","type":"Feature","geometry":{"type":"Polygon","coordinates":[[[-122.3947589,37.7862894],[-122.394634,37.7863887],[-122.3947415,37.7864732],[-122.3948664,37.7863739],[-122.3947589,37.7862894]]]},"properties":{"sources":[{"property":"","dataset":"OpenStreetMap","license":"ODbL-1.0","record_id":"w256062988@4","update_time":"2020-07-09T04:50:16.000Z","confidence":null,"between":null}],"height":15.0,"is_underground":false,"has_parts":false,"version":1}},
{"id":"f0d95fe8-fd4c-4020-8b9b-124886af8e6e","type":"Feature","geometry":{"type":"Polygon","coordinates":[[[-122.3948664,37.7863739],[-122.3948721,37.7863803],[-122.3949523,37.7863798],[-122.3949541,37.7862812],[-122.3949212,37.7862589],[-122.3949454,37.7862397],[-122.3949125,37.7861443],[-122.3948605,37.7860576],[-122.3947895,37.7860512],[-122.3947889,37.7860758],[-122.3947819,37.7860854],[-122.3947958,37.7861192],[-122.3947843,37.786168],[-122.3948016,37.786184],[-122.3947814,37.7862164],[-122.3947837,37.7862329],[-122.3947612,37.7862333],[-122.3947381,37.7862721],[-122.3947589,37.7862894],[-122.3948664,37.7863739]]]},"properties":{"sources":[{"property":"","dataset":"OpenStreetMap","license":"ODbL-1.0","record_id":"w256062979@4","update_time":"2020-07-09T04:50:38.000Z","confidence":null,"between":null}],"height":24.0,"is_underground":false,"has_parts":false,"version":1}},
{"id":"fbc4aed5-d0d2-4a2a-bbf6-4fe495afca14","type":"Feature","geometry":{"type":"Polygon","coordinates":[[[-122.3951649,37.7861383],[-122.3950713,37.7862103],[-122.3951946,37.7863104],[-122.3952882,37.7862383],[-122.3951649,37.7861383]]]},"properties":{"sources":[{"property":"","dataset":"Microsoft ML Buildings","license":"ODbL-1.0","record_id":null,"update_time":"2023-09-01T00:00:00.000Z","confidence":0.9965999722480774,"between":null}],"height":10.905043601989746,"is_underground":false,"has_parts":false,"version":3}},
{"id":"bb1bd0c6-1911-41a6-975a-fb5172164214","type":"Feature","geometry":{"type":"Polygon","coordinates":[[[-122.3961835,37.7852793],[-122.3960664,37.7851851],[-122.3960648,37.7853665],[-122.3959595,37.7853654],[-122.395851,37.785366],[-122.3957406,37.7853659],[-122.3955256,37.7853664],[-122.3955228,37.7852865],[-122.3955242,37.7850168],[-122.3954156,37.7850165],[-122.3954158,37.7848471],[-122.3956448,37.7848481],[-122.3955352,37.7847607],[-122.3953543,37.7846165],[-122.3952525,37.7845353],[-122.3951923,37.7844873],[-122.3950371,37.7846079],[-122.3949947,37.7846409],[-122.394962,37.7846663],[-122.3949306,37.7846907],[-122.3949056,37.7847101],[-122.394903,37.7847431],[-122.3949045,37.7848024],[-122.3949618,37.7848469],[-122.3949608,37.7851076],[-122.3950684,37.7851944],[-122.3950679,37.785285],[-122.3950632,37.7853675],[-122.3955171,37.7857287],[-122.3956229,37.785811699999996],[-122.3956188,37.7858764],[-122.3957636,37.7859921],[-122.3959649,37.7859905],[-122.3960743,37.7859079],[-122.3961871,37.7858185],[-122.3962956,37.7857299],[-122.3964666,37.7855953],[-122.3965221,37.7855515],[-122.3963521,37.7854148],[-122.3961835,37.7852793]]]},"properties":{"names":{"primary":"303 Second Street","common":null,"rules":null},"sources":[{"property":"","dataset":"OpenStreetMap","license":"ODbL-1.0","record_id":"w112774489@9","update_time":"2026-03-09T11:56:37.000Z","confidence":null,"between":null}],"height":62.0,"is_underground":false,"has_parts":true,"version":2}},
{"id":"de04e3f3-3b86-4b32-9ef3-6711553834d6","type":"Feature","geometry":{"type":"Polygon","coordinates":[[[-122.3961625,37.7861436],[-122.3961031,37.7861914],[-122.3961979,37.786265],[-122.3962586,37.7863121],[-122.3963181,37.7862642],[-122.3961625,37.7861436]]]},"properties":{"sources":[{"property":"","dataset":"OpenStreetMap","license":"ODbL-1.0","record_id":"w256063000@3","update_time":"2020-07-09T04:28:12.000Z","confidence":null,"between":null}],"height":12.0,"is_underground":false,"has_parts":false,"version":1}},
{"id":"d5b0e451-3aec-4fb7-9947-8fea47da434a","type":"Feature","geometry":{"type":"Polygon","coordinates":[[[-122.3962911,37.78604],[-122.3961625,37.7861436],[-122.3963181,37.7862642],[-122.396346,37.7862859],[-122.3964746,37.7861823],[-122.3962911,37.78604]]]},"properties":{"sources":[{"property":"","dataset":"OpenStreetMap","license":"ODbL-1.0","record_id":"w256062994@5","update_time":"2020-07-09T04:28:12.000Z","confidence":null,"between":null}],"height":13.0,"is_underground":false,"subtype":"commercial","class":"office","has_parts":false,"version":1}},
{"id":"d968d8c4-052f-4d09-a52a-58fe05c44a72","type":"Feature","geometry":{"type":"Polygon","coordinates":[[[-122.3969693,37.7849819],[-122.397068,37.7850605],[-122.397169,37.7849812],[-122.3972607,37.7849093],[-122.3969878,37.784692],[-122.3968871,37.7846118],[-122.3967233,37.7844821],[-122.396625,37.7844032],[-122.3964572,37.7845338],[-122.3963807,37.7845947],[-122.3964572,37.7846556],[-122.3969177,37.7850224],[-122.3969693,37.7849819]]]},"properties":{"names":{"primary":"Blu Condos","common":null,"rules":null},"sources":[{"property":"","dataset":"OpenStreetMap","license":"ODbL-1.0","record_id":"w112774488@10","update_time":"2024-06-19T04:14:31.000Z","confidence":null,"between":null}],"height":82.0,"is_underground":false,"num_floors":21,"subtype":"residential","class":"residential","has_parts":true,"version":1}},
{"id":"a7276bf8-9aa4-457f-bda6-59dd4d88581f","type":"Feature","geometry":{"type":"Polygon","coordinates":[[[-122.396594,37.7852745],[-122.3969177,37.7850224],[-122.3964572,37.7846556],[-122.3961786,37.7848741],[-122.3961347,37.7849085],[-122.396594,37.7852745]]]},"properties":{"sources":[{"property":"","dataset":"OpenStreetMap","license":"ODbL-1.0","record_id":"w93817366@8","update_time":"2024-01-31T02:46:18.000Z","confidence":null,"between":null}],"height":71.0,"is_underground":false,"num_floors":18,"has_parts":true,"version":2}},
{"id":"a8d19d04-433b-4dd7-8cd9-1b6eae202e84","type":"Feature","geometry":{"type":"Polygon","coordinates":[[[-122.3967076,37.7863096],[-122.3971026,37.786004],[-122.3970108,37.7859299],[-122.3969869,37.7859484],[-122.3968272,37.7858195],[-122.3968464,37.7858046],[-122.3967518,37.7857283],[-122.3963714,37.7860225],[-122.396461,37.7860948],[-122.3966621,37.7859392],[-122.3968064,37.7860506],[-122.3965879,37.786219],[-122.3967076,37.7863096]]]},"properties":{"names":{"primary":"The Clancy, Autograph Collection","common":[["zh","旧金山市中心万怡酒店"]],"rules":null},"sources":[{"property":"","dataset":"OpenStreetMap","license":"ODbL-1.0","record_id":"w112774492@16","update_time":"2024-02-12T00:52:42.000Z","confidence":null,"between":null}],"height":50.0,"is_underground":false,"num_floors":17,"subtype":"commercial","class":"hotel","has_parts":false,"version":1}},
{"id":"d468cd89-6942-41b4-84b1-6568116f1eab","type":"Feature","geometry":{"type":"Polygon","coordinates":[[[-122.3965454,37.7861869],[-122.3963899,37.7863153],[-122.3965515,37.7864385],[-122.3967076,37.7863096],[-122.3965879,37.786219],[-122.3965454,37.7861869]]]},"properties":{"sources":[{"property":"","dataset":"OpenStreetMap","license":"ODbL-1.0","record_id":"w256973654@3","update_time":"2020-07-09T04:28:12.000Z","confidence":null,"between":null}],"height":12.0,"is_underground":false,"has_parts":false,"version":1}},
{"id":"ca59f3ac-d512-45fd-99d8-289e297d0489","type":"Feature","geometry":{"type":"Polygon","coordinates":[[[-122.3964275,37.7865409],[-122.3965515,37.7864385],[-122.3963899,37.7863153],[-122.3962653,37.7864182],[-122.3964275,37.7865409]]]},"properties":{"sources":[{"property":"","dataset":"OpenStreetMap","license":"ODbL-1.0","record_id":"w474354576@2","update_time":"2020-07-09T04:28:14.000Z","confidence":null,"between":null}],"height":22.0,"is_underground":false,"has_parts":false,"version":1}},
{"id":"f3a873e6-eefa-4a01-a270-a372557d6105","type":"Feature","geometry":{"type":"Polygon","coordinates":[[[-122.3962176,37.7862924],[-122.3961639,37.7863353],[-122.3962456,37.7863991],[-122.3962993,37.7863562],[-122.3962176,37.7862924]]]},"properties":{"sources":[{"property":"","dataset":"OpenStreetMap","license":"ODbL-1.0","record_id":"w256062991@1","update_time":"2014-01-10T17:38:29.000Z","confidence":null,"between":null},{"property":"/properties/height","dataset":"USGS Lidar","license":null,"record_id":null,"update_time":null,"confidence":null,"between":null}],"height":5.8,"is_underground":false,"has_parts":false,"version":1}},
{"id":"ca05a6cc-4fd6-4550-a980-7a06338e3ce5","type":"Feature","geometry":{"type":"Polygon","coordinates":[[[-122.3960439,37.7862391],[-122.3961387,37.7863126],[-122.3961979,37.786265],[-122.3961031,37.7861914],[-122.3960439,37.7862391]]]},"properties":{"sources":[{"property":"","dataset":"OpenStreetMap","license":"ODbL-1.0","record_id":"w256062990@5","update_time":"2023-09-06T23:30:14.000Z","confidence":null,"between":null}],"height":8.0,"is_underground":false,"subtype":"residential","class":"house","has_parts":false,"version":1}},
{"id":"66d6ab24-d62f-47fd-84ab-04d34dca3e32","type":"Feature","geometry":{"type":"Polygon","coordinates":[[[-122.3958794,37.787441],[-122.3960782,37.7875966],[-122.3967021,37.7870986],[-122.3965034,37.7869431],[-122.3958794,37.787441]]]},"properties":{"names":{"primary":"33 Tehama","common":null,"rules":null},"sources":[{"property":"","dataset":"OpenStreetMap","license":"ODbL-1.0","record_id":"w441638842@7","update_time":"2024-07-07T18:40:12.000Z","confidence":null,"between":null},{"property":"/properties/height","dataset":"Microsoft ML Buildings","license":"ODbL-1.0","record_id":null,"update_time":"2023-09-01T00:00:00.000Z","confidence":0.9779000282287598,"between":null}],"height":20.282108306884766,"is_underground":false,"num_floors":34,"subtype":"residential","class":"residential","has_parts":false,"version":2}},
{"id":"a7c3fd6c-87f8-4e17-9a11-12c0c82b56fe","type":"Feature","geometry":{"type":"Polygon","coordinates":[[[-122.3959686,37.7881384],[-122.3961535,37.7882851],[-122.3965742,37.7879536],[-122.396468,37.7878694],[-122.3964908,37.7878513],[-122.3962046,37.7876244],[-122.3956476,37.7880632],[-122.3958551,37.7882278],[-122.3959686,37.7881384]]]},"properties":{"names":{"primary":"Foundry Square III","common":null,"rules":null},"sources":[{"property":"","dataset":"OpenStreetMap","license":"ODbL-1.0","record_id":"w242940296@8","update_time":"2024-07-07T18:40:12.000Z","confidence":null,"between":null}],"height":44.0,"is_underground":false,"subtype":"commercial","class":"office","roof_shape":"flat","has_parts":false,"version":1}},
{"id":"99b30a0c-da13-4f2e-9c16-45d37c7024ae","type":"Feature","geometry":{"type":"Polygon","coordinates":[[[-122.3961223,37.7888152],[-122.3962318,37.7889049],[-122.3962618,37.7888824],[-122.3961532,37.7887909],[-122.3961223,37.7888152]]]},"properties":{"sources":[{"property":"","dataset":"OpenStreetMap","license":"ODbL-1.0","record_id":"w1410037752@2","update_time":"2026-04-29T11:43:17.000Z","confidence":null,"between":null}],"height":28.0,"min_height":8.0,"is_underground":false,"has_parts":true,"version":1}},
{"id":"62cdedae-dfe5-48fe-bfff-513329805a7a","type":"Feature","geometry":{"type":"Polygon","coordinates":[[[-122.396611,37.7879383],[-122.3966734,37.787889],[-122.3964708,37.7877296],[-122.3964057,37.7877755],[-122.396611,37.7879383]]]},"properties":{"sources":[{"property":"","dataset":"OpenStreetMap","license":"ODbL-1.0","record_id":"w363233148@4","update_time":"2020-07-09T04:28:14.000Z","confidence":null,"between":null}],"height":18.0,"is_underground":false,"has_parts":false,"version":1}},
{"id":"e2cfaa5e-cbaf-4c72-87c9-038f6d71b0f1","type":"Feature","geometry":{"type":"Polygon","coordinates":[[[-122.3965332,37.7876765],[-122.3964708,37.7877296],[-122.3966734,37.787889],[-122.396734,37.7878401],[-122.3965332,37.7876765]]]},"properties":{"sources":[{"property":"","dataset":"OpenStreetMap","license":"ODbL-1.0","record_id":"w189138938@5","update_time":"2024-07-07T18:40:12.000Z","confidence":null,"between":null}],"height":15.0,"is_underground":false,"has_parts":false,"version":1}},
{"id":"7dd603e0-f1bc-4d0e-b133-cbfc9adc83c1","type":"Feature","geometry":{"type":"Polygon","coordinates":[[[-122.396734,37.7878401],[-122.396976,37.7876475],[-122.3967743,37.7874881],[-122.3967115,37.787537],[-122.3965112,37.7873735],[-122.3963314,37.787511],[-122.3965332,37.7876765],[-122.396734,37.7878401]]]},"properties":{"names":{"primary":"Galvanize","common":null,"rules":null},"sources":[{"property":"","dataset":"OpenStreetMap","license":"ODbL-1.0","record_id":"w256972185@7","update_time":"2018-08-17T22:53:24.000Z","confidence":null,"between":null}],"height":19.0,"is_underground":false,"has_parts":false,"version":1}},
{"id":"ddb30f59-e89b-4660-a754-baaa0406971e","type":"Feature","geometry":{"type":"Polygon","coordinates":[[[-122.3967561,37.7881926],[-122.3967257,37.7881684],[-122.3963643,37.7884527],[-122.3964734,37.7885394],[-122.3963588,37.7886295],[-122.3964656,37.7887143],[-122.3965012,37.7886863],[-122.3966573,37.7888103],[-122.3970745,37.7884823],[-122.397113,37.788452],[-122.3970994,37.7884412],[-122.3971261,37.7884202],[-122.3969697,37.788296],[-122.3969424,37.7883174],[-122.3967707,37.7881811],[-122.3967561,37.7881926]]]},"properties":{"names":{"primary":"Foundry Square IV","common":null,"rules":null},"sources":[{"property":"","dataset":"OpenStreetMap","license":"ODbL-1.0","record_id":"w113505811@10","update_time":"2018-08-12T09:01:15.000Z","confidence":null,"between":null}],"height":46.0,"is_underground":false,"subtype":"commercial","class":"office","has_parts":false,"version":1}},
{"id":"bf7460da-8fbb-45a5-82ec-4aa7ee007e1e","type":"Feature","geometry":{"type":"Polygon","coordinates":[[[-122.3970285,37.7908793],[-122.3967135,37.7906287],[-122.3964122,37.7908652],[-122.3967272,37.7911158],[-122.3969003,37.79098],[-122.3970285,37.7908793]]]},"properties":{"names":{"primary":"350 Mission Street","common":null,"rules":null},"sources":[{"property":"","dataset":"OpenStreetMap","license":"ODbL-1.0","record_id":"w226514310@11","update_time":"2024-07-07T20:07:17.000Z","confidence":null,"between":null}],"height":129.0,"is_underground":false,"num_floors":27,"subtype":"commercial","class":"commercial","has_parts":false,"version":1}},
{"id":"919d2db4-00a8-4c55-a2de-ab3edfa05911","type":"Feature","geometry":{"type":"Polygon","coordinates":[[[-122.3963289,37.791381],[-122.3966158,37.7916075],[-122.3969311,37.7913588],[-122.3966435,37.7911319],[-122.3963563,37.7909053],[-122.3960417,37.7911543],[-122.3963289,37.791381]]]},"properties":{"names":{"primary":"50 Beale Street","common":null,"rules":[{"variant":"alternate","language":null,"perspectives":null,"value":"Bechtel Building;Blue Shield of California Building","between":null,"side":null}]},"sources":[{"property":"","dataset":"OpenStreetMap","license":"ODbL-1.0","record_id":"w256065251@4","update_time":"2023-02-12T06:36:27.000Z","confidence":null,"between":null}],"height":105.0,"is_underground":false,"num_floors":23,"subtype":"commercial","class":"commercial","has_parts":false,"version":1}},
{"id":"76d181c4-e04b-4ce4-996e-b93da978b2ac","type":"Feature","geometry":{"type":"Polygon","coordinates":[[[-122.3963553,37.7905883],[-122.396491,37.7904834],[-122.3964091,37.7904172],[-122.3964343,37.7903977],[-122.3961361,37.7901566],[-122.3958831,37.790352],[-122.3959939,37.7904415],[-122.395988,37.7904637],[-122.3961495,37.7905937],[-122.3961763,37.790589],[-122.3962562,37.7906536],[-122.3963482,37.7905825],[-122.3963553,37.7905883]]]},"properties":{"names":{"primary":"Millennium Tower","common":null,"rules":null},"sources":[{"property":"","dataset":"OpenStreetMap","license":"ODbL-1.0","record_id":"w72963089@10","update_time":"2019-11-06T21:02:35.000Z","confidence":null,"between":null}],"level":1,"height":197.0,"is_underground":false,"num_floors":58,"facade_material":"glass","has_parts":false,"version":1}},
{"id":"c24babc5-af3a-4148-875b-fbad3ad8a108","type":"Feature","geometry":{"type":"Polygon","coordinates":[[[-122.3954773,37.7907219],[-122.3958311,37.7910052],[-122.3960647,37.790823],[-122.3962374,37.7906882],[-122.3961919,37.7906518],[-122.3958249,37.790358],[-122.3957933,37.7903327],[-122.395407,37.7906342],[-122.3954409,37.7906613],[-122.3954972,37.7907064],[-122.3954773,37.7907219]]]},"properties":{"names":{"primary":"Millennium Lofts","common":null,"rules":null},"sources":[{"property":"","dataset":"OpenStreetMap","license":"ODbL-1.0","record_id":"w73348851@7","update_time":"2024-07-07T20:07:17.000Z","confidence":null,"between":null}],"level":1,"height":44.0,"is_underground":false,"has_parts":false,"version":1}},
{"id":"f882864f-6251-4519-9347-28923680fbf4","type":"Feature","geometry":{"type":"Polygon","coordinates":[[[-122.3958526,37.7888486],[-122.3953665,37.7892299],[-122.3957526,37.7895372],[-122.3958257,37.7894774],[-122.3958507,37.7894974],[-122.3962203,37.7892029],[-122.396194,37.7891819],[-122.3962217,37.7891602],[-122.3963869,37.7890341],[-122.3962318,37.7889049],[-122.3961223,37.7888152],[-122.3959654,37.7889384],[-122.3958526,37.7888486]]]},"properties":{"names":{"primary":"Foundry Square I","common":null,"rules":[{"variant":"alternate","language":null,"perspectives":null,"value":"BlackRock Building","between":null,"side":null},{"variant":"alternate","language":null,"perspectives":null,"value":"BGI Building","between":null,"side":null}]},"sources":[{"property":"","dataset":"OpenStreetMap","license":"ODbL-1.0","record_id":"w136104348@11","update_time":"2025-06-27T11:50:26.000Z","confidence":null,"between":null}],"height":32.0,"is_underground":false,"subtype":"commercial","class":"office","has_parts":true,"version":2}},
{"id":"5467259b-8b65-4495-9923-6b5993f9b038","type":"Feature","geometry":{"type":"Polygon","coordinates":[[[-122.3955395,37.7898726],[-122.3954996,37.7898414],[-122.3954728,37.7898627],[-122.3954153,37.7899084],[-122.3954555,37.7899398],[-122.3954575,37.7899414],[-122.3955145,37.7898959],[-122.3955416,37.7898743],[-122.3955395,37.7898726]]]},"properties":{"sources":[{"property":"","dataset":"OpenStreetMap","license":"ODbL-1.0","record_id":"w616385883@6","update_time":"2025-04-08T09:37:28.000Z","confidence":null,"between":null}],"is_underground":false,"has_parts":false,"version":1}},
{"id":"8a0c28c7-f9c6-4ec2-ba97-5e4f675592ee","type":"Feature","geometry":{"type":"Polygon","coordinates":[[[-122.3950873,37.7898482],[-122.3952903,37.7900077],[-122.3954153,37.7899084],[-122.3954728,37.7898627],[-122.3954996,37.7898414],[-122.3956152,37.7897496],[-122.3955396,37.7896902],[-122.395328,37.7895239],[-122.3951154,37.7896928],[-122.3951995,37.789759],[-122.3950873,37.7898482]]]},"properties":{"names":{"primary":"181 Fremont Tower","common":null,"rules":null},"sources":[{"property":"","dataset":"OpenStreetMap","license":"ODbL-1.0","record_id":"w445566153@14","update_time":"2025-04-22T16:09:54.000Z","confidence":null,"between":null}],"height":244.4,"is_underground":false,"num_floors":55,"has_parts":false,"version":1}},
{"id":"79323250-0989-4c60-b44f-0b308312e21d","type":"Feature","geometry":{"type":"Polygon","coordinates":[[[-122.3952462,37.7894576],[-122.3952542,37.7894515],[-122.3951601,37.7893767],[-122.3948577,37.7896142],[-122.3949519,37.7896891],[-122.3952462,37.7894576]]]},"properties":{"sources":[{"property":"","dataset":"OpenStreetMap","license":"ODbL-1.0","record_id":"w192883914@3","update_time":"2025-04-08T09:37:28.000Z","confidence":null,"between":null}],"height":24.0,"is_underground":false,"has_parts":false,"version":1}},
{"id":"da94f5e9-69ef-4241-8f7f-8ef771e1113e","type":"Feature","geometry":{"type":"Polygon","coordinates":[[[-122.394882,37.7902305],[-122.3949461,37.7902796],[-122.3952535,37.7900293],[-122.3950553,37.7898773],[-122.3950205,37.7899063],[-122.3947871,37.7897274],[-122.3947725,37.7897392],[-122.3947542,37.7897252],[-122.3946926,37.7897754],[-122.3946771,37.7897636],[-122.3945627,37.7898568],[-122.3945782,37.7898686],[-122.3945142,37.7899208],[-122.3945325,37.7899349],[-122.394505,37.7899572],[-122.394872,37.7902387],[-122.394882,37.7902305]]]},"properties":{"names":{"primary":"199 Fremont","common":null,"rules":null},"sources":[{"property":"","dataset":"OpenStreetMap","license":"ODbL-1.0","record_id":"w192883913@7","update_time":"2025-04-08T09:37:28.000Z","confidence":null,"between":null}],"height":115.0,"is_underground":false,"has_parts":false,"version":1}},
{"id":"12e0ae9a-180a-4526-b369-f52c5179c16c","type":"Feature","geometry":{"type":"Polygon","coordinates":[[[-122.3946451,37.7906831],[-122.3948155,37.790816],[-122.3949576,37.7907023],[-122.3947872,37.7905694],[-122.3946451,37.7906831]]]},"properties":{"sources":[{"property":"","dataset":"OpenStreetMap","license":"ODbL-1.0","record_id":"w1279483248@1","update_time":"2024-05-03T22:23:53.000Z","confidence":null,"between":null}],"is_underground":false,"num_floors":1,"has_parts":false,"version":1}},
{"id":"7b8dba3b-8d77-40b8-b161-b74176d51f17","type":"Feature","geometry":{"type":"Polygon","coordinates":[[[-122.3955169,37.7912123],[-122.3953967,37.7911106],[-122.3953512,37.7911121],[-122.395237,37.7911158],[-122.3950792,37.7909953],[-122.3948989,37.791002],[-122.394753,37.7908867],[-122.3946328,37.7908935],[-122.394547,37.7908257],[-122.3943753,37.7908325],[-122.394333,37.7908653],[-122.3942981,37.7908935],[-122.3950792,37.7915447],[-122.3955169,37.7912123]]]},"properties":{"names":{"primary":"Providian Financial Building","common":null,"rules":null},"sources":[{"property":"","dataset":"OpenStreetMap","license":"ODbL-1.0","record_id":"w32862919@11","update_time":"2025-11-23T00:53:10.000Z","confidence":null,"between":null}],"height":138.0,"is_underground":false,"num_floors":30,"has_parts":true,"version":1}},
{"id":"47c49154-16cf-40a6-9fc7-4aa685373060","type":"Feature","geometry":{"type":"Polygon","coordinates":[[[-122.3961024,37.7917546],[-122.3961462,37.7917197],[-122.3958382,37.7914787],[-122.3957932,37.7915146],[-122.3957704,37.7914967],[-122.3953964,37.7917951],[-122.3954192,37.791813],[-122.3953713,37.7918512],[-122.3956793,37.7920923],[-122.3957241,37.7920565],[-122.3957371,37.7920668],[-122.3959235,37.7919181],[-122.3961155,37.7917649],[-122.3961024,37.7917546]]]},"properties":{"names":{"primary":"Pacific Gas & Electric Building","common":null,"rules":null},"sources":[{"property":"","dataset":"OpenStreetMap","license":"ODbL-1.0","record_id":"w260291405@6","update_time":"2024-07-07T19:17:06.000Z","confidence":null,"between":null}],"height":154.0,"is_underground":false,"num_floors":34,"subtype":"commercial","class":"office","has_parts":false,"version":1}},
{"id":"bc602804-7405-44f9-b4f4-c5f44474e33b","type":"Feature","geometry":{"type":"Polygon","coordinates":[[[-122.3952494,37.7918973],[-122.3953088,37.7919436],[-122.3953339,37.7919236],[-122.3953652,37.7918985],[-122.3953058,37.7918522],[-122.3952747,37.791877],[-122.3952494,37.7918973]]]},"properties":{"sources":[{"property":"","dataset":"OpenStreetMap","license":"ODbL-1.0","record_id":"w1279504257@1","update_time":"2024-05-03T22:59:18.000Z","confidence":null,"between":null}],"level":1,"is_underground":false,"subtype":"outbuilding","class":"roof","has_parts":false,"version":1}},
{"id":"20e1221d-ca48-4e78-965f-8bd953b8efa7","type":"Feature","geometry":{"type":"Polygon","coordinates":[[[-122.3952034,37.7924466],[-122.3953063,37.7923669],[-122.3952481,37.79232],[-122.3952354,37.7923098],[-122.3951157,37.7924025],[-122.3951647,37.792442],[-122.3951816,37.792429],[-122.3952034,37.7924466]]]},"properties":{"sources":[{"property":"","dataset":"OpenStreetMap","license":"ODbL-1.0","record_id":"w1168879939@2","update_time":"2025-04-29T03:18:42.000Z","confidence":null,"between":null},{"property":"/properties/height","dataset":"USGS Lidar","license":null,"record_id":null,"update_time":null,"confidence":null,"between":null}],"height":3.2,"is_underground":false,"subtype":"civic","class":"government","has_parts":false,"version":1}},
{"id":"6bb89df9-4ea0-4b4e-951a-1a656cc5fca4","type":"Feature","geometry":{"type":"Polygon","coordinates":[[[-122.3949782,37.7934246],[-122.3948763,37.7933433],[-122.3945972,37.7935615],[-122.3942108,37.7938644],[-122.3942991,37.7939348],[-122.3947526,37.7942965],[-122.3950286,37.7940804],[-122.39508,37.7940402],[-122.3951257,37.7940044],[-122.3954181,37.7937755],[-122.3949782,37.7934246]]]},"properties":{"names":{"primary":"Southern Pacific Building","common":null,"rules":[{"variant":"alternate","language":null,"perspectives":null,"value":"The Landmark @ One Market;The Landmark","between":null,"side":null}]},"sources":[{"property":"","dataset":"OpenStreetMap","license":"ODbL-1.0","record_id":"w132238425@12","update_time":"2025-04-29T03:19:30.000Z","confidence":null,"between":null}],"height":60.05,"is_underground":false,"num_floors":12,"subtype":"commercial","class":"office","roof_shape":"flat","has_parts":false,"version":1}},
{"id":"8c7efd5d-51be-4d0a-9e18-ec3c71a67ce6","type":"Feature","geometry":{"type":"Polygon","coordinates":[[[-122.3954676,37.792488],[-122.3948393,37.7929749],[-122.395044,37.7931398],[-122.3952354,37.7932954],[-122.3955392,37.7935407],[-122.3962012,37.7930292],[-122.3958952,37.7927821],[-122.3957048,37.7926275],[-122.3955003,37.7924627],[-122.3954676,37.792488]]]},"properties":{"names":{"primary":"Federal Reserve Bank of San Francisco","common":null,"rules":null},"sources":[{"property":"","dataset":"OpenStreetMap","license":"ODbL-1.0","record_id":"w32612362@9","update_time":"2025-04-29T03:18:44.000Z","confidence":null,"between":null}],"height":66.0,"is_underground":false,"subtype":"civic","class":"government","has_parts":true,"version":1}},
{"id":"d0e16911-6b86-446b-b6ef-eb36b1f85578","type":"Feature","geometry":{"type":"Polygon","coordinates":[[[-122.3962507,37.7936551],[-122.3962516,37.793657],[-122.3962533,37.7936586],[-122.3962556,37.7936597],[-122.3962581,37.7936602],[-122.3962608,37.7936601],[-122.3962634,37.7936592],[-122.3962655,37.7936576],[-122.3962668,37.7936556],[-122.3962671,37.7936534],[-122.3962665,37.7936511],[-122.396265,37.7936492],[-122.3962627,37.7936478],[-122.39626,37.7936471],[-122.3962571,37.7936472],[-122.3962547,37.7936479],[-122.3962526,37.7936492],[-122.3962512,37.793651],[-122.3962505,37.793653],[-122.3962507,37.7936551]]]},"properties":{"sources":[{"property":"","dataset":"OpenStreetMap","license":"ODbL-1.0","record_id":"w1358500530@1","update_time":"2025-02-10T04:59:02.000Z","confidence":null,"between":null}],"is_underground":false,"has_parts":false,"version":1}},
{"id":"7ceefedc-66c6-4724-92dd-03d9ede9280e","type":"Feature","geometry":{"type":"Polygon","coordinates":[[[-122.3962133,37.7930315],[-122.3955628,37.793537],[-122.3956451,37.7936032],[-122.3962956,37.7930975],[-122.3962133,37.7930315]]]},"properties":{"sources":[{"property":"","dataset":"OpenStreetMap","license":"ODbL-1.0","record_id":"w256969672@5","update_time":"2023-05-05T05:16:51.000Z","confidence":null,"between":null}],"level":1,"height":12.0,"is_underground":false,"subtype":"outbuilding","class":"roof","has_parts":false,"version":1}},
{"id":"527ba653-398e-4f44-ac38-b3718f5edaec","type":"Feature","geometry":{"type":"Polygon","coordinates":[[[-122.396044,37.7925511],[-122.3963317,37.7923295],[-122.3962069,37.7922318],[-122.3962149,37.7921958],[-122.3962111,37.7921731],[-122.3962016,37.7921516],[-122.3961824,37.7921323],[-122.3961568,37.7921159],[-122.3961318,37.7921074],[-122.396111,37.792102],[-122.3960706,37.7921041],[-122.396051,37.7921098],[-122.3960089,37.7920768],[-122.3957262,37.7923024],[-122.3958455,37.7923957],[-122.396044,37.7925511]]]},"properties":{"sources":[{"property":"","dataset":"OpenStreetMap","license":"ODbL-1.0","record_id":"w1279504248@3","update_time":"2025-04-29T03:18:49.000Z","confidence":null,"between":null}],"is_underground":false,"num_floors":2,"subtype":"transportation","class":"parking","roof_shape":"flat","has_parts":false,"version":1}},
{"id":"95163cdb-2d62-4e99-824c-e1a3f303522b","type":"Feature","geometry":{"type":"Polygon","coordinates":[[[-122.3959235,37.7919181],[-122.3957371,37.7920668],[-122.3958746,37.7921743],[-122.3960591,37.792027],[-122.3959235,37.7919181]]]},"properties":{"sources":[{"property":"","dataset":"OpenStreetMap","license":"ODbL-1.0","record_id":"w260291408@4","update_time":"2024-05-03T22:59:18.000Z","confidence":null,"between":null}],"height":151.0,"is_underground":false,"num_floors":3,"has_parts":false,"version":1}},
{"id":"655e20a0-ec5c-455f-bcb4-b82fa59c89ba","type":"Feature","geometry":{"type":"Polygon","coordinates":[[[-122.3961722,37.79212],[-122.3963779,37.7919562],[-122.3963935,37.7919437],[-122.39614,37.7917453],[-122.3961155,37.7917649],[-122.3959235,37.7919181],[-122.3960591,37.792027],[-122.3961722,37.79212]],[[-122.3961492,37.7920368],[-122.3960405,37.7919518],[-122.3961492,37.7918651],[-122.3962578,37.7919501],[-122.3961492,37.7920368]]]},"properties":{"sources":[{"property":"","dataset":"OpenStreetMap","license":"ODbL-1.0","record_id":"r3492902@4","update_time":"2024-07-07T20:07:17.000Z","confidence":null,"between":null}],"level":1,"height":25.0,"is_underground":false,"subtype":"outbuilding","class":"roof","has_parts":false,"version":2}},
{"id":"ec5fccd1-0b0e-408f-9202-73b35bdca817","type":"Feature","geometry":{"type":"Polygon","coordinates":[[[-122.3963838,37.7922858],[-122.3963317,37.7923295],[-122.396044,37.7925511],[-122.3961624,37.7926438],[-122.3962783,37.7925513],[-122.3965033,37.7923795],[-122.3963838,37.7922858]]]},"properties":{"names":{"primary":"Matson Building Annex","common":null,"rules":null},"sources":[{"property":"","dataset":"OpenStreetMap","license":"ODbL-1.0","record_id":"w260291407@7","update_time":"2025-04-29T03:18:46.000Z","confidence":null,"between":null}],"is_underground":false,"num_floors":7,"subtype":"commercial","class":"office","roof_shape":"flat","has_parts":false,"version":1}},
{"id":"ad1bd956-35a1-4543-b3de-3354075a5f12","type":"Feature","geometry":{"type":"Polygon","coordinates":[[[-122.3965143,37.792934],[-122.3968519,37.7926589],[-122.3967308,37.7925612],[-122.3967067,37.7925418],[-122.3965033,37.7923795],[-122.3962783,37.7925513],[-122.3961624,37.7926438],[-122.3965143,37.792934]]]},"properties":{"names":{"primary":"Matson Building","common":null,"rules":null},"sources":[{"property":"","dataset":"OpenStreetMap","license":"ODbL-1.0","record_id":"w1279504249@3","update_time":"2025-04-29T03:18:50.000Z","confidence":null,"between":null}],"height":83.0,"is_underground":false,"num_floors":16,"subtype":"commercial","class":"office","roof_shape":"flat","has_parts":true,"version":1}},
{"id":"73ea1e1f-841d-4b26-a281-62772a0089ac","type":"Feature","geometry":{"type":"Polygon","coordinates":[[[-122.3967235,37.7922041],[-122.3968403,37.792111],[-122.3965092,37.7918515],[-122.3963935,37.7919437],[-122.3963779,37.7919562],[-122.3961722,37.79212],[-122.3963838,37.7922858],[-122.3965033,37.7923795],[-122.3967235,37.7922041]]]},"properties":{"names":{"primary":"Pacific Gas and Electric Company General Office Building Annex","common":null,"rules":null},"sources":[{"property":"","dataset":"OpenStreetMap","license":"ODbL-1.0","record_id":"w260291406@4","update_time":"2024-07-07T20:07:17.000Z","confidence":null,"between":null}],"height":83.0,"is_underground":false,"num_floors":13,"has_parts":true,"version":1}},
{"id":"f3203a55-70d0-4eaf-9b2a-72678f47dd96","type":"Feature","geometry":{"type":"Polygon","coordinates":[[[-122.3967082,37.7922163],[-122.3965033,37.7923795],[-122.3967067,37.7925418],[-122.3967308,37.7925612],[-122.3968519,37.7926589],[-122.3971964,37.7923921],[-122.3969837,37.7922206],[-122.3968403,37.792111],[-122.3967235,37.7922041],[-122.3967082,37.7922163]]]},"properties":{"names":{"primary":"Pacific Gas and Electric Company General Office Building","common":null,"rules":null},"sources":[{"property":"","dataset":"OpenStreetMap","license":"ODbL-1.0","record_id":"w1279504251@2","update_time":"2024-07-07T20:07:17.000Z","confidence":null,"between":null}],"height":83.0,"is_underground":false,"num_floors":17,"has_parts":true,"version":1}},
{"id":"3fd8bdc8-9f0d-4424-a1b7-db02aed16601","type":"Feature","geometry":{"type":"Polygon","coordinates":[[[-122.3966641,37.793521],[-122.3968851,37.7934915],[-122.3969173,37.7934587],[-122.3968792,37.7932904],[-122.3968392,37.7932677],[-122.3966141,37.7932943],[-122.3965888,37.7933227],[-122.396628,37.7934967],[-122.3966641,37.793521]]]},"properties":{"names":{"primary":"Citibank","common":null,"rules":null},"sources":[{"property":"","dataset":"OpenStreetMap","license":"ODbL-1.0","record_id":"w436484074@9","update_time":"2026-03-30T20:09:30.000Z","confidence":null,"between":null}],"height":15.0,"is_underground":false,"has_parts":false,"version":2}},
{"id":"fe0b8dbf-8d58-48c6-99b2-586e4daefd39","type":"Feature","geometry":{"type":"Polygon","coordinates":[[[-122.3968617,37.793881],[-122.3968316,37.7937311],[-122.3965962,37.7937606],[-122.396629,37.793924],[-122.3967327,37.793911],[-122.3967261,37.7938781],[-122.3967122,37.7938799],[-122.3967078,37.793858],[-122.396794,37.7938472],[-122.3968023,37.7938885],[-122.3968617,37.793881]]]},"properties":{"sources":[{"property":"","dataset":"OpenStreetMap","license":"ODbL-1.0","record_id":"w260288448@4","update_time":"2024-05-03T20:34:49.000Z","confidence":null,"between":null}],"height":31.0,"is_underground":false,"num_floors":8,"has_parts":false,"version":1}},
{"id":"4b7d54c2-3561-44f0-a1f8-e3212db64772","type":"Feature","geometry":{"type":"Polygon","coordinates":[[[-122.3967327,37.793911],[-122.396629,37.793924],[-122.3966455,37.7940073],[-122.3968617,37.7939801],[-122.396845,37.7938971],[-122.3967327,37.793911]]]},"properties":{"sources":[{"property":"","dataset":"OpenStreetMap","license":"ODbL-1.0","record_id":"w260288453@5","update_time":"2024-05-03T20:34:49.000Z","confidence":null,"between":null}],"height":14.0,"is_underground":false,"num_floors":3,"has_parts":false,"version":1}},
{"id":"ec0847b5-eb9e-45b1-9bef-6da778f37606","type":"Feature","geometry":{"type":"Polygon","coordinates":[[[-122.3968968,37.794059],[-122.3968803,37.7940613],[-122.3966618,37.7940886],[-122.3966778,37.7941702],[-122.3969135,37.7941398],[-122.3969074,37.7941101],[-122.3968968,37.794059]]]},"properties":{"sources":[{"property":"","dataset":"OpenStreetMap","license":"ODbL-1.0","record_id":"w260288455@3","update_time":"2024-05-03T20:34:49.000Z","confidence":null,"between":null}],"is_underground":false,"num_floors":3,"has_parts":false,"version":1}},
{"id":"5efb27d1-19f2-4aca-824f-8733ff5d6f36","type":"Feature","geometry":{"type":"Polygon","coordinates":[[[-122.3968617,37.7939801],[-122.3966455,37.7940073],[-122.3966618,37.7940886],[-122.3968803,37.7940613],[-122.3968641,37.79398],[-122.3968617,37.7939801]]]},"properties":{"sources":[{"property":"","dataset":"OpenStreetMap","license":"ODbL-1.0","record_id":"w260288459@3","update_time":"2024-05-03T20:34:49.000Z","confidence":null,"between":null}],"is_underground":false,"num_floors":3,"has_parts":false,"version":1}},
{"id":"a368b36c-f911-4e38-99a3-8e5d3b1d4c35","type":"Feature","geometry":{"type":"Polygon","coordinates":[[[-122.3969371,37.7942302],[-122.3966973,37.7942619],[-122.3967108,37.7943294],[-122.3969506,37.794297],[-122.3969371,37.7942302]]]},"properties":{"sources":[{"property":"","dataset":"OpenStreetMap","license":"ODbL-1.0","record_id":"w260288454@6","update_time":"2024-05-03T20:34:49.000Z","confidence":null,"between":null}],"height":11.0,"is_underground":false,"num_floors":2,"has_parts":false,"version":1}},
{"id":"e7610bd6-e72e-47f7-b953-d8c087211940","type":"Feature","geometry":{"type":"Polygon","coordinates":[[[-122.3969506,37.794297],[-122.3967108,37.7943294],[-122.3967224,37.7943829],[-122.3969608,37.7943518],[-122.3969506,37.794297]]]},"properties":{"sources":[{"property":"","dataset":"OpenStreetMap","license":"ODbL-1.0","record_id":"w260288450@4","update_time":"2024-05-03T20:34:49.000Z","confidence":null,"between":null}],"is_underground":false,"num_floors":2,"has_parts":false,"version":1}},
{"id":"63be341b-9de4-48e4-a488-1feee91a6f7c","type":"Feature","geometry":{"type":"Polygon","coordinates":[[[-122.3969608,37.7943518],[-122.3967224,37.7943829],[-122.39673,37.7944259],[-122.3967471,37.7945066],[-122.3969866,37.7944755],[-122.3969608,37.7943518]]]},"properties":{"sources":[{"property":"","dataset":"OpenStreetMap","license":"ODbL-1.0","record_id":"w260288452@4","update_time":"2024-05-03T20:34:49.000Z","confidence":null,"between":null}],"height":8.0,"is_underground":false,"num_floors":2,"has_parts":false,"version":1}},
{"id":"059e1769-9309-4e34-9a88-ee62be43e192","type":"Feature","geometry":{"type":"Polygon","coordinates":[[[-122.3961878,37.7947829],[-122.3961661,37.7946727],[-122.3954359,37.7947626],[-122.3955048,37.7948139],[-122.395435,37.7948725],[-122.3957451,37.7951033],[-122.3965039,37.7950097],[-122.3964527,37.7947503],[-122.3961878,37.7947829]],[[-122.3961867,37.7948695],[-122.3962152,37.79502],[-122.3960296,37.7950423],[-122.3960007,37.7948938],[-122.3961867,37.7948695]]]},"properties":{"sources":[{"property":"","dataset":"OpenStreetMap","license":"ODbL-1.0","record_id":"r3828118@4","update_time":"2024-07-07T20:07:17.000Z","confidence":null,"between":null}],"level":1,"height":17.0,"is_underground":false,"num_floors":3,"has_parts":false,"version":2}},
{"id":"23c02155-9cac-42c2-8327-9d15270a2b99","type":"Feature","geometry":{"type":"Polygon","coordinates":[[[-122.3961221,37.7950299],[-122.396137,37.7950215],[-122.3961454,37.7950069],[-122.3961652,37.7950078],[-122.3961813,37.7950006],[-122.3961834,37.7949841],[-122.3961779,37.7949727],[-122.3961875,37.7949673],[-122.3962005,37.7949497],[-122.3961906,37.7949388],[-122.3961713,37.794929],[-122.3961696,37.794929],[-122.3961683,37.7949135],[-122.3961602,37.7949027],[-122.3961432,37.7949003],[-122.3961265,37.7949047],[-122.3961242,37.7949062],[-122.3961165,37.7948971],[-122.3960932,37.7948887],[-122.3960785,37.7949019],[-122.3960722,37.794913],[-122.3960597,37.7949119],[-122.3960383,37.7949163],[-122.3960349,37.7949326],[-122.3960396,37.794947],[-122.396031,37.7949539],[-122.3960214,37.7949704],[-122.3960353,37.7949835],[-122.3960496,37.7949896],[-122.3960484,37.7950026],[-122.3960552,37.7950166],[-122.3960742,37.7950193],[-122.3960912,37.795014],[-122.396093,37.7950174],[-122.3961074,37.7950255],[-122.3961221,37.7950299]],[[-122.3961145,37.7949128],[-122.3961038,37.7949318],[-122.3960927,37.7949198],[-122.3960768,37.7949134],[-122.3960752,37.7949132],[-122.3960809,37.7949032],[-122.3960939,37.7948914],[-122.3961146,37.7948989],[-122.396122,37.7949077],[-122.3961145,37.7949128]],[[-122.3960841,37.7949423],[-122.3960828,37.7949423],[-122.396075,37.7949286],[-122.3960742,37.7949154],[-122.396076,37.7949156],[-122.3960908,37.7949215],[-122.3961019,37.7949335],[-122.396103,37.7949395],[-122.3960978,37.7949402],[-122.3960908,37.794943],[-122.3960888,37.7949446],[-122.3960841,37.7949423]],[[-122.3960796,37.7949422],[-122.3960561,37.7949415],[-122.3960427,37.794946],[-122.3960378,37.7949325],[-122.3960408,37.7949181],[-122.3960599,37.7949142],[-122.3960713,37.7949152],[-122.3960722,37.7949292],[-122.3960796,37.7949422]],[[-122.3960817,37.794953],[-122.3960804,37.7949592],[-122.39608079999999,37.794961],[-122.3960769,37.7949614],[-122.3960557,37.7949569],[-122.3960442,37.7949479],[-122.3960567,37.7949437],[-122.3960832,37.7949445],[-122.3960867,37.7949463],[-122.3960852,37.7949474],[-122.3960817,37.794953]],[[-122.3961335,37.7949249],[-122.396127,37.7949096],[-122.3961258,37.7949081],[-122.396128,37.7949067],[-122.3961434,37.7949026],[-122.3961584,37.7949048],[-122.3961655,37.7949142],[-122.3961668,37.794929],[-122.3961485,37.7949289],[-122.3961312,37.794935],[-122.3961335,37.7949249]],[[-122.3961133,37.7949402],[-122.3961066,37.7949394],[-122.3961055,37.7949343],[-122.3961168,37.7949141],[-122.3961236,37.7949096],[-122.3961244,37.7949106],[-122.3961306,37.7949251],[-122.3961281,37.7949357],[-122.39612,37.7949432],[-122.3961133,37.7949402]],[[-122.3961436,37.7949535],[-122.3961299,37.7949551],[-122.3961295,37.794953],[-122.3961259,37.7949475],[-122.3961238,37.7949458],[-122.3961309,37.7949376],[-122.3961491,37.7949312],[-122.3961659,37.7949312],[-122.3961605,37.7949422],[-122.3961436,37.7949535]],[[-122.3961886,37.7949405],[-122.3961971,37.7949498],[-122.3961854,37.7949657],[-122.3961766,37.7949707],[-122.3961644,37.7949608],[-122.3961455,37.7949552],[-122.3961629,37.7949435],[-122.396169,37.7949312],[-122.3961705,37.7949312],[-122.3961886,37.7949405]],[[-122.3960627,37.7949692],[-122.3960501,37.7949847],[-122.3960499,37.7949872],[-122.3960371,37.7949817],[-122.3960248,37.7949701],[-122.3960334,37.7949552],[-122.3960416,37.7949489],[-122.3960543,37.7949589],[-122.3960743,37.7949632],[-122.3960627,37.7949692]],[[-122.3960817,37.7949653],[-122.3960852,37.7949709],[-122.3960908,37.7949753],[-122.3960916,37.7949757],[-122.3960887,37.7949786],[-122.396071,37.7949864],[-122.3960527,37.7949873],[-122.3960529,37.7949854],[-122.3960648,37.7949708],[-122.3960774,37.7949643],[-122.3960814,37.7949639],[-122.3960817,37.7949653]],[[-122.3960926,37.7950107],[-122.3960875,37.7950009],[-122.3960899,37.794981],[-122.3960943,37.7949768],[-122.3960978,37.7949781],[-122.3961056,37.7949791],[-122.3961118,37.7949783],[-122.3961133,37.7949851],[-122.3961124,37.7949848],[-122.3961059,37.7950004],[-122.3960926,37.7950107]],[[-122.3960739,37.7950169],[-122.3960573,37.7950146],[-122.3960513,37.7950023],[-122.3960525,37.7949896],[-122.3960718,37.7949886],[-122.3960869,37.7949819],[-122.3960846,37.7950012],[-122.3960902,37.7950119],[-122.3960739,37.7950169]],[[-122.3961295,37.7949653],[-122.3961307,37.7949592],[-122.3961305,37.7949582],[-122.3961438,37.7949571],[-122.3961628,37.7949627],[-122.396174,37.7949721],[-122.396157,37.7949756],[-122.396138,37.7949726],[-122.3961284,37.794967],[-122.3961295,37.7949653]],[[-122.3961437,37.7949915],[-122.3961428,37.7950037],[-122.3961285,37.7949984],[-122.396116,37.7949844],[-122.3961146,37.7949777],[-122.3961203,37.7949753],[-122.3961259,37.7949709],[-122.3961264,37.7949701],[-122.3961337,37.7949742],[-122.3961437,37.7949915]],[[-122.3961805,37.7949844],[-122.3961786,37.7949992],[-122.3961646,37.7950055],[-122.3961456,37.7950046],[-122.3961466,37.7949911],[-122.3961372,37.7949748],[-122.3961571,37.7949779],[-122.396175,37.7949741],[-122.3961805,37.7949844]],[[-122.3961266,37.7950002],[-122.396142,37.7950063],[-122.3961347,37.79502],[-122.3961217,37.7950274],[-122.3961087,37.7950235],[-122.3960953,37.7950159],[-122.3960938,37.7950129],[-122.3961084,37.7950017],[-122.3961147,37.7949867],[-122.3961266,37.7950002]]]},"properties":{"sources":[{"property":"","dataset":"OpenStreetMap","license":"ODbL-1.0","record_id":"r3828117@1","update_time":"2025-06-03T23:24:45.000Z","confidence":null,"between":null}],"level":1,"is_underground":false,"has_parts":false,"version":2}},
{"id":"7f4fa3a7-8865-4ade-b02f-58322121409a","type":"Feature","geometry":{"type":"Polygon","coordinates":[[[-122.3961366,37.7938715],[-122.3958208,37.7939101],[-122.3958329,37.7939717],[-122.3956693,37.7940973],[-122.3950536,37.7945703],[-122.3951324,37.7946344],[-122.3952404,37.7947222],[-122.3952865,37.7947165],[-122.3953312,37.794711],[-122.3953792,37.7947051],[-122.3954242,37.7946996],[-122.3954718,37.7946937],[-122.3955153,37.7946884],[-122.3955677,37.7946819],[-122.3956069,37.7946771],[-122.3956574,37.7946709],[-122.3957069,37.7946648],[-122.3957512,37.7946594],[-122.3957911,37.7946545],[-122.395846,37.7946477],[-122.3958859,37.7946428],[-122.3959357,37.7946367],[-122.3960278,37.7946254],[-122.3962737,37.7945952],[-122.3963232,37.7945891],[-122.3963887,37.794581],[-122.3963707,37.7944897],[-122.3964186,37.7944838],[-122.3964016,37.794397],[-122.3963568,37.7944025],[-122.3962502,37.7938577],[-122.396174,37.793867],[-122.3961366,37.7938715]]]},"properties":{"names":{"primary":"Hyatt Regency San Francisco","common":[["ko","하얏트 리젠시 샌프란시스코"]],"rules":null},"sources":[{"property":"","dataset":"OpenStreetMap","license":"ODbL-1.0","record_id":"w28319370@25","update_time":"2024-04-25T09:59:16.000Z","confidence":null,"between":null}],"height":83.0,"is_underground":false,"num_floors":20,"subtype":"commercial","class":"hotel","has_parts":true,"version":1}},
{"id":"2e499422-7406-485b-b02c-80e8442bf9af","type":"Feature","geometry":{"type":"Polygon","coordinates":[[[-122.3938625,37.7964096],[-122.3938893,37.7963941],[-122.3937018,37.7961916],[-122.3936846,37.7961731],[-122.3936664,37.7961534],[-122.3936115,37.7960941],[-122.3935978,37.7960793],[-122.3935266,37.7960025],[-122.3934202,37.7958875],[-122.3933746,37.7958383],[-122.3933621,37.7958248],[-122.3933509,37.7958128],[-122.3933033,37.7957613],[-122.393214,37.7956649],[-122.3932063,37.7956566],[-122.3931257,37.7955695],[-122.3930794,37.7955195],[-122.3930497,37.7954875],[-122.393033,37.7954694],[-122.3928175,37.7952367],[-122.3927607,37.7951753],[-122.3927446,37.7951579],[-122.3927272,37.7951392],[-122.3927048,37.795115],[-122.3926572,37.7950635],[-122.392536,37.7949327],[-122.3925093,37.7949482],[-122.3938625,37.7964096]]]},"properties":{"sources":[{"property":"","dataset":"OpenStreetMap","license":"ODbL-1.0","record_id":"w1189071405@1","update_time":"2023-07-12T03:58:35.000Z","confidence":null,"between":null}],"level":1,"is_underground":false,"subtype":"outbuilding","class":"roof","has_parts":false,"version":1}},
{"id":"68b6339c-54c7-4736-a228-01345e78bcdd","type":"Feature","geometry":{"type":"Polygon","coordinates":[[[-122.3929765,37.7946886],[-122.3929703,37.7946819],[-122.3928591,37.7947456],[-122.3928419,37.7947558],[-122.3928214,37.7947677],[-122.3928023,37.7947788],[-122.3927846,37.7947889],[-122.3927295,37.7948208],[-122.392536,37.7949327],[-122.3926572,37.7950635],[-122.3927048,37.795115],[-122.3927272,37.7951392],[-122.3927446,37.7951579],[-122.3927607,37.7951753],[-122.3928175,37.7952367],[-122.393033,37.7954694],[-122.3930497,37.7954875],[-122.3930794,37.7955195],[-122.3931257,37.7955695],[-122.3932063,37.7956566],[-122.393214,37.7956649],[-122.3933033,37.7957613],[-122.3933509,37.7958128],[-122.3933621,37.7958248],[-122.3933746,37.7958383],[-122.3934202,37.7958875],[-122.3935266,37.7960025],[-122.3935978,37.7960793],[-122.3936115,37.7960941],[-122.3936664,37.7961534],[-122.3936846,37.7961731],[-122.3937018,37.7961916],[-122.3938893,37.7963941],[-122.3941349,37.7962521],[-122.394154,37.796241],[-122.3941742,37.7962294],[-122.3941946,37.7962176],[-122.3942071,37.7962103],[-122.3943231,37.7961433],[-122.3943127,37.7961322],[-122.3941436,37.7959494],[-122.3941173,37.795921],[-122.3937971,37.7955752],[-122.3938787,37.7955279],[-122.3937282,37.7953657],[-122.3935879,37.7952139],[-122.3935062,37.7952612],[-122.3931762,37.7949048],[-122.3931498,37.7948774],[-122.3929765,37.7946886]]]},"properties":{"names":{"primary":"San Francisco Ferry Building","common":[["ko","페리 빌딩"]],"rules":null},"sources":[{"property":"","dataset":"OpenStreetMap","license":"ODbL-1.0","record_id":"w558731934@21","update_time":"2026-05-01T08:51:45.000Z","confidence":null,"between":null}],"height":15.0,"is_underground":false,"subtype":"entertainment","has_parts":true,"version":3}}]}